{"reg":794,"towns":[[[529303,14.68747,49.783882,4],0.09],[[529770,14.99586,49.693104,0],1.03],[[529940,14.796183,49.824883,1],0.64],[[530522,14.436202,49.81429,1],0.7],[[530883,14.89891,49.706428,4],0.01],[[530891,14.519906,49.65232,1],0.37],[[532061,14.61365,49.789406,1],0.36],[[531057,14.086384,49.967305,4],0.02],[[531120,13.862507,49.897991,1],0.45],[[531189,13.902789,49.836078,3],0.06],[[531201,14.045712,49.825363,2],0.12],[[531227,13.970742,49.961069,2],0.16],[[531243,14.050654,49.990829,2],0.33],[[531294,14.074092,50.027467,2],0.11],[[531308,13.836497,49.794246,0],0.91],[[531324,13.856467,49.806602,2],0.08],[[531456,14.149092,49.903811,2],1.7],[[531596,14.001056,49.999065,2],0.09],[[531855,14.033932,49.907174,2],0.21],[[531944,14.12902,49.983443,2],0.35],[[532002,13.860599,49.842798,1],0.4],[[532011,13.977574,49.912178,3],0.1],[[532029,13.897457,49.875844,2],0.09],[[533203,14.034561,49.949911,3],0.06],[[533335,13.996335,49.83232,1],1.25],[[532053,14.106846,50.141799,5],0.04],[[532142,14.014265,50.067851,1],0.22],[[532185,14.154895,50.179896,1],0.28],[[532207,14.202603,50.301245,1],0.76],[[532223,14.04793,50.119102,2],0.13],[[532452,14.0182,50.127079,2],0.11],[[532576,14.05469,50.168293,3],0.07],[[532819,14.087044,50.230562,4],0.02],[[532983,13.991262,50.138132,3],0.07],[[533017,14.130183,50.085455,3],0.04],[[533050,14.091171,50.175951,2],0.76],[[533149,14.005859,50.099975,1],0.24],[[535095,14.239126,50.327578,0],1.51],[[571601,14.016452,50.235701,1],0.6],[[599433,14.15064,50.062028,1],0.37],[[533165,15.202828,50.027429,5],0.05],[[533475,15.258007,49.984575,1],5.97],[[533505,15.126048,49.99764,1],0.64],[[533599,15.206086,50.004771,1],0.28],[[533637,15.151007,50.010493,1],0.98],[[533807,15.358462,50.042117,2],0.1],[[533866,14.914611,50.031106,2],0.22],[[533921,15.030686,49.954806,2],0.11],[[537641,15.030275,50.090527,3],0.13],[[537705,14.918285,50.108165,2],0.13],[[599450,15.255089,49.974214,0],9.67],[[530956,15.248583,49.85525,0],1.21],[[531197,15.295206,49.985096,1],1.2],[[533955,15.268754,49.952531,4],0.15],[[534005,15.390894,49.910995,4],0.1],[[534013,15.218931,49.840116,1],0.42],[[534188,15.224443,49.911117,2],0.19],[[534340,15.102485,49.882642,1],0.59],[[534633,15.106164,49.740205,3],0.04],[[571741,15.313026,49.869804,0],1.2],[[531936,14.525934,50.467953,0],1.05],[[534676,14.481881,50.354002,4],0.02],[[534790,14.390039,50.424505,2],0.19],[[534820,14.449384,50.289218,1],0.5],[[534846,14.342788,50.232842,1],0.46],[[534935,14.585628,50.226634,3],0.24],[[534951,14.310745,50.241745,4],0.03],[[535028,14.400326,50.321488,2],0.17],[[535052,14.632611,50.438194,2],0.14],[[535061,14.5909,50.390406,1],1.1],[[535087,14.517703,50.259361,4],0.02],[[535214,14.565624,50.384262,1],0.46],[[535222,14.554222,50.269904,2],0.1],[[535273,14.328679,50.270563,2],0.31],[[535290,14.375238,50.296287,1],0.32],[[535311,14.342686,50.290915,1],0.65],[[535397,14.464874,50.423837,1],0.44],[[529613,14.893781,50.453507,1],0.51],[[535419,14.908538,50.413525,5],0.05],[[535427,14.941596,50.482406,3],0.08],[[535443,14.80429,50.501314,3],0.09],[[535451,14.824612,50.289261,3],0.06],[[535478,14.795726,50.367388,1],0.24],[[535486,14.889523,50.475882,1],0.57],[[535656,15.054223,50.420201,1],0.51],[[535672,14.962439,50.369427,3],0.06],[[535818,14.856169,50.327164,1],0.41],[[535834,14.926231,50.543257,0],0.89],[[535931,14.801624,50.337534,2],0.24],[[535966,15.01488,50.324168,1],0.45],[[536024,14.944829,50.523509,1],0.26],[[536041,15.038396,50.489274,2],0.21],[[536491,14.781377,50.25558,1],0.31],[[536709,14.889289,50.351613,1],1.35],[[536971,15.080449,50.543762,2],0.26],[[536989,15.036019,50.374263,1],0.57],[[537004,15.04376,50.185682,4],0.02],[[537128,15.202652,50.245776,1],0.25],[[537179,14.935157,50.165593,1],0.33],[[537314,15.024308,50.129367,1],0.23],[[537438,15.178306,50.126874,2],0.15],[[537454,14.832919,50.201532,3],0.04],[[537501,14.888739,50.226061,4],0.09],[[537667,15.001364,50.164646,1],0.43],[[537683,15.118988,50.142525,4],0.04],[[537772,15.247746,50.124752,1],0.41],[[537853,14.959345,50.23368,1],0.43],[[551481,15.344934,50.173997,0],1.2],[[599581,14.836959,50.252532,0],5.91],[[505781,14.680157,50.1651,1],0.62],[[533718,14.846268,49.897765,2],0.14],[[538094,14.659344,50.186426,4],0.02],[[538132,14.751089,50.162803,4],0.1],[[538141,14.583719,50.002617,1],0.28],[[538230,14.517993,50.178764,2],0.09],[[538329,14.434551,50.202124,1],0.75],[[538442,14.493682,50.192079,3],0.26],[[538451,14.761849,49.982366,2],0.18],[[538469,14.37903,50.208722,1],0.51],[[538493,14.709175,49.936117,3],0.05],[[538515,14.551084,50.203151,2],0.35],[[538523,14.741654,49.991254,3],0.08],[[538540,14.730041,50.130663,3],0.1],[[538574,14.410889,50.233515,3],0.11],[[538582,14.78431,49.904717,2],0.13],[[538671,14.575506,50.155303,2],0.15],[[538728,14.654376,49.991778,4],0.06],[[538876,14.681812,50.10852,3],0.06],[[538914,14.716112,50.16937,2],0.48],[[538957,14.730945,50.073837,3],0.12],[[539058,14.451284,50.168096,3],0.13],[[539066,14.660805,50.133721,3],0.07],[[564982,14.684222,50.057363,2],0.14],[[531723,14.234454,50.035128,3],0.08],[[532789,14.166076,50.05287,1],0.24],[[539139,14.319902,49.960184,3],0.08],[[539163,14.400478,49.89228,2],0.11],[[539198,14.274802,49.927597,3],0.1],[[539210,14.458611,49.963314,3],0.05],[[539228,14.292949,50.203189,2],0.13],[[539236,14.338894,50.131831,3],0.12],[[539244,14.25867,50.081679,3],0.02],[[539309,14.227054,50.060826,3],0.1],[[539325,14.513602,49.968246,3],0.02],[[539414,14.362784,50.199129,3],0.06],[[539511,14.447417,49.918924,1],0.29],[[539643,14.235875,49.914064,3],0.16],[[539708,14.234301,50.132287,2],0.18],[[539732,14.405534,49.851197,2],0.1],[[539759,14.291274,49.972514,2],0.14],[[539775,14.32199,50.19134,1],0.28],[[539805,14.354207,50.150214,1],0.29],[[539881,14.480805,49.960627,2],0.16],[[540765,14.261865,49.866601,3],0.07],[[571326,14.284353,50.152863,1],0.51],[[571351,14.335349,50.16146,1],0.25],[[599735,14.411028,49.904148,2],0.39],[[539911,13.999045,49.685532,5],0.04],[[539970,14.279808,49.735072,1],0.53],[[539988,13.999043,49.740519,1],0.64],[[540013,13.950734,49.557739,3],0.12],[[540072,14.00086,49.777803,1],0.5],[[540111,14.167273,49.781238,3],0.06],[[540323,14.352585,49.770587,1],0.91],[[540404,13.978781,49.786343,2],0.1],[[540757,14.046103,49.632028,2],0.09],[[540781,14.25023,49.795772,1],0.27],[[540811,14.23414,49.698546,1],0.25],[[540935,13.947414,49.716261,2],0.14],[[541010,14.159939,49.717747,0],0.81],[[541231,13.865835,49.601864,3],0.04],[[541281,14.426744,49.660677,3],0.02],[[541397,14.311096,49.636938,1],0.35],[[541583,13.948497,49.63432,1],0.52],[[598381,14.07934,49.695809,1],2.74],[[598429,14.012935,49.71355,1],0.45],[[541656,13.739762,50.106223,4],0.03],[[541877,13.637213,50.146689,2],0.23],[[541893,13.610387,50.139748,1],0.81],[[542105,13.898432,50.205291,1],0.52],[[542130,13.688009,50.179666,1],1.16],[[542164,13.900538,50.152823,3],0.07],[[542202,13.549003,50.111647,1],0.97],[[542474,13.631307,50.087735,1],0.42],[[542512,13.863591,50.185105,1],2.42],[[542563,13.847293,50.03466,1],0.71],[[542601,13.620408,50.056797,1],0.68],[[565181,13.554483,50.171283,0],2.89],[[561380,14.539799,50.67862,5],0.17],[[561398,14.722084,50.533742,1],0.73],[[561479,14.633019,50.777293,3],0.05],[[561606,14.404106,50.704219,1],0.29],[[561860,14.555664,50.757714,4],0.5],[[562017,14.80363,50.58629,2],0.17],[[562076,14.532396,50.655151,1],0.52],[[562092,14.801127,50.702903,3],0.75],[[562114,14.428717,50.632379,1],0.71],[[562262,14.645335,50.684854,3],0.43],[[563510,15.170414,50.722153,5],0.11],[[563552,15.313862,50.75481,3],0.44],[[563595,15.169244,50.772141,2],0.31],[[563706,15.195534,50.646408,2],0.14],[[563757,15.317471,50.703338,2],0.63],[[563790,15.149898,50.683891,3],0.07],[[563811,15.246502,50.738301,3],0.25],[[563820,15.307982,50.737629,3],0.73],[[563838,15.315498,50.713834,3],0.08],[[563846,15.311826,50.664974,0],1.31],[[563854,15.27004,50.697784,1],0.2],[[563871,15.254186,50.64284,3],0.06],[[544345,15.017139,50.701762,1],0.56],[[544477,15.026936,50.791093,