{"reg":2,"towns":[[[500054,14.4379,50.075638,5],0.02],[[500089,14.4379,50.075638,5],0.02],[[500097,14.4379,50.075638,5],0.03],[[500119,14.4379,50.075638,6],0.02],[[500143,14.4379,50.075638,5],0.02],[[500178,14.4379,50.075638,6],0.02],[[500186,14.4379,50.075638,5],0.05],[[500208,14.4379,50.075638,6],0.03],[[500216,14.4379,50.075638,5],0.02],[[500224,14.4379,50.075638,6],0.04],[[538353,14.4379,50.075638,2],0.23],[[539694,14.4379,50.075638,5],0.05],[[539864,14.4379,50.075638,3],0.04],[[547034,14.4379,50.075638,5],0.02],[[547107,14.4379,50.075638,5],0.01],[[547174,14.4379,50.075638,4],0.02],[[547271,14.4379,50.075638,3],0.16],[[547301,14.4379,50.075638,3],0.09],[[547310,14.4379,50.075638,4],0.05],[[547344,14.4379,50.075638,3],0.06],[[547361,14.4379,50.075638,5],0.01],[[547417,14.4379,50.075638,4],0.03],[[554782,14.4379,50.075638,7],0.02],[[529303,14.68747,49.783882,4],0.03],[[529451,14.667506,49.732235,3],0.11],[[529516,14.703093,49.853032,3],0.16],[[529974,14.477553,49.844913,1],0.98],[[530816,15.013668,49.711576,2],0.4],[[530883,14.89891,49.706428,4],0.04],[[532568,15.129249,49.675666,0],1.45],[[534382,14.896842,49.871745,3],0.25],[[531057,14.086384,49.967305,4],0.03],[[531456,14.149092,49.903811,2],0.53],[[531472,13.981372,49.853286,2],0.47],[[531901,13.837576,49.831356,1],0.54],[[532029,13.897457,49.875844,2],0.22],[[532053,14.106846,50.141799,5],0.04],[[532142,14.014265,50.067851,1],0.49],[[532169,14.189083,50.156043,3],0.17],[[532223,14.04793,50.119102,2],0.27],[[532452,14.0182,50.127079,2],0.25],[[532576,14.05469,50.168293,3],0.2],[[532819,14.087044,50.230562,4],0.06],[[532835,14.040474,50.188542,2],0.31],[[532967,13.990901,50.269721,0],2],[[533025,14.069904,50.109746,2],0.23],[[533165,15.202828,50.027429,5],0.03],[[533173,14.969206,49.944355,0],1.61],[[533271,14.860919,50.074304,3],0.07],[[533424,14.977137,50.003158,2],0.48],[[533700,15.293985,50.009872,2],0.35],[[533891,14.992861,50.050307,1],1.23],[[531341,15.413523,49.889628,1],1.39],[[533955,15.268754,49.952531,4],0.02],[[533998,15.335153,49.945703,2],0.4],[[534498,15.06492,49.880291,3],0.18],[[534587,15.472535,49.921633,3],0.19],[[534676,14.481881,50.354002,4],0.05],[[534951,14.310745,50.241745,4],0.03],[[535117,14.308286,50.312898,2],0.48],[[535222,14.554222,50.269904,2],0.3],[[535419,14.908538,50.413525,5],0.04],[[535427,14.941596,50.482406,3],0.18],[[535443,14.80429,50.501314,3],0.1],[[535567,15.032901,50.548647,1],2.04],[[535672,14.962439,50.369427,3],0.13],[[536008,14.777464,50.445203,1],0.63],[[536024,14.944829,50.523509,1],0.66],[[536326,14.972104,50.527029,3],0.15],[[570788,14.910293,50.451452,2],0.31],[[537004,15.04376,50.185682,4],0.06],[[537357,14.856029,50.10777,2],0.41],[[537616,15.084104,50.240157,1],0.85],[[537756,15.169724,50.304864,2],0.39],[[537837,14.799247,50.224749,1],0.97],[[533416,14.859324,49.994137,3],0.13],[[534960,14.629558,50.229642,1],1.59],[[538132,14.751089,50.162803,4],0.04],[[538426,14.671607,49.936652,2],0.34],[[538451,14.761849,49.982366,2],0.75],[[538574,14.410889,50.233515,3],0.07],[[538752,14.718199,49.895504,2],0.31],[[538981,14.63945,49.922621,3],0.19],[[532991,14.186328,50.043449,2],0.72],[[539139,14.319902,49.960184,3],0.05],[[539198,14.274802,49.927597,3],0.09],[[539252,14.407963,49.870321,2],0.23],[[539627,14.397712,50.158516,3],0.17],[[539805,14.354207,50.150214,1],0.5],[[539813,14.314579,50.160605,3],0.32],[[539911,13.999045,49.685532,5],0.04],[[540111,14.167273,49.781238,3],0.05],[[540781,14.25023,49.795772,1],1.63],[[541281,14.426744,49.660677,3],0.12],[[541567,13.899074,49.622726,1],1.22],[[598381,14.07934,49.695809,1],0.38],[[542041,13.770152,50.123876,2],0.26],[[542164,13.900538,50.152823,3],0.09],[[542610,13.920468,50.0419,1],0.83],[[535575,14.334947,48.948248,0],2.22],[[544256,14.480355,48.975758,5],0.02],[[544442,14.360478,48.976295,2],0.3],[[544736,14.618133,48.932311,2],0.18],[[544779,14.608479,49.016073,3],0.11],[[544817,14.69925,48.940569,1],1.35],[[545023,14.615065,48.797949,1],1.18],[[545121,14.572298,49.100158,2],0.31],[[545171,14.639338,48.842418,3],0.1],[[545228,14.453933,48.923831,2],0.49],[[545287,14.35799,49.217064,2],0.43],[[545341,14.366234,49.066188,3],0.25],[[536300,14.409159,48.77629,0],4],[[545414,14.556987,48.790089,1],0.53],[[545490,14.321188,48.890096,2],0.36],[[545601,14.257565,48.620292,2],0.44],[[545716,14.16459,48.631244,0],2.22],[[545848,14.311919,48.616082,3],0.45],[[546089,14.963775,48.768608,3],0.22],[[561088,14.937708,49.051469,1],1.39],[[562386,14.913529,48.949506,1],1.33],[[562653,14.703419,49.136634,0],4.35],[[549240,14.158129,49.303554,5],0.06],[[549363,14.048531,49.29535,1],0.85],[[549452,14.427673,49.52356,2],0.49],[[549576,14.360109,49.450998,3],0.05],[[550337,13.57968,49.019358,0],2.08],[[550540,14.055317,49.084131,2],0.38],[[536415,14.029485,49.15838,0],6.67],[[550787,13.910408,49.260504,4],0.04],[[550906,14.029493,49.215169,1],1.63],[[551660,13.930344,49.31645,2],0.38],[[549631,14.479339,49.502815,1],0.63],[[552046,14.677566,49.413089,5],0.01],[[552054,14.468202,49.295336,3],0.07],[[552828,14.701577,49.354541,3],0.12],[[553441,12.717718,49.591261,2],0.36],[[553671,12.944527,49.530286,3],0.11],[[553816,13.108876,49.486895,1],0.51],[[553824,13.002193,49.402659,2],0.83],[[553913,12.880927,49.505676,2],1.3],[[554316,12.913028,49.414854,0],1.39],[[566098,12.99704,49.615661,0],2.86],[[555771,13.295194,49.395655,4],0.04],[[556912,13.632835,49.373007,1],0.55],[[556955,13.471166,49.390036,2],0.26],[[557366,13.389852,49.265299,1],0.44],[[545970,13.373737,49.738531,5],0.02],[[546003,13.373737,49.738531,5],0.03],[[554791,13.373737,49.738531,6],0.02],[[558966,13.49369,49.793305,2],0.21],[[540251,13.47254,49.557261,0],3.45],[[542296,13.316677,49.531654,0],1.45],[[557587,13.540199,49.582303,3],0.11],[[557676,13.293177,49.654933,3],0.09],[[557781,13.313337,49.632666,2],0.2],[[558052,13.605014,49.469232,1],1.65],[[558249,13.333607,49.573091,3],0.07],[[578568,13.654594,49.488923,0],5],[[559008,13.383058,49.893239,3],0.14],[[559091,13.055063,49.926348,0],2.7],[[559105,13.075914,49.874423,0],2.22],[[559300,13.204705,49.712816,3],0.08],[[559491,13.235453,49.724362,3],0.18],[[559679,13.419093,49.8031,3],0.14],[[578771,13.476248,49.930488,0],3.23],[[559733,13.596901,49.807642,1],1.45],[[559776,13.686921,49.715763,2],0.34],[[559806,13.643448,49.889578,1],0.8],[[559814,13.692566,49.776089,2],0.57],[[559997,13.658174,49.68793,2],0.2],[[541435,13.015482,49.791701,0],2.5],[[541559,12.736709,49.808767,0],5.88],[[561151,12.673772,49.674989,2],0.43],[[561215,13.004203,49.753048,3],0.07],[[579467,12.990454,49.657074,0],4],[[554499,12.195113,50.223983,4],0.06],[[554545,12.272617,50.156457,2],0.57],[[554961,12.872062,50.231952,5],0.02],[[554995,12.838429,50.083561,1],0.54],[[555185,12.871918,50.309508,2],2.99],[[555207,13.249179,50.104736,1],0.66],[[555380,12.729474,50.322529,3],0.16],[[555428,12.939183,50.306035,4],0.03],[[555762,13.163084,50.092028,2],0.25],[[560286,12.659992,50.174629,4],0.05],[[560472,12.517588,50.323835,3],0.19],[[560502,12.552602,50.128978,1],0.93],[[560600,12.573526,50.29638,3],0.22],[[545783,14.293376,50.769646,1],1.37],[[562335,14.212861,50.772656,5],0.04],[[562513,14.242617,50.87451,1],3.13],[[562661,14.360332,51.011146,1],1.87],[[562777,14.555255,50.953525,4],0.05],[[562882,14.618348,50.911648,4],0.07],[[562921,14.301255,50.661245,2],0.78],[[562971,13.410837,50.463598,5],0.05],[[563099,13.448885,50.500627,4],0.04],[[564567,14.130646,50.53852,4],0.06],[[565024,14.006583,50.43154,1],0.9],[[565105,14.284017,50.613935,0],2.27],[[565121,14.289175,50.568962,2],0.42],[[565164,14.044498,50.406368,3],0.13],[[565172,14.229354,50.477022,1],0.8],[[565229,14.051142,50.515143,3],0.11],[[565318,14.127166,50.362321,2],0.27],[[565555,14.260565,50.425305,4],0.07],[[565776,13.899372,50.45817,1],0.47],[[565971,13.803455,50.354081,4],0.03],[[566152,13.729627,50.234257,1],1.57],[[566438,13.313301,50.132182,2],0.25],[[566918,13.822865,50.265764,0],1.82],[[566985,13.545886,50.327276,4],0.03],[[567027,13.633012,50.501655,5],