{"reg":154,"towns":[[[500054,14.4379,50.075638,5],0.01],[[500089,14.4379,50.075638,5],0.01],[[500097,14.4379,50.075638,5],0.01],[[500119,14.4379,50.075638,6],0.01],[[500143,14.4379,50.075638,5],0],[[500178,14.4379,50.075638,6],0.01],[[500186,14.4379,50.075638,5],0.01],[[500208,14.4379,50.075638,6],0.01],[[500224,14.4379,50.075638,6],0.01],[[538175,14.4379,50.075638,2],0.17],[[538213,14.4379,50.075638,4],0.03],[[539601,14.4379,50.075638,3],0.05],[[539694,14.4379,50.075638,5],0.02],[[547034,14.4379,50.075638,5],0.02],[[547107,14.4379,50.075638,5],0.02],[[547344,14.4379,50.075638,3],0.07],[[547361,14.4379,50.075638,5],0.01],[[547387,14.4379,50.075638,5],0.01],[[554782,14.4379,50.075638,7],0.01],[[529303,14.68747,49.783882,4],0.03],[[529621,14.875895,49.788592,2],0.31],[[529842,14.730847,49.653039,1],0.51],[[532258,14.850678,49.783034,0],6.25],[[531243,14.050654,49.990829,2],0.28],[[531464,14.157959,49.994962,2],0.26],[[534048,14.10473,49.857297,1],1.14],[[532053,14.106846,50.141799,5],0.02],[[532495,14.22351,50.198872,1],1.04],[[532983,13.991262,50.138132,3],0.16],[[533041,14.236266,50.281619,3],0.15],[[571431,13.995897,50.308192,0],1.69],[[533475,15.258007,49.984575,1],3.77],[[533700,15.293985,50.009872,2],0.3],[[533955,15.268754,49.952531,4],0.02],[[531561,14.517383,50.295483,1],1.45],[[534676,14.481881,50.354002,4],0.17],[[534765,14.450352,50.393236,2],0.45],[[535028,14.400326,50.321488,2],0.36],[[535265,14.515362,50.345385,2],0.55],[[535273,14.328679,50.270563,2],0.24],[[535338,14.538285,50.412655,1],0.63],[[535451,14.824612,50.289261,3],0.07],[[535672,14.962439,50.369427,3],0.13],[[535818,14.856169,50.327164,1],0.96],[[535834,14.926231,50.543257,0],1.96],[[536041,15.038396,50.489274,2],0.55],[[536270,14.93678,50.323059,2],0.47],[[537373,15.070901,50.169567,1],0.67],[[538728,14.654376,49.991778,4],0.03],[[538957,14.730945,50.073837,3],0.07],[[599719,14.730399,49.981597,1],1.19],[[539244,14.25867,50.081679,3],0.08],[[539325,14.513602,49.968246,3],0.11],[[539333,14.493434,49.895549,3],0.12],[[540765,14.261865,49.866601,3],0.2],[[539911,13.999045,49.685532,5],0.05],[[540013,13.950734,49.557739,3],0.16],[[540439,14.253549,49.639124,1],0.49],[[540901,14.293661,49.788108,2],0.25],[[598411,13.980642,49.714255,1],0.88],[[541656,13.739762,50.106223,4],0.03],[[541877,13.637213,50.146689,2],0.49],[[542041,13.770152,50.123876,2],0.21],[[542164,13.900538,50.152823,3],0.1],[[535800,14.543731,49.019769,1],0.95],[[544256,14.480355,48.975758,5],0.03],[[544639,14.726899,48.889587,1],0.45],[[544736,14.618133,48.932311,2],0.18],[[545554,14.258692,48.810921,2],0.5],[[545864,14.369638,48.854873,1],0.58],[[545881,15.006239,49.144582,4],0.04],[[546364,15.042397,49.104515,1],1.09],[[546615,15.190385,49.12129,2],0.27],[[546801,15.072705,49.239453,2],0.44],[[547263,15.286981,49.185258,2],0.17],[[547336,14.764232,49.003615,3],0.05],[[549339,14.069328,49.465681,1],0.52],[[562068,14.05466,49.471321,0],1.72],[[550663,13.958519,49.081457,2],0.33],[[551970,13.886339,49.165886,3],0.15],[[552046,14.677566,49.413089,5],0.02],[[552208,14.844867,49.242967,1],0.81],[[553425,12.931243,49.439803,4],0.04],[[553671,12.944527,49.530286,3],0.12],[[554294,13.06931,49.553835,3],0.14],[[556041,13.171052,49.27441,1],0.68],[[556335,13.717463,49.405001,1],0.75],[[556831,13.143639,49.293979,3],0.1],[[557005,13.354485,49.447575,1],0.52],[[546003,13.373737,49.738531,5],0.02],[[554791,13.373737,49.738531,6],0.01],[[539821,13.32708,49.612427,1],1.12],[[539937,13.431498,49.510567,0],1.85],[[557846,0,0,0],0.64],[[558052,13.605014,49.469232,1],0.85],[[558389,13.164846,49.639199,3],0.15],[[558656,13.059113,49.995118,1],0.87],[[558851,0,0,0],0.32],[[559075,13.487584,49.982024,3],0.13],[[559717,13.592993,49.738197,4],0.03],[[559750,13.534766,49.795629,1],0.55],[[560014,13.734722,49.789152,2],0.28],[[560162,13.757656,49.735624,3],0.19],[[560251,13.623155,49.776171,2],0.37],[[579084,13.622053,49.655921,0],3.03],[[538922,12.487772,50.062566,1],2.7],[[554481,12.369964,50.079633,5],0.02],[[554677,12.787043,50.03698,1],1.69],[[554740,12.34681,50.220815,2],0.33],[[554961,12.872062,50.231952,5],0.03],[[538434,12.625358,50.192341,2],0.34],[[560286,12.659992,50.174629,4],0.02],[[560316,12.572766,50.166437,2],0.6],[[560324,12.61344,50.162671,1],0.9],[[560367,12.807697,50.138742,3],0.11],[[560421,12.504505,50.14885,1],1.14],[[560499,12.530388,50.119038,3],0.11],[[560588,12.558884,50.251243,2],0.38],[[560600,12.573526,50.29638,3],0.2],[[545929,14.340721,50.762175,1],1.23],[[562335,14.212861,50.772656,5],0.03],[[562394,14.417784,50.797908,3],0.09],[[562751,14.363794,50.965179,2],0.27],[[562777,14.555255,50.953525,4],0.16],[[562971,13.410837,50.463598,5],0.01],[[563099,13.448885,50.500627,4],0.11],[[563102,13.271422,50.376092,4],0.04],[[563129,13.171393,50.384561,4],0.09],[[564567,14.130646,50.53852,4],0.06],[[564621,14.145512,50.453763,2],0.41],[[565148,14.342424,50.392532,1],0.87],[[565164,14.044498,50.406368,3],0.12],[[565172,14.229354,50.477022,1],0.96],[[565415,13.948396,50.472089,1],0.36],[[565555,14.260565,50.425305,4],0.03],[[546011,13.747256,50.320403,1],0.6],[[565971,13.803455,50.354081,4],0.03],[[566187,13.563098,50.277534,1],0.94],[[566551,13.959969,50.342609,2],0.16],[[566853,13.662622,50.28475,1],0.61],[[566985,13.545886,50.327276,4],0.03],[[567027,13.633012,50.501655,5],0.02],[[567256,13.610342,50.598526,4],0.08],[[567353,13.652795,50.444544,0],2.47],[[567442,13.835384,50.644558,5],0.04],[[567507,13.788947,50.681139,3],0.14],[[567515,13.746322,50.603871,3],0.07],[[567884,13.965364,50.585066,0],4.17],[[554804,14.053246,50.661216,5],0.01],[[568015,13.939752,50.699825,3],0.14],[[561835,14.724956,50.655768,3],0.1],[[562092,14.801127,50.702903,3],0.32],[[562262,14.645335,50.684854,3],0.2],[[563510,15.170414,50.722153,5],0.04],[[563820,15.307982,50.737629,3],0.08],[[563889,15.054439,50.76638,6],0.01],[[564427,14.986005,50.711344,1],0.4],[[577308,15.373517,50.530724,3],0.14],[[577456,15.448787,50.729228,3],0.13],[[577626,15.156909,50.587385,4],0.03],[[569810,15.825311,50.210461,5],0.01],[[569968,15.641146,50.147821,1],0.72],[[570087,15.511631,50.226124,1],0.97],[[570109,15.460363,50.154506,3],0.16],[[570494,15.495214,50.147769,1],1.18],[[573965,16.093,50.476361,3],0.04],[[574082,16.181777,50.480164,3],0.12],[[574465,16.158279,50.534022,1],0.56],[[574694,16.227922,50.469046,1],0.57],[[574708,16.05755,50.430501,1],2],[[576131,16.093365,50.09787,2],0.24],[[576263,16.263866,50.269855,1],0.4],[[576689,16.106634,50.235959,1],0.98],[[576832,16.204241,50.16845,1],1.54],[[576883,16.290779,50.117657,3],0.09],[[576956,16.069446,50.119855,1],1.01],[[579041,16.03674,50.517692,1],0.45],[[579203,15.814127,50.43182,4],0.06],[[579211,15.908701,50.487956,1],0.51],[[579548,15.833588,50.606524,2],0.27],[[571164,15.795158,49.949824,4],0.02],[[571393,15.907661,49.762231,3],0.13],[[572101,16.038455,49.831724,1],0.9],[[572268,15.813873,49.921196,3],0.11],[[555134,15.781299,50.034409,5],0.04],[[575313,15.568989,49.98787,1],1.72],[[578347,16.311162,49.870623,4],0.04],[[579947,16.285384,50.002042,2],0.24],[[580015,16.742787,50.040389,3],0.15],[[580031,16.447385,49.901982,4],0.08],[[580091,16.133921,50.002605,1],0.71],[[580376,16.600698,50.029734,3],0.12],[[580481,16.760646,50.083939,3],0.1],[[580511,16.612597,49.912141,4],0.05],[[580741,16.281865,49.989464,0],1.52],[[536148,17.002821,50.390868,3],0.38],[[536385,17.198147,50.224725,4],0.03],[[500496,17.250979,49.593878,6],0],[[503142,17.394675,49.70927,1],1.19],[[504785,17.222863,49.796542,2],0.46],[[505111,17.100026,49.561652,2],0.32],[[568872,17.254067,49.518462,1],0.44],[[589250,17.106851,49.472549,5],0.02],[[589667,17.001558,49.446019,1],0.69],[[589837,17.063785,49.363049,1],1.27],[[590029,17.107084,49.505793,2],0.27],[[511382,17.45033,49.456579,5],0.01],[[514471,17.462787,49.524536,1],0.86],[[514705,17.586743,49.526832,3],0.12],[[517101,17.651843,49.637025,2],0.48],[[523704,16.971875,49.977941,5],0.02],[[525979,16.882039,49.953611,1],0.61],[[540501,17.03201,49.942722,3],0.39],[[540609,