{"reg":103,"towns":[[[514276,14.719254,50.680046,1],2.81],[[530387,14.59215,50.753003,0],4.25,4.87,-0.62],[[546232,14.45693,50.655449,0],1.88,2.27,-0.39],[[546259,14.486766,50.655024,0],2.7,1.69,1.01],[[546267,14.467408,50.536579,1],1.12,4.68,-3.56],[[561380,14.539799,50.67862,5],1.19,6.91,-5.72],[[561398,14.722084,50.533742,1],1.16,2.7,-1.54],[[561410,14.396598,50.608503,1],1.8],[[561444,14.703495,50.729288,2],0.92,1.09,-0.17],[[561479,14.633019,50.777293,3],0.69,2.43,-1.74],[[561495,14.654377,50.565945,3],1.42,1.52,-0.1],[[561533,14.540343,50.540444,2],1.87,0.79,1.08],[[561541,14.808823,50.726074,1],13.97,3.1,10.87],[[561584,14.493073,50.618099,1],0.86,8.42,-7.56],[[561592,14.493538,50.712584,1],0.94,3.55,-2.61],[[561665,14.584657,50.608694,1],1.14,1.18,-0.04],[[561681,14.472979,50.773693,3],0.87,1.59,-0.72],[[561720,14.392521,50.632503,1],2.64,6.52,-3.88],[[561738,14.701621,50.828174,0],2.12,2,0.12],[[561746,14.678722,50.768777,1],1.47,1.19,0.28],[[561827,14.678659,50.807507,1],4.76,1.06,3.7],[[561835,14.724956,50.655768,3],4.41,2.84,1.57],[[561851,14.746964,50.692151,1],6.17,1.11,5.06],[[561860,14.555664,50.757714,4],1.6,8.78,-7.18],[[561878,14.442254,50.765514,1],0.49,1.25,-0.76],[[561894,14.527685,50.766932,1],1.02,2.25,-1.23],[[561983,14.601372,50.617925,1],1.07,3.33,-2.26],[[562017,14.80363,50.58629,2],0.78,2.82,-2.04],[[562050,14.588922,50.739037,1],0.52,7.73,-7.21],[[562092,14.801127,50.702903,3],2.46,1.78,0.68],[[562106,14.450096,50.696974,1],0.67,36.07,-35.4],[[562131,14.596917,50.7919,1],0.48,0.57,-0.09],[[562246,14.524708,50.634208,1],2.25,1.36,0.89],[[562262,14.645335,50.684854,3],1.27,3.97,-2.7],[[562297,14.396344,50.714039,2],0.21,8.28,-8.07],[[530425,15.184679,50.681858,0],2.98],[[546577,15.167986,50.675488,1],2.65,6.14,-3.49],[[563510,15.170414,50.722153,5],1.91,3.17,-1.26],[[563536,15.142571,50.791188,1],1.65,2.27,-0.62],[[563552,15.313862,50.75481,3],0.48,0.89,-0.41],[[563579,15.158867,50.652357,1],1.81,0.99,0.82],[[563595,15.169244,50.772141,2],1.28,1.81,-0.53],[[563609,15.136637,50.627796,2],1.79,2.07,-0.28],[[563633,15.231574,50.782016,1],2.56,0.66,1.9],[[563641,15.228332,50.62476,2],1.77,1.48,0.29],[[563668,15.365424,50.759359,1],1.73,1.17,0.56],[[563676,15.212313,50.64567,1],1.16],[[563684,15.2678,50.679747,0],1.04,0.95,0.09],[[563692,15.220572,50.741456,2],1.72,0.81,0.91],[[563706,15.195534,50.646408,2],1.57,2.63,-1.06],[[563714,15.198577,50.696455,1],3.12],[[563731,15.214758,50.72524,1],0.5,3,-2.5],[[563749,15.236038,50.687791,2],3.27,1.69,1.58],[[563781,15.115859,50.698552,1],1.93,2.26,-0.33],[[563790,15.149898,50.683891,3],2.29,2.46,-0.17],[[563811,15.246502,50.738301,3],1.46,1.64,-0.18],[[563820,15.307982,50.737629,3],0.82,1.54,-0.72],[[563838,15.315498,50.713834,3],0.68,1.44,-0.76],[[563854,15.27004,50.697784,1],0.31,0.27,0.04],[[563862,15.353616,50.708647,1],0.58,0.54,0.04],[[563871,15.254186,50.64284,3],0.81,0.41,0.4],[[530433,15.026152,50.921515,1],0.59,5.03,-4.44],[[530468,15.075978,50.711714,1],12.31,11.33,0.98],[[530484,15.09393,50.699666,1],6.47,8.75,-2.28],[[544345,15.017139,50.701762,1],1.91,0.63,1.28],[[544477,15.026936,50.791093,2],3.53,9.05,-5.52],[[544531,15.100281,50.592605,1],1.6,2.98,-1.38],[[544582,15.082181,50.626455,1],2.17,2.22,-0.05],[[544604,15.111598,50.640548,0],1.61],[[545937,15.109852,50.601,0],1.23,1.29,-0.06],[[545953,15.113636,50.619335,1],4.37,4.23,0.14],[[545996,15.050573,51.004564,1],3.9,0.88,3.02],[[546593,15.001175,50.831607,1],23.77,25.74,-1.97],[[546607,15.036676,50.892748,1],2.65,1.14,1.51],[[546631,15.222203,50.873842,1],0.7,0.68,0.02],[[546658,14.940408,50.704656,0],3.17,2.04,1.13],[[561631,14.760633,50.765382,3],0.96,2.4,-1.44],[[561657,14.824344,50.762974,0],4.65],[[563889,15.054439,50.76638,6],3.21,14.15,-10.94],[[563901,15.035522,50.664931,1],8.49,3.86,4.63],[[563919,14.924507,50.823246,1],1.17,1.9,-0.73],[[563935,15.12367,50.971244,1],1.82,0.46,1.36],[[563943,14.917705,50.644523,0],4,1.85,2.15],[[563960,14.996287,50.661116,3],29.46,2.04,27.42],[[563994,15.168786,50.945787,1],2.94,5.05,-2.11],[[564028,15.079851,50.921496,3],3.98,3.08,0.9],[[564044,15.181785,50.877301,3],3.4,4.09,-0.69],[[564052,14.926704,50.631998,0],11.34],[[564061,15.08996,50.665963,3],5.34,3.01,2.33],[[564079,15.201599,50.965564,0],2.63],[[564095,14.844658,50.852892,3],1.06,0.88,0.18],[[564109,14.869039,50.83632,2],0.56,0.32,0.24],[[564117,14.968947,50.817027,3],0.74,3.39,-2.65],[[564133,15.249643,50.960916,1],0.59,4.66,-4.07],[[564168,15.127667,50.940324,1],4.02,3.59,0.43],[[564176,14.933501,50.774549,1],2.63,9.01,-6.38],[[564184,14.901417,50.73858,1],1.9,4.56,-2.66],[[564206,15.190471,50.890241,1],3.93,0.83,3.1],[[564231,15.056405,50.831733,2],2.57,6.47,-3.9],[[564265,15.229539,50.925011,3],3.76,8.85,-5.09],[[564281,15.083777,50.849733,1],0.41,2.31,-1.9],[[564290,14.921485,50.69499,2],2.43,3.03,-0.6],[[564303,15.076196,50.594968,1],0.8,1.98,-1.18],[[564354,15.084005,50.578232,2],0.26,1.55,-1.29],[[564371,15.114757,50.904256,3],1.73,2.84,-1.11],[[564397,14.818942,50.789106,1],0.93,4.3,-3.37],[[564427,14.986005,50.711344,1],6.39,3.82,2.57],[[564435,15.043456,50.587332,1],0.75,0.76,-0.01],[[564460,15.052732,50.706477,2],8.78,7.01,1.77],[[564494,15.02506,50.966732,2],2.04,1.38,0.66],[[564516,15.052112,50.618816,1],3.15,5.82,-2.67],[[564532,14.95149,50.64615,1],15.18,3.09,12.09],[[564541,14.876403,50.765065,1],17.39,5.2,12.19],[[547476,15.400555,50.724065,1],1.06,3.66,-2.6],[[547484,15.246847,50.519937,0],1.29,8,-6.71],[[573400,15.218593,50.617659,0],2.12],[[573418,15.533412,50.580946,1],1.15,0.48,0.67],[[574201,15.57583,50.52618,0],1.23,1.09,0.14],[[576964,15.328241,50.605258,3],0.59,2.9,-2.31],[[576972,15.445427,50.534417,1],1.12],[[576981,15.548272,50.666433,2],0.55,0.47,0.08],[[576999,15.368478,50.603258,1],1.36,2.25,-0.89],[[577057,15.60765,50.5317,1],0.75],[[577073,15.421312,50.613238,1],2.64,0.43,2.21],[[577081,15.431521,50.772186,2],3.86,1.28,2.58],[[577120,15.571571,50.608357,2],0.4,1.02,-0.62],[[577146,15.200342,50.544906,1],3.04,8.46,-5.42],[[577154,15.300449,50.602387,1],1.04,1.16,-0.12],[[577162,15.429698,50.703569,2],3.01,0.84,2.17],[[577171,15.338516,50.660595,1],1.2,1.55,-0.35],[[577189,15.491835,50.680618,0],1.66],[[577197,15.506637,50.608996,3],0.73,0.44,0.29],[[577219,15.20728,50.561843,1],3.04,2.04,1],[[577227,15.221716,50.599761,0],1.35,11.47,-10.12],[[577235,15.404135,50.571751,2],0.25,0.18,0.07],[[577294,15.416037,50.559503,1],0.68,0.25,0.43],[[577308,15.373517,50.530724,3],0.54,0.55,-0.01],[[577316,15.19435,50.591643,2],1.39,2.89,-1.5],[[577324,15.119437,50.574176,1],1.5,5.26,-3.76],[[577332,15.468897,50.600813,1],2.48,3.62,-1.14],[[577359,15.126071,50.597745,2],7.67,3.73,3.94],[[577367,15.119305,50.545045,0],7.14,9.78,-2.64],[[577375,15.540814,50.528307,1],1.78],[[577391,15.44404,50.619384,1],3.33],[[577413,15.112901,50.583032,1],1.45,0.88,0.57],[[577421,15.364623,50.625029,0],2.08,0.9,1.18],[[577430,15.245541,50.577589,1],2.52,2.09,0.43],[[577448,15.187647,50.620425,0],3.22],[[577456,15.448787,50.729228,3],1.2,0.95,0.25],[[577464,15.422263,50.647554,1],2.88],[[577472,15.259515,50.535418,2],0.3,5.7,-5.4],[[577499,15.499852,50.563887,2],1.56,0.92,0.64],[[577529,15.329787,50.580911,1],0.54,0.46,0.08],[[577545,15.358086,50.550949,1],0.51],[[577553,15.54947,50.553543,2],0.65,0.31,0.34],[[577596,15.273268,50.571343,1],2.27],[[577626,15.156909,50.587385,4],2.56,5.11,-2.55],[[577677,15.105323,50.557553,1],1.71,0.83,0.88],[[577685,15.15805,50.529406,1],9.73,5.1,4.63],[[577693,15.401633,50.685688,2],1.77,0.23,1.54],[[577707,15.274194,50.61161,1],1.4,1.07,0.33]],"districts":[["CZ0511",1.49,5.49,-4],["CZ0512",1.58,2.23,-0.65],["CZ0513",3.61,10.28,-6.67],["CZ0514",1.53,2.21,-0.68]],"regions":[["CZ051",null]]}