{"reg":112,"towns":[[[538795,12.168117,50.234889,1],70.88],[[538817,12.201857,50.255461,0],55.73],[[538868,12.279652,50.086208,1],7.52],[[538906,12.547716,50.055886,1],14.66],[[538922,12.487772,50.062566,1],2.04],[[539023,12.400268,50.128744,1],5.83],[[539074,12.317021,50.166294,0],8.51],[[539112,12.59591,49.991631,1],1.04],[[539279,12.666767,49.966767,2],6.31],[[539376,12.739122,49.948927,0],2.85],[[539473,12.779206,49.953112,0],3.57],[[539481,12.654905,49.976907,1],10.07],[[539554,12.48425,50.103171,1],11.53],[[539619,12.522102,50.08412,0],7.84],[[554481,12.369964,50.079633,5],1.48],[[554499,12.195113,50.223983,4],37.82],[[554502,12.551125,50.018055,2],3.38],[[554511,12.665618,49.93907,1],8.09],[[554529,12.349781,50.120159,3],2.96],[[554545,12.272617,50.156457,2],7.34],[[554553,12.175894,50.304702,2],20.68],[[554596,12.393172,50.194269,1],10.89],[[554600,12.624853,50.010693,2],3.52],[[554618,12.230943,50.128275,1],2.85],[[554626,12.448928,50.036398,1],4.79],[[554634,12.406065,50.252592,2],4.67],[[554642,12.701298,49.964699,4],3.16],[[554677,12.787043,50.03698,1],6.77],[[554693,12.472085,50.115352,1],6.19],[[554707,12.445362,50.217131,1],3.78],[[554740,12.34681,50.220815,2],2.25],[[554812,12.361561,50.170411,2],9.23],[[554855,12.676134,49.91921,1],6.06],[[554880,12.616745,49.942277,1],14.85],[[555631,12.86316,49.981953,3],7.48],[[578002,12.372344,50.19907,0],11.62],[[506486,12.924571,50.409844,0],11.9],[[506494,12.719531,50.360145,1],7.24],[[506621,13.17119,50.12436,0],12.72],[[537845,12.85168,50.148702,0],8.1],[[537870,12.870986,50.197494,1],6.06],[[537918,12.895923,50.247898,2],9.85],[[537926,12.800046,50.226649,1],6.25],[[537934,12.770109,50.237288,1],25.23],[[537969,12.871721,50.25545,1],12.78],[[538001,12.962918,50.20449,1],3.57],[[538019,12.711084,50.291365,1],16.43],[[538027,12.765442,50.291579,0],16.66],[[538116,12.814015,50.294681,1],9.64],[[538159,12.919811,50.283247,1],12.65],[[551651,12.789994,50.213854,1],6.66],[[554961,12.872062,50.231952,5],4.75],[[554979,12.818377,50.368855,2],13],[[554995,12.838429,50.083561,1],11.26],[[555029,13.045282,50.151007,2],39.25],[[555045,12.769752,50.258843,1],15.44],[[555169,12.771048,50.390493,1],5.66],[[null,0,0,0],5.5],[[555185,12.871918,50.309508,2],26.73],[[555207,13.249179,50.104736,1],6.21],[[555215,12.934767,50.358573,3],7.11],[[555258,12.903449,50.187545,1],7.92],[[555304,12.921351,50.072448,1],19.13],[[555347,13.000007,50.262803,1],12.57],[[555363,12.863613,50.32819,1],21.45],[[555380,12.729474,50.322529,3],10.58],[[555398,12.784334,50.271028,3],10.43],[[555428,12.939183,50.306035,4],5.04],[[555444,12.892407,50.032393,1],3.33],[[555452,12.783825,50.365797,1],29.62],[[555479,12.736597,50.428273,1],12.85],[[555525,13.170783,50.051663,1],8.86],[[555533,12.897194,50.267226,2],38.36],[[555550,12.874064,50.165217,1],21.96],[[555584,13.051067,50.337331,1],13.55],[[555592,13.005785,50.183216,1],14.13],[[555614,12.976213,50.237016,1],17.9],[[555622,13.114279,50.058313,1],28.7],[[555657,12.985171,50.060604,3],10.59],[[555681,12.954852,50.070847,1],45.76],[[555690,13.254676,50.174239,1],3.12],[[555703,13.009826,50.284179,1],48.58],[[555711,13.173868,50.14131,1],8.75],[[555738,13.016307,50.303424,1],11.57],[[555762,13.163084,50.092028,2],10.11],[[556947,12.925973,50.179793,1],8.22],[[566675,13.233839,50.14965,0],9.09],[[578011,12.863016,50.068626,0],6.89],[[578029,12.696743,50.348275,1],5.71],[[578045,13.002857,50.344955,1],1.11],[[511587,12.579546,50.211627,1],6.31],[[538337,12.786342,50.109287,1],13.93],[[538396,12.582432,50.135748,1],2.91],[[538434,12.625358,50.192341,2],5.12],[[538591,12.645192,50.164731,2],7.48],[[538663,12.697409,50.276819,0],21.95],[[560286,12.659992,50.174629,4],4.82],[[560294,12.643488,50.145752,3],6.9],[[560308,12.505287,50.374494,1],25.53],[[560316,12.572766,50.166437,2],2.83],[[560324,12.61344,50.162671,1],4.34],[[560332,12.567344,50.146566,1],1.25],[[560341,12.637158,50.243218,1],15.29],[[560359,12.550653,50.183078,3],3.34],[[560367,12.807697,50.138742,3],3.85],[[560375,12.535762,50.149949,1],8.21],[[560383,12.747709,50.23983,4],28.13],[[560413,12.602422,50.28276,1],6.06],[[560421,12.504505,50.14885,1],7.62],[[560456,12.534192,50.216079,1],8.02],[[560464,12.67954,50.19412,1],13.33],[[560472,12.517588,50.323835,3],6.06],[[560499,12.530388,50.119038,3],2.97],[[560502,12.552602,50.128978,1],3.05],[[560537,12.754163,50.186112,3],5.91],[[560545,12.632789,50.211851,2],21.95],[[560561,12.775287,50.084201,0],6.25],[[560570,12.738121,50.206578,3],8.01],[[560588,12.558884,50.251243,2],14.93],[[560596,12.620158,50.36589,0],3.84],[[560600,12.573526,50.29638,3],9.04],[[560618,12.668852,50.104512,1],5.08],[[560642,12.719941,50.181807,1],6.01],[[560651,12.526519,50.356766,1],22.33],[[560677,12.603439,50.318764,1],10.98],[[560685,12.717598,50.233928,2],40.9],[[560707,12.696593,50.259197,1],9.75],[[579360,12.676998,50.182307,0],11.76]],"districts":[["CZ0411",8.93],["CZ0412",8.9],["CZ0413",9.58]],"regions":[["CZ041",null]]}