{"reg":129,"towns":[[[546267,14.467408,50.536579,1],1.12],[[561380,14.539799,50.67862,5],0.23],[[561479,14.633019,50.777293,3],0.17],[[561495,14.654377,50.565945,3],0.07],[[561592,14.493538,50.712584,1],0.47],[[561681,14.472979,50.773693,3],0.76],[[561835,14.724956,50.655768,3],0.19],[[561860,14.555664,50.757714,4],0.18],[[561983,14.601372,50.617925,1],0.53],[[562076,14.532396,50.655151,1],0.88],[[562092,14.801127,50.702903,3],0.95],[[562262,14.645335,50.684854,3],0.11],[[563510,15.170414,50.722153,5],0.16],[[563536,15.142571,50.791188,1],0.82],[[563552,15.313862,50.75481,3],0.12],[[563561,15.303285,50.68764,1],1.08],[[563633,15.231574,50.782016,1],0.36],[[563641,15.228332,50.62476,2],0.76],[[563668,15.365424,50.759359,1],1.03],[[563692,15.220572,50.741456,2],0.43],[[563749,15.236038,50.687791,2],0.34],[[563790,15.149898,50.683891,3],0.13],[[563803,15.213411,50.676103,1],0.52],[[563811,15.246502,50.738301,3],0.2],[[563820,15.307982,50.737629,3],0.11],[[563838,15.315498,50.713834,3],0.27],[[563871,15.254186,50.64284,3],0.17],[[530468,15.075978,50.711714,1],0.37],[[530484,15.09393,50.699666,1],0.58],[[545996,15.050573,51.004564,1],0.78],[[546593,15.001175,50.831607,1],0.37],[[546631,15.222203,50.873842,1],0.7],[[563889,15.054439,50.76638,6],0.45],[[563901,15.035522,50.664931,1],0.38],[[563960,14.996287,50.661116,3],0.63],[[563994,15.168786,50.945787,1],9.8],[[564028,15.079851,50.921496,3],1.89],[[564036,15.065266,51.019134,1],4.73],[[564044,15.181785,50.877301,3],1.84],[[564061,15.08996,50.665963,3],3.48],[[564117,14.968947,50.817027,3],0.05],[[564184,14.901417,50.73858,1],0.38],[[564231,15.056405,50.831733,2],0.59],[[564265,15.229539,50.925011,3],0.41],[[564354,15.084005,50.578232,2],0.53],[[564371,15.114757,50.904256,3],0.86],[[564435,15.043456,50.587332,1],0.75],[[564443,15.063976,50.572684,1],1],[[573418,15.533412,50.580946,1],1.73],[[574201,15.57583,50.52618,0],3.7],[[576964,15.328241,50.605258,3],0.11],[[576981,15.548272,50.666433,2],1.39],[[576999,15.368478,50.603258,1],1.82],[[577031,15.58394,50.542694,0],1.33],[[577049,15.401976,50.604834,0],2.56],[[577073,15.421312,50.613238,1],0.52],[[577081,15.431521,50.772186,2],1.28],[[577120,15.571571,50.608357,2],0.6],[[577146,15.200342,50.544906,1],1.82],[[577162,15.429698,50.703569,2],0.86],[[577171,15.338516,50.660595,1],1.8],[[577189,15.491835,50.680618,0],3.33],[[577197,15.506637,50.608996,3],2.65],[[577219,15.20728,50.561843,1],1.14],[[577235,15.404135,50.571751,2],0.25],[[577243,15.480245,50.565638,1],2.46],[[577308,15.373517,50.530724,3],1.27],[[577316,15.19435,50.591643,2],0.99],[[577324,15.119437,50.574176,1],1.5],[[577341,15.411952,50.52041,1],0.62],[[577359,15.126071,50.597745,2],0.27],[[577391,15.44404,50.619384,1],1.66],[[577405,15.463395,50.661618,2],0.64],[[577430,15.245541,50.577589,1],1.68],[[577456,15.448787,50.729228,3],0.12],[[577472,15.259515,50.535418,2],0.3],[[577499,15.499852,50.563887,2],2.5],[[577553,15.54947,50.553543,2],0.16],[[577570,15.427821,50.498928,0],1.53],[[577596,15.273268,50.571343,1],1.7],[[577626,15.156909,50.587385,4],0.5],[[577651,15.487779,50.630181,1],1.14],[[577677,15.105323,50.557553,1],0.42],[[577693,15.401633,50.685688,2],0.25],[[513717,15.727458,50.18002,1],2.15],[[530671,15.620991,50.294187,0],3.44],[[548065,15.582212,50.161163,1],1.23],[[569810,15.825311,50.210461,5],1.29],[[569836,15.56774,50.197698,1],3.48],[[569852,15.942805,50.198081,1],0.9],[[569879,15.930746,50.214011,1],1.83],[[569887,15.630961,50.203911,1],26.28],[[569917,15.922644,50.262743,2],3.57],[[569925,15.874133,50.318732,2],8.75],[[569933,15.731935,50.28893,0],6.25],[[569941,15.921759,50.239875,0],3.17],[[569968,15.641146,50.147821,1],0.61],[[569976,15.694605,50.287371,1],3.41],[[569984,15.708601,50.239725,1],0.42],[[570001,15.403364,50.264697,1],0.62],[[570028,15.860186,50.308038,1],2.97],[[570044,15.767421,50.309639,1],1.47],[[570052,15.675654,50.218662,0],1.47],[[570109,15.460363,50.154506,3],0.42],[[570150,15.557599,50.153056,0],2.7],[[570176,15.534913,50.179841,1],1.6],[[570184,15.555822,50.178703,1],2.06],[[570192,15.53668,50.259542,1],1.26],[[570206,15.607018,50.169243,1],8.06],[[570214,15.636021,50.217617,1],1.66],[[570222,15.942389,50.297761,0],1.72],[[570231,15.696345,50.172522,1],0.33],[[570249,15.695007,50.191851,1],1.2],[[570265,15.95985,50.242363,1],1.81],[[570273,15.963989,50.287938,1],2.12],[[570303,15.610553,50.270952,1],5.76],[[570311,15.820017,50.272221,1],1.15],[[570320,15.38474,50.165301,1],1.22],[[570362,15.411967,50.213644,1],0.77],[[570419,15.68594,50.27513,1],0.9],[[570435,15.675954,50.296508,1],1.94],[[570443,15.78561,50.27676,1],4.54],[[570451,15.632865,50.237468,2],1.56],[[570478,15.463452,50.192306,1],1.29],[[570508,15.490926,50.241602,3],0.2],[[570524,15.445092,50.142363,1],3.33],[[570567,15.598601,50.289854,1],2.72],[[570672,15.815669,50.256426,2],0.98],[[570681,15.410541,50.151634,1],1.07],[[570702,15.796171,50.315762,0],4],[[570745,15.651804,50.176262,1],1.21],[[570851,15.502075,50.257418,1],0.74],[[570877,15.865181,50.299879,3],0.72],[[570885,15.917943,50.299846,1],1.44],[[570931,15.748412,50.215821,2],1.73],[[571008,15.662838,50.154859,1],0.94],[[571024,15.711159,50.207992,1],0.74],[[571041,15.992336,50.201066,3],0.63],[[571083,15.428963,50.289608,1],1.78],[[571091,15.760224,50.255417,2],1.97],[[571105,15.979052,50.269739,1],0.99],[[571113,15.824842,50.153472,2],38.76],[[573191,15.700009,50.297512,1],5.18],[[573531,15.626417,50.185916,0],7.5],[[573621,15.711346,50.191374,0],2.46],[[576352,16.012785,50.250722,1],2.24],[[548863,15.63112,50.329866,1],1.17],[[548880,15.582808,50.325546,0],1.17],[[548898,15.137489,50.375876,0],26.08],[[548944,15.470916,50.39615,0],2.12],[[549088,15.286389,50.452243,0],5.88],[[549096,15.342338,50.40511,1],2.83],[[549151,15.32977,50.478592,0],41.17],[[549185,15.258528,50.454396,0],5],[[549312,15.419326,50.409627,0],2.17],[[549355,15.280763,50.324828,0],2.43],[[572128,15.428878,50.369139,0],2.12],[[572144,15.380794,50.286507,0],1.88],[[572659,15.361144,50.435433,4],0.6],[[572772,15.244218,50.392983,1],3.75],[[572781,15.723633,50.333348,1],0.98],[[572829,15.170627,50.36818,1],0.57],[[572837,15.602674,50.348096,1],1.02],[[572900,15.320807,50.451706,1],3.1],[[572918,15.577533,50.375381,1],0.48],[[572926,15.63194,50.366189,3],0.22],[[572969,15.496287,50.359371,1],0.6],[[573001,15.337392,50.373176,1],2.83],[[573043,15.322548,50.493286,1],3.33],[[573051,15.480335,50.402345,1],10.34],[[573060,15.2704,50.330951,2],1.25],[[573094,15.582797,50.428843,3],0.53],[[573116,15.162912,50.490669,1],12.5],[[573124,15.298603,50.498255,1],0.39],[[573167,15.196175,50.430868,1],2.15],[[573205,15.232724,50.482181,1],3.52],[[573248,15.515138,50.494593,3],0.25],[[573256,15.562386,50.407609,0],1.17],[[573272,15.549593,50.372556,2],0.48],[[573299,15.608329,50.480435,2],1.12],[[573329,15.310632,50.418572,1],1.41],[[573337,15.447215,50.45237,0],1.16],[[573345,15.340577,50.469069,1],19.56],[[573370,15.428693,50.458914,1],3.2],[[573442,15.23502,50.459432,1],2.56],[[573469,15.381502,50.366869,1],0.71],[[573477,15.514931,50.372376,1],0.98],[[573493,15.176299,50.467515,2],0.94],[[573507,15.49455,50.510424,2],0.49],[[573655,15.47042,50.473031,1],0.66],[[573680,15.262655,50.506631,1],5.05],[[573701,15.384989,50.455113,2],0.93],[[573736,15.565907,50.512639,1],0.99],[[573752,15.378316,50.393404,1],0.66],[[573809,15.436421,50.331055,1],1.04],[[573825,15.384697,50.472837,2],4.11],[[573833,15.411844,50.353646,1],1.42],[[573850,15.382081,50.30222,0],1.01],[[505099,16.058927,50.450166,0],2.53],[[530786,16.016933,50.384385,0],8.33],[[547531,15.910937,50.369279,0],13.33],[[547565,16.02139,50.421946,0],10],[[547646,16.189414,50.46187,2],0.47],[[547727,16.202186,50.367711,0],2.85],[[547751,16.228038,50.549647,1],3.84],[[547786,16.083501,50.624387,1],0.88],[[573868,16.165735,50.414672,4],0.92],[[573884,16.229341,50.509838,1],2.06],[[573892,16.088688,50.312731,2],3.3],[[573906,16.253287,50.386091,0],1.33],[[573914,16.365391,50.526878,1],51.42],[[573922,16.331915,50.585758,