{"reg":169,"towns":[[[534692,16.654269,49.463998,1],0.74],[[581283,16.647855,49.36495,4],0.01],[[581291,16.663955,49.295708,3],0.07],[[581313,16.465422,49.461276,0],0.95],[[581372,16.660076,49.487612,4],0.05],[[581470,16.721351,49.578884,1],0.45],[[581496,16.581502,49.413707,2],0.16],[[581631,16.477436,49.587696,1],1.01],[[581682,16.756055,49.344631,3],0.21],[[581755,16.754045,49.530418,1],1],[[581763,16.784459,49.355206,1],0.29],[[581771,16.458762,49.443935,0],3.22],[[581780,16.768035,49.361476,1],0.78],[[581917,16.573678,49.547189,3],0.12],[[581968,16.553004,49.340382,2],0.23],[[582247,16.641436,49.393418,2],0.48],[[582352,16.739636,49.414886,1],0.29],[[582395,16.668628,49.53,1],0.75],[[582417,16.489716,49.544691,1],1.07],[[550973,16.606937,49.19516,5],0.15],[[550990,16.606937,49.19516,4],0.25],[[551007,16.606937,49.19516,4],0.17],[[551031,16.606937,49.19516,5],0.17],[[551058,16.606937,49.19516,4],0.2],[[551066,16.606937,49.19516,3],0.27],[[551074,16.606937,49.19516,3],0.09],[[551082,16.606937,49.19516,4],0.07],[[551091,16.606937,49.19516,4],0.34],[[551112,16.606937,49.19516,4],0.91],[[551147,16.606937,49.19516,4],0.11],[[551171,16.606937,49.19516,3],0.52],[[551198,16.606937,49.19516,4],0.05],[[551210,16.606937,49.19516,2],0.55],[[551228,16.606937,49.19516,3],0.23],[[551236,16.606937,49.19516,3],0.05],[[551244,16.606937,49.19516,4],0.05],[[551279,16.606937,49.19516,4],0.21],[[551287,16.606937,49.19516,5],0.2],[[551295,16.606937,49.19516,3],0.31],[[551309,16.606937,49.19516,3],0.31],[[551317,16.606937,49.19516,3],0.22],[[551325,16.606937,49.19516,2],0.27],[[551368,16.606937,49.19516,3],0.08],[[551431,16.606937,49.19516,1],0.31],[[582786,16.606937,49.19516,6],0.2],[[550272,16.514581,48.993768,1],0.71],[[581577,16.514309,49.383241,0],2.5],[[582824,16.672575,49.247178,3],0.5],[[582841,16.786216,49.165785,2],0.38],[[582875,16.345762,49.294469,0],2.98],[[582913,16.478018,49.313339,2],0.39],[[582956,16.465024,49.070212,2],0.17],[[583081,16.59439,49.038731,3],0.19],[[583111,16.458829,49.288591,1],0.73],[[583171,16.529591,49.267903,1],2.42],[[583189,16.758096,49.166816,1],0.32],[[583219,16.73193,49.138134,2],0.76],[[583235,16.376457,49.156753,1],0.62],[[583251,16.531546,49.298618,4],0.08],[[583260,16.388167,49.279046,1],0.83],[[583375,16.4923,49.076242,1],0.68],[[583383,16.694343,49.082495,2],0.24],[[583391,16.614517,49.12799,3],0.36],[[583405,16.751677,49.22287,3],0.66],[[583413,16.576269,49.14566,3],0.57],[[583430,16.50184,49.293382,1],1.36],[[583448,16.73752,49.049337,2],0.52],[[583499,16.754104,49.064124,1],0.91],[[583545,16.451834,49.170033,1],0.38],[[583553,16.641079,49.075131,2],0.4],[[583561,16.523392,49.11128,3],0.13],[[583677,16.790847,49.209864,2],0.13],[[583740,16.477112,49.133707,1],0.49],[[583758,16.603982,49.090311,3],0.28],[[583774,16.635332,49.105224,1],0.71],[[583782,16.387975,49.18242,3],0.24],[[583821,16.694045,49.257564,1],0.42],[[583855,16.46804,49.106075,1],0.68],[[583863,16.782647,49.203807,2],0.23],[[583880,16.557396,49.059999,1],1.45],[[583898,16.721665,49.11402,2],0.46],[[583910,16.50409,49.152312,3],0.1],[[583936,16.546565,49.079913,2],0.47],[[583952,16.727418,49.168729,3],0.15],[[583995,16.770132,49.039658,2],0.26],[[584002,16.424485,49.348818,3],0.03],[[584029,16.510886,49.169608,2],0.44],[[584061,16.604146,49.019318,1],0.42],[[584070,16.356089,49.334845,0],1.51],[[584096,16.753684,49.197473,1],1.51],[[584142,16.608308,49.05148,2],0.26],[[584207,16.363201,49.188096,3],0.12],[[584231,16.602677,49.011697,2],0.35],[[584240,16.733849,49.087986,1],0.35],[[584282,16.618911,49.039624,3],0.17],[[584720,16.654416,49.013902,2],0.27],[[594962,16.437643,48.919119,1],1.16],[[595314,16.361217,49.400915,1],0.62],[[595667,16.341499,49.366906,1],0.82],[[596191,16.257645,49.341792,0],0.94],[[584291,16.882617,48.75324,4],0.11],[[584304,16.622349,48.834789,1],1.9],[[584321,16.814026,48.966776,1],0.73],[[584339,16.810211,49.028264,1],0.55],[[584347,16.853168,48.913124,2],0.24],[[584363,16.89626,48.960895,1],1.36],[[584380,16.748843,48.831565,1],0.51],[[584410,16.535282,48.824436,1],2.38],[[584428,16.592933,48.854571,2],0.23],[[584444,16.485962,48.857558,2],0.32],[[584461,16.800252,48.949805,1],0.88],[[584487,16.97415,48.792823,2],0.22],[[584495,16.737726,48.940946,3],0.06],[[584525,16.46626,48.82869,1],1.07],[[584541,16.644789,48.844725,1],0.67],[[584550,16.859619,48.995112,2],0.66],[[584568,16.891691,48.932959,2],0.17],[[584576,16.978794,48.74695,2],0.22],[[584584,16.910379,48.989106,2],0.78],[[584592,16.719993,48.999961,2],0.58],[[584622,16.967053,48.724531,3],1.48],[[584649,16.637788,48.805383,3],0.15],[[584673,16.931502,48.832952,2],0.32],[[584771,16.672359,48.874256,1],0.55],[[584797,16.848324,48.82564,3],0.28],[[584819,16.66701,48.927358,1],0.43],[[584851,16.774055,48.855089,1],0.58],[[584860,16.813408,48.858211,2],0.42],[[584878,16.693989,48.778993,1],0.48],[[584916,16.651453,48.905517,1],1.11],[[584924,16.714344,48.897558,2],0.7],[[584932,16.77986,49.014427,2],0.16],[[584941,16.994567,48.760582,2],0.33],[[585017,16.816155,48.904792,3],0.09],[[585041,16.897893,48.915184,2],0.66],[[586021,17.126102,48.853039,4],0.13],[[586048,17.466069,48.946824,2],0.44],[[586056,17.530151,48.935609,1],2.63],[[586072,17.100961,49.042267,1],0.67],[[586099,16.965214,48.946631,2],0.25],[[586102,16.942409,48.906019,2],0.16],[[586161,17.090148,48.917038,3],0.11],[[586170,16.993562,48.95503,2],0.12],[[586234,17.010146,48.839579,1],0.67],[[586307,17.12261,49.009967,4],0.07],[[586323,17.46182,48.905046,2],0.2],[[586358,17.071145,48.841077,3],0.13],[[586404,17.332795,48.990264,2],0.61],[[586412,17.02928,48.904228,3],0.36],[[586510,17.165713,48.920114,3],0.17],[[586528,17.183408,48.880497,3],0.1],[[586561,16.981633,48.878704,1],0.33],[[586587,17.31691,48.901117,3],0.28],[[586609,17.256869,48.867328,2],1.47],[[586641,17.028222,48.964128,2],0.25],[[586650,17.429767,48.906964,1],1.22],[[586676,16.942659,48.955636,1],0.74],[[586706,17.174146,48.945204,2],0.14],[[586714,17.520706,48.882667,3],0.87],[[586722,17.381015,48.952477,4],0.18],[[586757,17.350609,48.931064,3],0.37],[[586765,17.211104,48.975328,3],0.34],[[586790,16.967239,49.040748,2],0.64],[[586803,17.027619,49.067387,2],0.26],[[550108,17.035316,49.20417,1],0.97],[[550141,17.093049,49.27451,1],0.91],[[592889,16.996199,49.277552,4],0.17],[[592901,17.030228,49.214143,1],0.4],[[592927,17.134911,49.156081,1],0.37],[[592943,17.003981,49.149402,3],0.1],[[593001,16.951569,49.276395,2],0.13],[[593028,16.878393,49.232934,1],0.42],[[593052,16.784406,49.117751,1],0.3],[[593079,16.833583,49.129301,1],0.41],[[593168,16.906888,49.216446,1],1.12],[[593214,16.829426,49.142261,2],0.14],[[593249,17.005432,49.218686,1],0.71],[[593257,16.959237,49.17736,2],0.46],[[593346,17.090766,49.257021,1],0.53],[[593494,17.063799,49.258521,1],0.47],[[593532,16.948329,49.121064,1],1.1],[[593583,16.876598,49.153354,3],0.1],[[593605,16.881134,49.375694,1],0.67],[[593656,17.050332,49.244453,1],0.75],[[546941,16.085512,48.848447,2],0.15],[[593711,16.054368,48.856011,5],0.11],[[593851,15.964567,48.884055,1],0.63],[[593923,16.27873,49.017342,1],2.02],[[594075,15.898559,48.890055,1],1.47],[[594091,16.161627,48.950344,1],0.54],[[594156,16.40281,48.830008,3],0.13],[[594164,15.751157,48.947809,0],4.65],[[594229,16.39205,48.920914,1],0.79],[[594458,16.312624,48.94777,3],0.11],[[594482,16.311798,49.049031,3],0.21],[[594636,15.686517,48.900345,0],3.57],[[594822,16.1724,48.796236,2],0.55],[[594849,16.363302,48.943156,1],0.97],[[594938,16.103265,49.033846,1],0.54]],"districts":[["CZ0641",0.08,0.04,0.04],["CZ0642",0.2,0.02,0.18],["CZ0643",0.17,0.01,0.16],["CZ0644",0.26,0.03,0.23],["CZ0645",0.18,0.04,0.14],["CZ0646",0.13],["CZ0647",0.11,0.01,0.1]],"regions":[["CZ064",null]]}