{"reg":172,"towns":[[[513709,16.594167,49.615509,0],2.04],[[581283,16.647855,49.36495,4],0.16],[[581291,16.663955,49.295708,3],0.37],[[581330,16.770698,49.509531,1],0.36],[[581372,16.660076,49.487612,4],0.35],[[581445,16.773268,49.297608,1],1.73],[[581453,16.805039,49.294279,1],0.56],[[581470,16.721351,49.578884,1],0.45],[[581496,16.581502,49.413707,2],0.16],[[581534,16.628098,49.502996,0],1.61],[[581542,16.629473,49.436736,2],0.27],[[581666,16.6061,49.465713,1],0.74],[[581682,16.756055,49.344631,3],0.21],[[581739,16.69513,49.539688,1],1.16],[[581801,16.504506,49.563204,1],0.54],[[581828,16.744194,49.297155,1],0.28],[[581879,16.517324,49.506551,3],0.88],[[581917,16.573678,49.547189,3],0.12],[[581950,16.805938,49.38404,2],0.32],[[581968,16.553004,49.340382,2],0.23],[[581992,16.526068,49.396274,0],2.04],[[582026,16.483791,49.519247,0],5.26],[[582158,16.421795,49.557654,2],0.15],[[582166,16.671791,49.33097,2],0.66],[[582182,16.762786,49.382462,2],0.51],[[582221,16.497452,49.572106,1],0.97],[[582239,16.640964,49.410419,3],0.35],[[582247,16.641436,49.393418,2],0.24],[[582336,16.603686,49.481246,1],1.08],[[582352,16.739636,49.414886,1],0.29],[[582417,16.489716,49.544691,1],1.07],[[582441,16.598037,49.501876,2],0.18],[[582468,16.711728,49.548719,1],1.73],[[582476,16.602548,49.328598,1],0.33],[[582557,16.543917,49.370995,1],2.41],[[582646,16.679574,49.612471,3],0.34],[[582662,16.625711,49.538535,1],0.91],[[550973,16.606937,49.19516,5],0.46],[[550990,16.606937,49.19516,4],0.42],[[551007,16.606937,49.19516,4],0.45],[[551031,16.606937,49.19516,5],0.36],[[551058,16.606937,49.19516,4],0.35],[[551066,16.606937,49.19516,3],0.32],[[551074,16.606937,49.19516,3],0.83],[[551082,16.606937,49.19516,4],0.37],[[551091,16.606937,49.19516,4],1.73],[[551112,16.606937,49.19516,4],0.53],[[551147,16.606937,49.19516,4],0.46],[[551171,16.606937,49.19516,3],0.19],[[551198,16.606937,49.19516,4],0.52],[[551228,16.606937,49.19516,3],0.3],[[551236,16.606937,49.19516,3],0.23],[[551244,16.606937,49.19516,4],0.42],[[551252,16.606937,49.19516,3],0.39],[[551279,16.606937,49.19516,4],0.43],[[551287,16.606937,49.19516,5],0.63],[[551295,16.606937,49.19516,3],0.42],[[551309,16.606937,49.19516,3],0.82],[[551317,16.606937,49.19516,3],0.44],[[551325,16.606937,49.19516,2],1.22],[[551368,16.606937,49.19516,3],1.03],[[551376,16.606937,49.19516,2],0.16],[[551406,16.606937,49.19516,2],1.01],[[551422,16.606937,49.19516,1],0.83],[[582786,16.606937,49.19516,6],0.5],[[549746,16.402512,49.35263,2],0.21],[[581429,16.755163,49.282167,2],0.39],[[582565,16.491456,49.382277,0],1.96],[[582735,16.47899,49.414782,0],6.25],[[582808,16.358273,49.173078,1],0.46],[[582824,16.672575,49.247178,3],0.33],[[582859,16.644601,49.055066,2],0.37],[[582913,16.478018,49.313339,2],0.19],[[582921,16.56551,49.280178,2],0.53],[[582956,16.465024,49.070212,2],0.17],[[582964,16.343924,49.245429,1],0.56],[[583022,16.426268,49.113718,1],1.6],[[583031,16.607667,49.075956,2],0.68],[[583057,16.776652,49.236641,1],1.48],[[583065,16.442271,49.327964,1],1.01],[[583081,16.59439,49.038731,3],0.28],[[583120,16.377622,49.101545,3],0.8],[[583154,16.362283,49.255628,1],0.9],[[583201,16.26264,49.159216,1],2.19],[[583219,16.73193,49.138134,2],1.02],[[583227,16.81914,49.204721,1],0.42],[[583235,16.376457,49.156753,1],0.62],[[583251,16.531546,49.298618,4],1.37],[[583260,16.388167,49.279046,1],0.41],[[583278,16.55712,49.051603,0],1.81],[[583286,16.578848,49.291537,2],0.17],[[583294,16.306928,49.268807,1],1.31],[[583308,16.330795,49.225246,0],2.08],[[583316,16.431352,49.367091,1],1.34],[[583391,16.614517,49.12799,3],0.43],[[583405,16.751677,49.22287,3],0.44],[[583413,16.576269,49.14566,3],0.28],[[583421,16.436388,49.083374,2],0.62],[[583430,16.50184,49.293382,1],0.68],[[583456,16.551476,49.141432,1],1.48],[[583499,16.754104,49.064124,1],0.91],[[583502,16.310943,49.108212,1],0.88],[[583511,16.441855,49.071249,1],0.47],[[583545,16.451834,49.170033,1],0.76],[[583553,16.641079,49.075131,2],0.8],[[583561,16.523392,49.11128,3],0.4],[[583588,16.336633,49.123447,3],0.22],[[583596,16.54559,49.161102,2],0.32],[[583634,16.72095,49.190524,2],0.39],[[583651,16.616203,49.107197,1],0.78],[[583669,16.487676,49.177467,2],0.27],[[583685,16.765498,49.141161,1],0.69],[[583693,16.487786,49.055779,1],0.8],[[583707,16.470866,49.115118,1],1.8],[[583731,16.61361,49.00323,1],0.35],[[583758,16.603982,49.090311,3],0.66],[[583766,16.629436,49.092135,2],0.64],[[583774,16.635332,49.105224,1],0.71],[[583782,16.387975,49.18242,3],0.3],[[583791,16.510033,49.254744,2],0.68],[[583821,16.694045,49.257564,1],1.7],[[583839,16.393723,49.215075,2],0.42],[[583847,16.446775,49.310864,1],1.53],[[583855,16.46804,49.106075,1],0.34],[[583880,16.557396,49.059999,1],1.45],[[583898,16.721665,49.11402,2],0.46],[[583910,16.50409,49.152312,3],0.2],[[583928,16.308896,49.30187,1],0.73],[[583936,16.546565,49.079913,2],0.47],[[583952,16.727418,49.168729,3],0.27],[[583961,16.387683,49.373052,1],0.62],[[583979,16.71785,49.101969,2],0.2],[[583987,16.405736,49.170348,2],1.22],[[583995,16.770132,49.039658,2],0.53],[[584002,16.424485,49.348818,3],0.32],[[584011,16.46295,49.050783,1],1.44],[[584029,16.510886,49.169608,2],0.14],[[584045,16.757474,49.104448,3],0.28],[[584096,16.753684,49.197473,1],0.37],[[584100,16.436969,49.276013,3],0.21],[[584118,16.401931,49.236997,1],0.82],[[584142,16.608308,49.05148,2],0.26],[[584151,16.613878,49.309357,1],0.35],[[584169,16.494182,49.357215,1],1.78],[[584177,16.284964,49.183126,1],0.76],[[584185,16.32536,49.170641,1],0.86],[[584207,16.363201,49.188096,3],0.61],[[584215,16.294251,49.221653,2],0.46],[[584223,16.349616,49.155344,3],0.59],[[584231,16.602677,49.011697,2],0.17],[[584274,16.45055,49.359718,1],0.53],[[584282,16.618911,49.039624,3],0.43],[[584720,16.654416,49.013902,2],0.81],[[584801,16.524557,48.981287,3],0.36],[[584843,16.57344,48.961724,2],0.39],[[585025,16.484529,48.933846,1],0.63],[[585033,16.606707,48.966097,2],0.39],[[591661,16.244551,49.124447,1],0.75],[[593834,16.431951,48.962911,1],0.75],[[594377,16.463176,49.011698,1],0.78],[[594962,16.437643,48.919119,1],1.16],[[595527,16.358812,49.361092,2],0.87],[[595551,16.352799,49.424208,1],0.31],[[595667,16.341499,49.366906,1],1.65],[[596191,16.257645,49.341792,0],0.94],[[597171,16.266562,49.379867,1],0.62],[[584291,16.882617,48.75324,4],0.39],[[584304,16.622349,48.834789,1],0.95],[[584321,16.814026,48.966776,1],0.36],[[584363,16.89626,48.960895,1],0.45],[[584428,16.592933,48.854571,2],0.47],[[584436,16.643792,48.888324,1],1.26],[[584444,16.485962,48.857558,2],1.31],[[584461,16.800252,48.949805,1],0.44],[[584487,16.97415,48.792823,2],0.44],[[584495,16.737726,48.940946,3],0.2],[[584541,16.644789,48.844725,1],1.35],[[584550,16.859619,48.995112,2],0.33],[[584592,16.719993,48.999961,2],0.58],[[584622,16.967053,48.724531,3],0.34],[[584631,16.803498,48.800018,2],0.47],[[584649,16.637788,48.805383,3],0.58],[[584665,17.013814,48.803142,3],0.16],[[584703,16.824364,48.93569,1],1.2],[[584746,16.492837,48.83714,2],0.47],[[584797,16.848324,48.82564,3],0.42],[[584819,16.66701,48.927358,1],0.86],[[584835,16.624973,48.934526,1],0.58],[[584860,16.813408,48.858211,2],1.47],[[584894,16.706715,48.951684,1],1.03],[[584924,16.714344,48.897558,2],0.35],[[584932,16.77986,49.014427,2],0.16],[[584967,16.653546,48.967902,2],0.7],[[584975,16.755094,48.74079,3],0.36],[[584983,16.892379,48.849388,3],0.21],[[584991,16.870336,49.033238,1],0.95],[[585009,16.672186,48.991777,2],0.22],[[585017,16.816155,48.904792,3],0.64],[[585041,16.897893,48.915184,2],2],[[585050,16.766566,48.87305,2],0.67],[[586021,17.126102,48.853039,4],0.19],[[586048,17.466069,48.946824,2],0.14],[[586056,17.530151,48.935609,1],0.65],[[586081,17.266959,48.973463,3],0.09],[[586099,16.965214,48.946631,2],0.25],[[586102,16.942409,48.906019,2],0.81],[[586111,17.15476,49.051964,1],0.65],[[586129,16.917678,49.038383,2],0.9],[[586137,17.028691,48.858707,3],0.3],[[586145,17.284869,49.00177,2],0.83],[[586161,17.090148,48.917038,3],0.22],[[586170,16.993562,48.95503,2],0.37],[[586242,16.977406,