{"reg":197,"towns":[[[530395,14.363559,50.80461,0],4.61],[[530417,14.461724,50.888706,0],2.22],[[544647,14.264287,50.820934,1],1.11],[[544680,14.265378,50.860304,1],0.88],[[544701,14.231709,50.848754,0],1.51,2.7,-1.19],[[545678,14.355383,50.775633,1],5,0.55,4.45],[[545791,14.339205,50.684307,0],1.69,1.72,-0.03],[[545856,14.333391,50.747281,1],0.74,1.29,-0.55],[[545899,14.327018,50.725809,1],0.86,1.52,-0.66],[[545929,14.340721,50.762175,1],1.51],[[546348,14.352834,50.820458,1],5.12,1.11,4.01],[[546496,14.256524,50.794169,1],1.82,0.76,1.06],[[555193,14.205036,50.696428,1],0.82,1.38,-0.56],[[562335,14.212861,50.772656,5],1.69,0.85,0.84],[[562343,14.264055,50.837124,1],4],[[562351,14.3125,50.741692,3],3.35,1,2.35],[[562394,14.417784,50.797908,3],1.53,0.79,0.74],[[562408,14.193259,50.714949,1],4.52,0.63,3.89],[[562441,14.286956,50.982619,2],1.97,0.28,1.69],[[562483,14.291315,50.726587,1],1.5,1.86,-0.36],[[562505,14.545731,50.881485,1],0.47,1.96,-1.49],[[562513,14.242617,50.87451,1],8.51,2.08,6.43],[[562521,14.303537,50.789539,1],2.71,1.46,1.25],[[562530,14.483083,50.863346,2],0.61,1.2,-0.59],[[562556,14.394022,50.852494,1],0.63,0.78,-0.15],[[562564,14.103948,50.760925,3],1.77,0.71,1.06],[[562572,14.57519,50.874552,1],0.47,2.1,-1.63],[[562581,14.568449,50.993471,3],1.1,0.82,0.28],[[562611,14.510101,50.913136,3],0.91,1.29,-0.38],[[562645,14.53547,50.812746,1],2.81],[[562700,14.270704,50.741627,1],8.52,1.48,7.04],[[562718,14.169817,50.735259,1],2.37,0.87,1.5],[[562751,14.363794,50.965179,2],1.36,1.51,-0.15],[[562777,14.555255,50.953525,4],1.45,0.71,0.74],[[562823,14.496283,50.950546,2],1.21,1.18,0.03],[[562858,14.452699,51.003793,3],0.98,0.83,0.15],[[562874,14.322006,50.701933,1],6.17],[[562882,14.618348,50.911648,4],1.23,0.63,0.6],[[562891,14.396877,50.730538,1],2.67],[[562912,14.374393,50.990885,2],1.04,1.73,-0.69],[[562921,14.301255,50.661245,2],2.29,1.45,0.84],[[562939,14.37384,50.784784,1],1.03,1.21,-0.18],[[562947,14.335423,50.990647,1],1.08],[[546062,13.484983,50.463315,0],7.14,2.7,4.44],[[546071,13.364964,50.30526,1],2.88,1.7,1.18],[[546160,13.478643,50.424293,0],5.08],[[546518,12.986674,50.420711,0],5.4,2.7,2.7],[[562971,13.410837,50.463598,5],3.99,4.29,-0.3],[[562980,13.50601,50.424657,0],4.47,6.41,-1.94],[[562998,13.358172,50.511799,1],2.42,4.96,-2.54],[[563005,13.413447,50.540271,1],2.24,1.12,1.12],[[563013,13.420942,50.40228,2],3.37,3.51,-0.14],[[563021,13.359354,50.447783,1],6.47,2.08,4.39],[[563048,13.172313,50.420806,0],8.88],[[563056,13.429205,50.430887,1],7.17,6.49,0.68],[[563064,13.251454,50.510328,1],1.29],[[563081,13.430488,50.332881,1],1.62,2.45,-0.83],[[563099,13.448885,50.500627,4],3.73,3.34,0.39],[[563102,13.271422,50.376092,4],3.12,1.02,2.1],[[563111,13.322071,50.577837,0],12.22,0.93,11.29],[[563129,13.171393,50.384561,4],3.63,1.15,2.48],[[563137,13.053997,50.438324,2],3.57,1.01,2.56],[[563161,13.301587,50.486132,1],2.63],[[563188,13.385678,50.315996,0],3.37],[[563200,13.333493,50.446278,1],4.21,3.13,1.08],[[563218,13.280572,50.262382,1],1.8,3.17,-1.37],[[563226,13.115541,50.421723,0],5.17,4.25,0.92],[[563242,13.26742,50.447156,1],1.93,5,-3.07],[[563269,13.106679,50.362327,1],2.32],[[563277,13.45081,50.480923,1],4.73,6.15,-1.42],[[563285,13.110315,50.381769,2],1.81,1.57,0.24],[[563293,13.349824,50.321219,0],5.66],[[563315,13.136207,50.499571,0],2.04],[[563323,13.284757,50.298139,2],3.14,5.55,-2.41],[[563331,13.29881,50.35328,1],11.62,3.27,8.35],[[563340,13.391931,50.44104,2],5.39,4.58,0.81],[[563358,13.530649,50.471126,1],2.04,1.24,0.8],[[563382,13.457492,50.440706,2],3.9,3.27,0.63],[[563404,13.032237,50.492426,3],2.33,1.45,0.88],[[563412,13.37473,50.269771,1],4.41],[[563439,13.312156,50.301078,1],4.86,6.83,-1.97],[[563463,13.495732,50.488266,1],1.16],[[563471,13.461343,50.420047,0],13.33,6.66,6.67],[[563498,13.237511,50.466591,1],1.12,3.37,-2.25],[[563501,13.470366,50.520381,2],8.57,3.06,5.51],[[505528,14.004486,50.483044,1],1.51,1.27,0.24],[[542407,14.17905,50.543317,1],1.62],[[542491,14.082115,50.543636,0],2.08],[[542521,14.082042,50.536682,0],2.12],[[546691,13.969778,50.443126,0],1.78],[[546721,14.016401,50.450166,0],3.5,1.33,2.17],[[546763,14.253325,50.556722,0],7.27],[[546810,14.187346,50.583028,0],6.89],[[546828,14.167132,50.589503,0],7.14],[[564567,14.130646,50.53852,4],1.66,0.32,1.34],[[564575,14.341026,50.416252,2],0.64,0.3,0.34],[[564591,14.150595,50.493264,3],1.38,0.86,0.52],[[564613,14.141967,50.481073,1],2.88,0.83,2.05],[[564621,14.145512,50.453763,2],2.02,0.7,1.32],[[564648,14.216366,50.360615,1],1.23,2.91,-1.68],[[564656,14.126018,50.404377,2],0.98,0.71,0.27],[[564672,14.307223,50.374801,1],1.58,1.14,0.44],[[564711,14.028506,50.484284,2],1.16,3.04,-1.88],[[564729,13.908578,50.438699,1],2.17],[[564745,14.29389,50.437691,1],3.06,0.41,2.65],[[564753,14.16124,50.454991,1],4.08,0.74,3.34],[[564818,14.190273,50.424637,1],3.38],[[564842,14.10679,50.572465,1],2.81],[[564851,14.346588,50.358792,1],2.94,0.79,2.15],[[564877,14.33511,50.488694,2],2.73,0.19,2.54],[[564923,14.250171,50.47327,1],1.61],[[564931,13.993372,50.463209,0],8.47],[[564940,14.085254,50.439891,1],1.57],[[564958,14.000996,50.548326,1],1.28,1.03,0.25],[[564966,14.279353,50.552187,0],1.09],[[565016,14.101914,50.480149,1],2.56],[[565024,14.006583,50.43154,1],2.16],[[565032,14.248831,50.392685,1],0.69],[[565059,14.333177,50.383135,1],3.84,0.85,2.99],[[565067,14.301425,50.405474,1],3.58,0.36,3.22],[[565075,13.980842,50.394622,1],0.9],[[565083,14.21461,50.522692,2],1.59,1.04,0.55],[[565121,14.289175,50.568962,2],0.99,1.31,-0.32],[[565148,14.342424,50.392532,1],3.33,2.72,0.61],[[565156,14.039146,50.566669,1],2.36],[[565164,14.044498,50.406368,3],2.5,1.09,1.41],[[565211,14.263257,50.621676,1],1.21],[[565229,14.051142,50.515143,3],1.9,0.53,1.37],[[565237,14.085804,50.501745,1],2.54],[[565245,14.05484,50.534078,1],2,1.27,0.73],[[565253,14.152928,50.372805,1],3.24,1.2,2.04],[[565300,14.281839,50.36565,1],1.79,1.5,0.29],[[565318,14.127166,50.362321,2],2.39,0.91,1.48],[[565342,14.179516,50.447702,1],0.76,1.26,-0.5],[[565393,14.198588,50.56034,1],3.41,1.53,1.88],[[565415,13.948396,50.472089,1],6.53,0.9,5.63],[[565431,14.264579,50.50573,2],3.58,0.3,3.28],[[565458,14.032075,50.569522,1],1.04],[[565482,14.351181,50.461398,1],1.09],[[565491,14.218727,50.373201,1],1.6,3.47,-1.87],[[565521,14.068389,50.41107,1],4.04],[[565555,14.260565,50.425305,4],1.1,0.29,0.81],[[565598,14.071012,50.478454,1],2.24,0.84,1.4],[[565601,14.038155,50.430683,1],1.42],[[565610,14.387857,50.503633,1],3.82,0.82,3],[[565679,14.249643,50.363689,2],3.15],[[565695,14.037519,50.498891,1],0.49,0.77,-0.28],[[565709,14.374322,50.453087,3],2.12,0.54,1.58],[[565717,14.150658,50.511102,3],2.54,1.34,1.2],[[565741,14.189878,50.503389,1],3.35,0.57,2.78],[[565768,13.990159,50.476429,2],2.15,0.16,1.99],[[565776,13.899372,50.45817,1],0.7],[[565792,14.20553,50.599744,1],0.78,2.54,-1.76],[[565806,14.035645,50.463202,1],1.38],[[565814,14.34769,50.585804,3],1.19,0.76,0.43],[[565831,14.254008,50.43399,1],1.83],[[565849,13.976864,50.53909,2],1.98,0.94,1.04],[[565865,14.020198,50.510608,1],1.85,0.96,0.89],[[565873,13.955542,50.497071,0],8],[[565881,14.268153,50.373533,1],4,0.69,3.31],[[565890,14.286605,50.4833,1],1.6,0.66,0.94],[[565903,14.084782,50.462705,1],1.21],[[565911,14.289857,50.502216,1],1.51],[[565946,14.091474,50.523199,1],2.38,0.97,1.41],[[565954,14.233166,50.446388,1],3.96],[[565962,14.156757,50.555387,2],1.65,0.7,0.95],[[530565,13.876828,50.464261,0],7.14],[[530590,13.513599,50.33349,1],0.55,1.14,-0.59],[[542547,13.852757,50.347086,1],4.28,2.63,1.65],[[542555,13.735342,50.311585,0],4.68,2.38,2.3],[[542571,13.812247,50.332834,2],2.34,3.24,-0.9],[[542580,13.863081,50.373356,1],4.06,3.3,0.76],[[542628,13.845324,50.361485,2],3.82,1.51,2.31],[[542636,13.842789,50.285958,0],2.77],[[543012,13.912212,50.286331,0],1.23,1.61,-0.38],[[543128,13.571151,50.349927,1],0.92,2.06,-1.14],[[546011,13.747256,50.320403,1],4.03,2.38,1.65],[[546178,13.949094,50.298161,0],3.12,3.84,-0.72],[[546429,13.829608,50.408357,0],4.08],