{"reg":24,"towns":[[[530824,16.73287,49.48694,1],1.17],[[553883,16.463018,49.565027,0],10.52],[[581283,16.647855,49.36495,4],0.14],[[581291,16.663955,49.295708,3],0.14],[[581364,16.591291,49.425135,2],0.43],[[581372,16.660076,49.487612,4],0.05],[[581470,16.721351,49.578884,1],1.36],[[581682,16.756055,49.344631,3],0.21],[[581879,16.517324,49.506551,3],0.11],[[581917,16.573678,49.547189,3],0.12],[[582018,16.537263,49.451697,2],0.14],[[582115,16.605726,49.452311,1],0.92],[[582247,16.641436,49.393418,2],2.19],[[582590,16.666313,49.567378,1],1.14],[[582603,16.719949,49.402702,1],1.08],[[582654,16.746834,49.363886,1],0.64],[[582671,16.557996,49.481598,1],0.64],[[582760,16.545573,49.407034,0],1.23],[[550973,16.606937,49.19516,5],0.23],[[550990,16.606937,49.19516,4],0.18],[[551007,16.606937,49.19516,4],0.25],[[551031,16.606937,49.19516,5],0.24],[[551058,16.606937,49.19516,4],0.23],[[551066,16.606937,49.19516,3],0.22],[[551074,16.606937,49.19516,3],1.24],[[551082,16.606937,49.19516,4],0.23],[[551091,16.606937,49.19516,4],0.13],[[551112,16.606937,49.19516,4],0.12],[[551147,16.606937,49.19516,4],0.14],[[551171,16.606937,49.19516,3],0.19],[[551198,16.606937,49.19516,4],0.22],[[551228,16.606937,49.19516,3],0.11],[[551236,16.606937,49.19516,3],0.23],[[551244,16.606937,49.19516,4],0.13],[[551252,16.606937,49.19516,3],0.06],[[551279,16.606937,49.19516,4],0.29],[[551287,16.606937,49.19516,5],0.47],[[551295,16.606937,49.19516,3],0.03],[[551317,16.606937,49.19516,3],0.22],[[551325,16.606937,49.19516,2],0.13],[[582786,16.606937,49.19516,6],0.24],[[549908,16.32465,49.365622,0],2.22],[[581976,16.413696,49.404719,2],0.46],[[582263,16.482952,49.390415,0],1.21],[[582808,16.358273,49.173078,1],0.46],[[582824,16.672575,49.247178,3],0.25],[[582859,16.644601,49.055066,2],1.11],[[582875,16.345762,49.294469,0],4.47],[[582913,16.478018,49.313339,2],0.39],[[582948,16.346542,49.320459,2],0.31],[[583057,16.776652,49.236641,1],0.99],[[583081,16.59439,49.038731,3],0.09],[[583120,16.377622,49.101545,3],0.07],[[583235,16.376457,49.156753,1],0.62],[[583251,16.531546,49.298618,4],0.14],[[583391,16.614517,49.12799,3],0.21],[[583405,16.751677,49.22287,3],0.22],[[583464,16.386382,49.334089,0],1.78],[[583481,16.387883,49.142313,1],0.83],[[583561,16.523392,49.11128,3],0.4],[[583634,16.72095,49.190524,2],0.19],[[583677,16.790847,49.209864,2],0.26],[[583685,16.765498,49.141161,1],0.34],[[583731,16.61361,49.00323,1],0.35],[[583758,16.603982,49.090311,3],0.28],[[583774,16.635332,49.105224,1],0.35],[[583782,16.387975,49.18242,3],0.06],[[583839,16.393723,49.215075,2],0.28],[[583901,16.253595,49.239197,1],0.84],[[583910,16.50409,49.152312,3],0.3],[[583936,16.546565,49.079913,2],0.94],[[583952,16.727418,49.168729,3],0.31],[[583987,16.405736,49.170348,2],0.3],[[584045,16.757474,49.104448,3],0.56],[[584096,16.753684,49.197473,1],0.37],[[584100,16.436969,49.276013,3],0.21],[[584126,16.825512,49.213678,2],0.22],[[584142,16.608308,49.05148,2],0.53],[[584151,16.613878,49.309357,1],0.35],[[584177,16.284964,49.183126,1],0.38],[[584223,16.349616,49.155344,3],0.09],[[584231,16.602677,49.011697,2],0.35],[[584282,16.618911,49.039624,3],0.08],[[584517,16.575843,48.929811,1],4.63],[[584762,16.543748,48.90306,1],0.39],[[584801,16.524557,48.981287,3],0.82],[[584843,16.57344,48.961724,2],5.53],[[585033,16.606707,48.966097,2],1.17],[[596892,16.293684,49.383986,0],6.25],[[550256,16.882945,48.996536,0],1.19],[[555282,16.763556,48.957874,1],2.63],[[584291,16.882617,48.75324,4],0.8],[[584304,16.622349,48.834789,1],3.8],[[584355,16.535482,48.875309,1],3.48],[[584371,16.567583,48.819377,2],0.85],[[584428,16.592933,48.854571,2],4.71],[[584436,16.643792,48.888324,1],1.26],[[584444,16.485962,48.857558,2],0.65],[[584452,16.762404,48.774086,2],0.31],[[584495,16.737726,48.940946,3],1.75],[[584550,16.859619,48.995112,2],0.5],[[584568,16.891691,48.932959,2],0.88],[[584576,16.978794,48.74695,2],0.89],[[584622,16.967053,48.724531,3],0.11],[[584631,16.803498,48.800018,2],0.31],[[584649,16.637788,48.805383,3],1.69],[[584665,17.013814,48.803142,3],0.16],[[584754,16.493828,48.809718,1],1.78],[[584797,16.848324,48.82564,3],0.28],[[584819,16.66701,48.927358,1],0.43],[[584860,16.813408,48.858211,2],0.42],[[584878,16.693989,48.778993,1],0.48],[[584894,16.706715,48.951684,1],1.03],[[584908,16.775476,48.907566,1],2.06],[[584924,16.714344,48.897558,2],1.06],[[584932,16.77986,49.014427,2],0.16],[[584941,16.994567,48.760582,2],0.33],[[584959,17.013324,48.779531,2],0.33],[[584967,16.653546,48.967902,2],0.7],[[584975,16.755094,48.74079,3],0.6],[[584983,16.892379,48.849388,3],0.53],[[585017,16.816155,48.904792,3],0.36],[[585041,16.897893,48.915184,2],1.33],[[586021,17.126102,48.853039,4],0.67],[[586081,17.266959,48.973463,3],0.19],[[586102,16.942409,48.906019,2],0.16],[[586137,17.028691,48.858707,3],0.1],[[586161,17.090148,48.917038,3],0.11],[[586218,17.533503,48.862174,1],4.45],[[586277,17.153306,49.02693,1],0.65],[[586307,17.12261,49.009967,4],0.07],[[586323,17.46182,48.905046,2],1.04],[[586340,17.05439,49.063682,1],0.32],[[586358,17.071145,48.841077,3],0.83],[[586382,17.141387,48.955858,2],0.22],[[586412,17.02928,48.904228,3],0.09],[[586510,17.165713,48.920114,3],0.08],[[586528,17.183408,48.880497,3],0.1],[[586552,17.079041,49.01974,1],0.33],[[586561,16.981633,48.878704,1],7.11],[[586587,17.31691,48.901117,3],0.05],[[586625,17.089396,48.977127,3],0.09],[[586668,17.265026,49.00165,1],0.41],[[586714,17.520706,48.882667,3],0.87],[[586722,17.381015,48.952477,4],0.06],[[586757,17.350609,48.931064,3],0.12],[[586811,17.008221,49.014333,1],0.9],[[550108,17.035316,49.20417,1],0.97],[[550825,16.812243,49.177588,2],0.66],[[557048,16.978594,49.121563,1],0.77],[[592889,16.996199,49.277552,4],0.06],[[593001,16.951569,49.276395,2],0.13],[[593141,16.885919,49.092284,1],0.38],[[593168,16.906888,49.216446,1],0.56],[[593214,16.829426,49.142261,2],0.59],[[593265,16.850309,49.068009,1],0.47],[[593401,17.124981,49.129699,1],0.85],[[593559,16.882252,49.201381,3],0.06],[[593583,16.876598,49.153354,3],0.15],[[593702,17.01382,49.329083,1],0.98],[[593711,16.054368,48.856011,5],0.08],[[593931,16.26177,49.052312,1],2.17],[[593958,16.365753,48.909233,0],1.51],[[594032,16.381414,48.75219,2],0.34],[[594041,16.025651,48.923757,1],0.91],[[594067,16.163476,48.8369,2],0.27],[[594148,16.268293,48.772933,1],0.41],[[594181,16.253784,49.072435,1],0.67],[[594202,15.990027,48.987465,2],0.25],[[594300,16.077071,48.876057,1],0.34],[[594512,16.372859,48.968632,0],3.92],[[594750,16.27947,49.026365,1],0.61],[[594920,16.155687,48.836196,2],0.58],[[595071,16.150357,48.982515,2],0.31]],"districts":[["CZ0641",0.13],["CZ0642",0.24],["CZ0643",0.2],["CZ0644",0.71],["CZ0645",0.26],["CZ0646",0.08],["CZ0647",0.09]],"regions":[["CZ064",null]]}