{"reg":349,"towns":[[[513717,15.727458,50.18002,1],7.52],[[530671,15.620991,50.294187,0],20.68],[[548057,15.757627,50.323032,0],3.7],[[548065,15.582212,50.161163,1],13.58],[[548154,15.775579,50.257478,1],13.63],[[548677,16.020182,50.24034,0],16],[[569810,15.825311,50.210461,5],16.93],[[569828,15.585617,50.192196,0],18.68],[[569836,15.56774,50.197698,1],13.95],[[569852,15.942805,50.198081,1],16.21],[[569861,15.736096,50.310292,0],35.71],[[569879,15.930746,50.214011,1],27.52],[[569887,15.630961,50.203911,1],6.28],[[569917,15.922644,50.262743,2],21.26],[[569925,15.874133,50.318732,2],9.06],[[569933,15.731935,50.28893,0],12.5],[[569941,15.921759,50.239875,0],9.52],[[569968,15.641146,50.147821,1],8.58],[[569976,15.694605,50.287371,1],8.54],[[569984,15.708601,50.239725,1],11.11],[[569992,15.826971,50.326035,1],7.89],[[570001,15.403364,50.264697,1],37.1],[[570010,15.71623,50.314969,0],11.62],[[570028,15.860186,50.308038,1],6.8],[[570044,15.767421,50.309639,1],10.83],[[570052,15.675654,50.218662,0],8.82],[[570087,15.511631,50.226124,1],10.21],[[570109,15.460363,50.154506,3],42.26],[[570125,15.550972,50.149139,1],13.88],[[570133,16.002737,50.22828,1],12.5],[[570150,15.557599,50.153056,0],10.81],[[570168,15.501358,50.125681,1],15.32],[[570176,15.534913,50.179841,1],24],[[570184,15.555822,50.178703,1],16.49],[[570192,15.53668,50.259542,1],12.65],[[570206,15.607018,50.169243,1],11.29],[[570214,15.636021,50.217617,1],7.5],[[570222,15.942389,50.297761,0],8.62],[[570231,15.696345,50.172522,1],12.37],[[570249,15.695007,50.191851,1],10.44],[[570257,15.996241,50.244268,0],25.42],[[570265,15.95985,50.242363,1],10.3],[[570273,15.963989,50.287938,1],9.57],[[570290,15.408168,50.181052,0],33.92],[[570303,15.610553,50.270952,1],5.76],[[570311,15.820017,50.272221,1],10.98],[[570320,15.38474,50.165301,1],25.76],[[570354,15.819476,50.33965,0],25],[[570362,15.411967,50.213644,1],12.4],[[570397,15.528273,50.215505,1],11.21],[[570401,15.501571,50.191824,0],17.56],[[570419,15.68594,50.27513,1],7.27],[[570427,15.557476,50.297719,0],15.21],[[570435,15.675954,50.296508,1],14.28],[[570443,15.78561,50.27676,1],13.63],[[570451,15.632865,50.237468,2],9.06],[[570478,15.463452,50.192306,1],19.48],[[570494,15.495214,50.147769,1],25.8],[[570508,15.490926,50.241602,3],19.48],[[570516,15.511087,50.32963,1],24.39],[[570524,15.445092,50.142363,1],28.88],[[570532,15.686098,50.142888,1],6.86],[[570541,15.676288,50.143649,0],6.52],[[570567,15.598601,50.289854,1],8.18],[[570575,15.501834,50.15553,1],32.89],[[570648,15.548695,50.238775,1],8.52],[[570656,15.742802,50.17297,2],13.13],[[570672,15.815669,50.256426,2],9.23],[[570681,15.410541,50.151634,1],25.8],[[570702,15.796171,50.315762,0],16],[[570711,15.693658,50.209432,0],16.98],[[570729,15.663736,50.20977,0],26.08],[[570745,15.651804,50.176262,1],11.58],[[570796,15.796074,50.289952,1],2],[[570800,15.872134,50.27647,1],13.2],[[570834,15.499348,50.268616,2],20.43],[[570851,15.502075,50.257418,1],11.85],[[570869,15.477355,50.291556,2],16.51],[[570877,15.865181,50.299879,3],7.08],[[570885,15.917943,50.299846,1],20.28],[[570907,15.705857,50.307552,0],12.04],[[570915,15.530668,50.150422,0],32.55],[[570931,15.748412,50.215821,2],8.68],[[570958,15.64079,50.301628,1],11.53],[[570966,15.718242,50.258368,1],6.2],[[571008,15.662838,50.154859,1],6.6],[[571016,15.542057,50.315142,0],28.3],[[571024,15.711159,50.207992,1],13.43],[[571041,15.992336,50.201066,3],18.77],[[571059,15.688982,50.265178,1],5.33],[[571083,15.428963,50.289608,1],21.42],[[571091,15.760224,50.255417,2],10.79],[[571105,15.979052,50.269739,1],13.86],[[571113,15.824842,50.153472,2],9.34],[[571130,15.483086,50.211244,0],20.4],[[573132,15.452434,50.25854,1],24.48],[[573191,15.700009,50.297512,1],10.37],[[573531,15.626417,50.185916,0],7.5],[[573621,15.711346,50.191374,0],16.04],[[573710,15.587203,50.245928,1],16.25],[[573744,15.56176,50.224827,0],10.6],[[573779,15.75893,50.297029,0],12],[[576352,16.012785,50.250722,1],10.11],[[576433,16.04283,50.223913,1],10.68],[[530735,15.213064,50.386111,0],1.35],[[548855,15.620923,50.316342,0],19.44],[[548863,15.63112,50.329866,1],12.94],[[548871,15.607452,50.299084,0],20],[[548880,15.582808,50.325546,0],21.17],[[548898,15.137489,50.375876,0],8.69],[[548901,15.600604,50.369489,0],10.86],[[548910,15.30877,50.4497,0],6.66],[[548944,15.470916,50.39615,0],4.25],[[548952,15.254641,50.308573,0],2.56],[[548961,15.219151,50.394226,0],5.71],[[548979,15.654346,50.438962,0],7.14],[[548995,15.643602,50.39943,0],3.57],[[549029,15.628263,50.438105,0],23.07],[[549037,15.516036,50.432957,0],10.81],[[549070,15.313367,50.434394,0],10],[[549096,15.342338,50.40511,1],3.77],[[549100,15.337606,50.465297,0],16.36],[[549118,15.359434,50.467293,0],5.55],[[549151,15.32977,50.478592,0],2.35],[[549169,15.350713,50.454929,0],5.33],[[549185,15.258528,50.454396,0],5],[[549193,15.264128,50.470898,0],2.77],[[549207,15.493052,50.347043,0],8.33],[[549223,15.29557,50.387734,0],6.52],[[549274,15.678023,50.333359,0],7.14],[[549355,15.280763,50.324828,0],2.43],[[572136,15.374882,50.316531,0],7.4],[[572144,15.380794,50.286507,0],1.88],[[572187,15.349485,50.308911,0],9.09],[[572659,15.361144,50.435433,4],6.44],[[572667,15.605129,50.334576,0],11.86],[[572675,15.292617,50.31413,1],5],[[572705,15.708485,50.365894,0],7],[[572756,15.636457,50.42462,0],19.44],[[572772,15.244218,50.392983,1],2.5],[[572781,15.723633,50.333348,1],6.4],[[572811,15.360429,50.339204,0],3.44],[[572829,15.170627,50.36818,1],6.85],[[572837,15.602674,50.348096,1],38.97],[[572900,15.320807,50.451706,1],7.77],[[572918,15.577533,50.375381,1],23.07],[[572926,15.63194,50.366189,3],6.99],[[572969,15.496287,50.359371,1],4.26],[[572993,15.680876,50.344654,1],4.95],[[573001,15.337392,50.373176,1],3.54],[[573043,15.322548,50.493286,1],5.55],[[573051,15.480335,50.402345,1],8.62],[[573060,15.2704,50.330951,2],4.4],[[573086,15.554989,50.336986,0],4.76],[[573094,15.582797,50.428843,3],6.16],[[573108,15.21695,50.375516,2],3.38],[[573116,15.162912,50.490669,1],10.15],[[573124,15.298603,50.498255,1],0.79],[[573141,15.616987,50.395819,1],11.95],[[573159,15.470396,50.431154,1],7.86],[[573167,15.196175,50.430868,1],7.52],[[573175,15.682367,50.403916,1],5.45],[[573183,15.178861,50.401703,0],4.76],[[573205,15.232724,50.482181,1],2.81],[[573213,15.521712,50.411963,1],11.7],[[573221,15.699658,50.391682,1],6.18],[[573230,15.370126,50.384534,1],5.12],[[573248,15.515138,50.494593,3],4.94],[[573256,15.562386,50.407609,0],4.7],[[573264,15.159618,50.463947,0],5.97],[[573272,15.549593,50.372556,2],8.89],[[573281,15.289734,50.443397,0],7.14],[[573299,15.608329,50.480435,2],4.48],[[573302,15.543039,50.42605,0],18.75],[[573311,15.514528,50.390156,1],3.72],[[573329,15.310632,50.418572,1],1.41],[[573337,15.447215,50.45237,0],4.65],[[573345,15.340577,50.469069,1],8.69],[[573353,15.294637,50.412586,0],2.73],[[573361,15.402094,50.463465,0],12.9],[[573370,15.428693,50.458914,1],9.6],[[573442,15.23502,50.459432,1],7.69],[[573451,15.424479,50.320225,1],4.91],[[573469,15.381502,50.366869,1],4.31],[[573477,15.514931,50.372376,1],7.84],[[573493,15.176299,50.467515,2],7.83],[[573507,15.49455,50.510424,2],8.59],[[573523,15.494647,50.336688,1],4.08],[[573540,15.274587,50.404458,1],8.62],[[573612,15.651767,50.339344,1],5.26],[[573647,15.417033,50.395077,0],6.38],[[573655,15.47042,50.473031,1],6],[[573663,15.261676,50.374485,1],10.25],[[573671,15.687441,50.427287,0],3.63],[[573680,15.262655,50.506631,1],1.01],[[573698,15.437401,50.43413,1],5.05],[[573701,15.384989,50.455113,2],6.8],[[573736,15.565907,50.512639,1],0.99],[[573752,15.378316,50.393404,1],6],[[573761,15.398381,50.335635,0],4.34],[[573795,15.323155,50.323952,0],4.47],[[573809,15.436421,50.331055,1],5.75],[[573825,15.384697,50.472837,2],3.59],[[573833,15.411844,50.353646,1],4.28],[[573841,15.32061,50.295469,0],2.7],[[573850,15.382081,50.30222,0],12.12],[[505099,16.058927,50.450166,0],26.58],[[530786,16.016933,50.384385,0],16.66],[[547565,16.02139,50.421946,0],5],[[547646,16.189414,50.46187,2],14.2],[[547654,16.008082,