{"reg":578,"towns":[[[538795,12.168117,50.234889,1],0.63],[[538868,12.279652,50.086208,1],6.45],[[538906,12.547716,50.055886,1],6.66],[[539023,12.400268,50.128744,1],3.64],[[539074,12.317021,50.166294,0],2.12],[[539112,12.59591,49.991631,1],5.2],[[539279,12.666767,49.966767,2],2.95],[[539376,12.739122,49.948927,0],5.71],[[539431,12.744072,49.971876,1],3.06],[[539473,12.779206,49.953112,0],14.28],[[539481,12.654905,49.976907,1],2.15],[[539554,12.48425,50.103171,1],3.84],[[554481,12.369964,50.079633,5],4.47],[[554499,12.195113,50.223983,4],1.32],[[554502,12.551125,50.018055,2],2.15],[[554511,12.665618,49.93907,1],7.14],[[554529,12.349781,50.120159,3],2.54],[[554545,12.272617,50.156457,2],8.3],[[554553,12.175894,50.304702,2],0.56],[[554600,12.624853,50.010693,2],1.6],[[554618,12.230943,50.128275,1],0.57],[[554626,12.448928,50.036398,1],0.59],[[554634,12.406065,50.252592,2],2.33],[[554642,12.701298,49.964699,4],6.62],[[554677,12.787043,50.03698,1],1.69],[[554693,12.472085,50.115352,1],3.53],[[554707,12.445362,50.217131,1],3.78],[[554740,12.34681,50.220815,2],0.56],[[554812,12.361561,50.170411,2],1.96],[[554855,12.676134,49.91921,1],1.51],[[554880,12.616745,49.942277,1],3.42],[[555631,12.86316,49.981953,3],8.15],[[578002,12.372344,50.19907,0],11.62],[[506486,12.924571,50.409844,0],2.38],[[506494,12.719531,50.360145,1],1.44],[[537845,12.85168,50.148702,0],8.1],[[537870,12.870986,50.197494,1],6.66],[[537918,12.895923,50.247898,2],6.02],[[537926,12.800046,50.226649,1],3.9],[[537934,12.770109,50.237288,1],0.93],[[537969,12.871721,50.25545,1],6.01],[[538001,12.962918,50.20449,1],4.76],[[538027,12.765442,50.291579,0],2.08],[[538116,12.814015,50.294681,1],3.5],[[538159,12.919811,50.283247,1],3.01],[[551651,12.789994,50.213854,1],8],[[554961,12.872062,50.231952,5],8.49],[[554979,12.818377,50.368855,2],4.93],[[554995,12.838429,50.083561,1],17.95],[[555029,13.045282,50.151007,2],2.03],[[555045,12.769752,50.258843,1],1.47],[[555169,12.771048,50.390493,1],0.94],[[555185,12.871918,50.309508,2],5],[[555207,13.249179,50.104736,1],1.86],[[555215,12.934767,50.358573,3],3.75],[[555258,12.903449,50.187545,1],5.66],[[555304,12.921351,50.072448,1],5.21],[[555347,13.000007,50.262803,1],2.85],[[555363,12.863613,50.32819,1],6.22],[[555380,12.729474,50.322529,3],4.88],[[555398,12.784334,50.271028,3],1.78],[[555428,12.939183,50.306035,4],8.29],[[555444,12.892407,50.032393,1],42.22],[[555452,12.783825,50.365797,1],2.11],[[555479,12.736597,50.428273,1],2.85],[[555533,12.897194,50.267226,2],2.81],[[555550,12.874064,50.165217,1],2.31],[[555584,13.051067,50.337331,1],4.23],[[555592,13.005785,50.183216,1],10.99],[[555622,13.114279,50.058313,1],5.55],[[555657,12.985171,50.060604,3],4.51],[[555681,12.954852,50.070847,1],2.82],[[555690,13.254676,50.174239,1],1.04],[[555703,13.009826,50.284179,1],3.95],[[555711,13.173868,50.14131,1],3.75],[[555738,13.016307,50.303424,1],2.1],[[555762,13.163084,50.092028,2],3.37],[[556947,12.925973,50.179793,1],4.43],[[578011,12.863016,50.068626,0],13.79],[[578029,12.696743,50.348275,1],14.28],[[578045,13.002857,50.344955,1],3.33],[[511587,12.579546,50.211627,1],4.21],[[538337,12.786342,50.109287,1],2.98],[[538396,12.582432,50.135748,1],1.45],[[538434,12.625358,50.192341,2],2.79],[[538591,12.645192,50.164731,2],2.94],[[560286,12.659992,50.174629,4],2.09],[[560294,12.643488,50.145752,3],2.4],[[560316,12.572766,50.166437,2],1.61],[[560324,12.61344,50.162671,1],3.38],[[560332,12.567344,50.146566,1],2.5],[[560359,12.550653,50.183078,3],1.27],[[560367,12.807697,50.138742,3],2.48],[[560383,12.747709,50.23983,4],2.82],[[560413,12.602422,50.28276,1],3.03],[[560421,12.504505,50.14885,1],1.69],[[560456,12.534192,50.216079,1],1.06],[[560464,12.67954,50.19412,1],1.11],[[560472,12.517588,50.323835,3],1.56],[[560499,12.530388,50.119038,3],1.66],[[560502,12.552602,50.128978,1],0.76],[[560537,12.754163,50.186112,3],5.37],[[560545,12.632789,50.211851,2],1.01],[[560570,12.738121,50.206578,3],2.32],[[560588,12.558884,50.251243,2],2.27],[[560600,12.573526,50.29638,3],1.59],[[560618,12.668852,50.104512,1],1.69],[[560642,12.719941,50.181807,1],5.55],[[560651,12.526519,50.356766,1],0.97],[[560685,12.717598,50.233928,2],0.45],[[579360,12.676998,50.182307,0],7.84]],"districts":[["CZ0411",3.77],["CZ0412",6.88],["CZ0413",2.23]],"regions":[["CZ041",null]]}