{"reg":580,"towns":[[[551724,17.477161,49.958602,1],1.17],[[551732,17.441174,49.960503,1],2.36],[[551767,17.432173,50.003657,1],1.95],[[551813,17.625765,49.933251,0],3.27],[[551872,17.672253,50.280106,0],3.77],[[551902,17.341559,49.9515,0],4.25],[[551911,17.236572,49.958482,1],1.94],[[551929,17.389192,50.060911,1],2.06],[[551996,17.342351,50.107531,1],1.81],[[569551,17.5283,50.023575,1],1.58],[[597180,17.463794,49.988277,4],0.52],[[597198,17.565611,49.869715,0],1.56],[[597210,17.629214,50.063603,2],0.6],[[597228,17.371179,49.911767,3],1.48],[[597252,17.401831,49.834288,1],4.76],[[597317,17.547725,49.833416,2],1.65],[[597325,17.397871,50.193392,1],1.06],[[597341,17.486079,50.156849,1],1.09],[[597350,17.60273,49.966918,2],0.53],[[597368,17.211221,49.908546,1],1.09],[[597449,17.519131,50.251932,2],0.69],[[597473,17.30696,50.073193,0],1.09],[[597481,17.445738,50.105736,1],2.31],[[597511,17.546206,50.091869,1],2.27],[[597520,17.703168,50.090683,4],0.81],[[597546,17.574652,49.905954,1],1.73],[[597554,17.62651,50.007958,2],1.12],[[597571,17.605521,50.222367,1],2.05],[[597589,17.415174,49.871099,1],0.87],[[597601,17.311666,50.021157,1],0.56],[[597635,17.574913,50.163036,3],0.69],[[597716,17.715337,50.275267,2],1.38],[[597783,17.271873,49.931927,3],0.9],[[597872,17.399982,50.046192,2],1.17],[[597881,17.674365,49.946147,1],0.94],[[597899,17.480203,50.063922,1],2.15],[[597911,17.57542,50.20503,1],0.41],[[597937,17.744838,50.047254,1],2.17],[[597945,17.371834,49.979799,1],1.98],[[597961,17.383262,50.121048,3],1.08],[[597988,17.593061,50.034227,2],0.34],[[507091,18.756984,49.656185,2],1.52],[[507181,18.361716,49.613573,2],1.21],[[507237,18.527882,49.658204,2],0.86],[[507423,18.406126,49.621505,2],1.06],[[507458,18.69578,49.589496,1],1.14],[[511633,18.738514,49.569174,1],0.85],[[511935,18.821553,49.556686,2],0.9],[[511951,18.706198,49.547928,1],1.46],[[512028,18.80242,49.55934,2],0.78],[[512176,18.737315,49.616708,2],3.75],[[512184,18.339222,49.606756,2],0.72],[[512192,18.461438,49.694745,1],0.42],[[549665,18.472974,49.619845,2],0.34],[[549673,18.481485,49.582088,1],1.81],[[552488,18.468124,49.68244,1],0.55],[[552518,18.426436,49.660825,2],1.91],[[552551,18.363604,49.670019,2],1.18],[[552569,18.272916,49.686041,2],0.18],[[552577,18.347648,49.564927,1],1.03],[[552593,18.398071,49.579287,1],1.97],[[552623,18.529296,49.712553,2],1.53],[[552631,18.505428,49.692472,1],1.6],[[552640,18.571511,49.641202,1],2.4],[[552658,18.571876,49.660869,1],4.02],[[552674,18.569214,49.67941,2],1.2],[[552682,18.457023,49.635907,1],0.7],[[554014,18.759182,49.5873,3],0.83],[[554928,18.713186,49.666714,3],1.38],[[556971,18.61356,49.705458,2],1.36],[[568813,18.48628,49.608863,1],0.35],[[568830,18.317179,49.733473,2],1.05],[[569631,18.327726,49.689354,2],0.67],[[598003,18.367422,49.682031,5],1.14],[[598011,18.372443,49.645943,3],1.11],[[598038,18.222205,49.700196,3],0.28],[[598046,18.409749,49.717092,1],1.38],[[598062,18.720488,49.63667,3],0.49],[[598071,18.337697,49.548829,3],0.66],[[598089,18.414037,49.673927,3],0.56],[[598101,18.481063,49.712825,2],0.56],[[598135,18.223315,49.666867,2],0.92],[[598143,18.358605,49.591902,3],1.4],[[598160,18.541393,49.682383,2],1.77],[[598259,18.764694,49.576815,3],0.81],[[598275,18.39622,49.744405,1],1.07],[[598321,18.256672,49.590494,3],1.03],[[598348,18.235519,49.729234,2],1.88],[[598356,18.261235,49.550798,2],1.94],[[598364,18.298465,49.597285,1],1.97],[[598399,18.449769,49.716011,2],1.37],[[598445,18.524824,49.596169,2],0.91],[[598453,18.754281,49.527472,3],1.13],[[598542,18.391751,49.535196,2],1.59],[[598551,18.315185,49.63477,3],2.6],[[598569,18.290478,49.731885,3],0.82],[[598674,18.368797,49.71846,2],0.44],[[598691,18.221998,49.623907,2],0.46],[[598747,18.44589,49.472486,1],0.68],[[598810,18.67089,49.677731,5],1.34],[[552739,18.481997,49.797901,3],1.16],[[555088,18.430725,49.780492,5],1.53],[[555291,18.569232,49.768592,2],0.85],[[568864,18.480287,49.858829,2],0.99],[[598178,18.436881,49.749749,2],1.33],[[598917,18.543319,49.856752,5],0.59],[[598925,18.524545,49.786552,3],0.62],[[598933,18.623896,49.747144,4],0.72],[[598941,18.460901,49.894214,3],0.93],[[598968,18.428262,49.898856,3],0.73],[[599051,18.357074,49.904426,4],0.96],[[599069,18.425108,49.870238,5],1.07],[[599077,18.547898,49.895965,3],0.5],[[599085,18.389513,49.831096,3],1.4],[[599107,18.376369,49.86635,3],1.54],[[599158,18.48302,49.752419,3],0.36],[[500046,18.077075,49.626557,2],1.84],[[500259,18.114362,49.539264,2],0.94],[[546984,18.001712,49.73417,1],1.6],[[547000,18.047353,49.557223,1],1.11],[[554065,17.787781,49.695138,1],1.42],[[554171,18.003387,49.604647,2],1.52],[[554910,17.866773,49.628789,1],1.08],[[554936,18.047592,49.800422,1],2.08],[[555312,17.972636,49.703412,1],0.86],[[568406,17.979978,49.790806,1],0.92],[[568422,18.044045,49.750537,2],0.37],[[568473,18.103114,49.613357,2],1.85],[[568546,17.989756,49.63387,2],2.02],[[568554,18.076024,49.600825,2],0.24],[[568562,17.805443,49.713775,1],1.88],[[568643,18.188284,49.669288,1],1.49],[[568686,18.132574,49.689142,1],1.77],[[568716,18.134051,49.657664,1],2.97],[[568732,18.107297,49.563672,2],2.71],[[568741,18.095627,49.70179,1],2.06],[[568775,18.004007,49.700606,1],0.5],[[569755,18.178045,49.684846,1],2.94],[[599191,18.013636,49.594425,4],0.67],[[599212,18.054715,49.66894,2],1.02],[[599247,18.015919,49.756486,3],0.97],[[599344,18.21089,49.548445,4],1.41],[[599352,17.903301,49.712474,3],0.95],[[599409,18.023783,49.53866,2],1],[[599468,17.905365,49.61204,2],1.73],[[599506,18.130739,49.754094,2],1.09],[[599565,18.14491,49.59957,4],2.25],[[599603,18.170051,49.563651,2],0.62],[[599646,17.706584,49.688754,1],2.52],[[599689,18.059792,49.536937,3],0.37],[[599701,17.83095,49.662648,3],0.9],[[599743,18.15153,49.707197,2],0.84],[[599808,18.145096,49.641036,3],2.28],[[599832,18.08701,49.657799,2],1.03],[[599867,17.722514,49.704203,1],0.46],[[599905,17.961801,49.576961,3],0.56],[[599921,18.078634,49.723516,3],0.94],[[599930,17.928263,49.65582,3],1.42],[[599948,18.117521,49.591905,3],1.51],[[599956,18.221589,49.570086,2],0.42],[[599964,18.014705,49.792766,1],0.96],[[599999,18.238113,49.520494,3],0.98],[[505927,17.894899,49.94076,5],0.88],[[506192,18.128764,49.942415,2],1.96],[[506214,18.08369,49.951819,3],0.65],[[506320,17.749685,50.015393,2],1.14],[[506451,17.865664,49.791678,2],1.31],[[506460,17.629792,49.79521,3],0.96],[[506702,18.101406,49.923215,3],0.92],[[506753,18.089995,49.899842,3],1.59],[[507016,18.190649,49.896627,4],0.94],[[507105,18.008393,50.00309,2],1.86],[[507113,17.808573,49.998525,2],0.24],[[507261,18.054935,49.882583,2],0.71],[[507270,17.875924,49.871107,3],0.84],[[507334,18.116667,49.986735,2],1.18],[[507377,17.684108,49.915196,2],0.78],[[507504,18.052227,49.98558,3],0.97],[[507580,18.004827,49.93213,3],1.22],[[507920,17.751529,49.90397,1],0.44],[[507971,18.24019,49.89052,3],1.36],[[508128,18.23613,49.906049,2],0.92],[[508144,17.757906,49.850024,1],0.72],[[508373,18.029644,49.904714,2],1.58],[[509574,17.960845,49.991395,2],1.73],[[509612,17.869927,49.916939,2],1.25],[[509647,18.193601,49.978666,2],0.21],[[509736,17.998005,49.849271,2],0.9],[[510131,17.910595,49.818845,2],0.33],[[510289,17.836519,49.9219,2],0.76],[[510297,17.994974,49.988605,1],0.45],[[510343,17.805574,49.937181,2],0.68],[[510378,18.068504,50.031637,1],0.85],[[510432,18.270274,49.926122,2],0.44],[[510483,18.037518,49.95748,3],1.61],[[510491,18.012559,49.914966,2],1.24],[[510891,17.728896,49.975025,2],0.46],[[510939,17.973904,49.936189,2],0.74],[[511021,17.749517,49.774549,3],1.19],[[511161,17.93542,49.884925,1],1.65],[[512745,18.02101,49.814189,1],1.13],[[512869,18.087213,50.002181,1],0.67],[[512893,17.678131,49.862875,0],5.71],[[512907,18.042227,49.832445,1],0.28],[[512923,17.967589,49.959517,2],2.69],[[512974,18.144995,49.972429,1],1.19],[[547131,17.667329,49.793607,1],1.96],[[547182,18.15595,49.9129,2],0.73],[[553051,17.779797,49.897418,2],1.1],[[553093,17.727963,49.924487,1],0.66],[[553158,17.809969,49.992379,1],0.98],[[554197,17.882754,49.888057,2],1.4],