{"reg":581,"towns":[[[544647,14.264287,50.820934,1],2.22],[[544680,14.265378,50.860304,1],7.96],[[544701,14.231709,50.848754,0],4.54],[[545678,14.355383,50.775633,1],2.77],[[545783,14.293376,50.769646,1],5.88],[[545899,14.327018,50.725809,1],4.34],[[545929,14.340721,50.762175,1],2.27],[[546330,14.41998,50.818924,1],5.47],[[546348,14.352834,50.820458,1],2.56],[[546496,14.256524,50.794169,1],2.91],[[555193,14.205036,50.696428,1],1.65],[[562335,14.212861,50.772656,5],3.26],[[562343,14.264055,50.837124,1],6.4],[[562351,14.3125,50.741692,3],1.19],[[562394,14.417784,50.797908,3],3.93],[[562408,14.193259,50.714949,1],3.01],[[562432,14.595146,50.879988,2],1.79],[[562441,14.286956,50.982619,2],0.84],[[562505,14.545731,50.881485,1],0.95],[[562521,14.303537,50.789539,1],1.35],[[562530,14.483083,50.863346,2],3.09],[[562556,14.394022,50.852494,1],1.27],[[562564,14.103948,50.760925,3],3.39],[[562572,14.57519,50.874552,1],1.42],[[562581,14.568449,50.993471,3],1.6],[[562611,14.510101,50.913136,3],0.91],[[562645,14.53547,50.812746,1],0.7],[[562700,14.270704,50.741627,1],3.1],[[562718,14.169817,50.735259,1],8.69],[[562751,14.363794,50.965179,2],1.36],[[562777,14.555255,50.953525,4],2.77],[[562793,14.515148,50.880068,1],2.21],[[562823,14.496283,50.950546,2],1.21],[[562858,14.452699,51.003793,3],0.89],[[562874,14.322006,50.701933,1],2.46],[[562882,14.618348,50.911648,4],2.15],[[562912,14.374393,50.990885,2],0.78],[[562921,14.301255,50.661245,2],1.53],[[562939,14.37384,50.784784,1],2.06],[[562947,14.335423,50.990647,1],2.89],[[546071,13.364964,50.30526,1],4.8],[[546160,13.478643,50.424293,0],1.69],[[562971,13.410837,50.463598,5],1.2],[[562998,13.358172,50.511799,1],3.63],[[563013,13.420942,50.40228,2],1.87],[[563021,13.359354,50.447783,1],0.58],[[563048,13.172313,50.420806,0],4.44],[[563056,13.429205,50.430887,1],0.47],[[563072,13.498471,50.387359,1],2.17],[[563081,13.430488,50.332881,1],1.62],[[563099,13.448885,50.500627,4],1.24],[[563102,13.271422,50.376092,4],3.87],[[563111,13.322071,50.577837,0],1.11],[[563129,13.171393,50.384561,4],3.48],[[563137,13.053997,50.438324,2],0.39],[[563188,13.385678,50.315996,0],1.12],[[563200,13.333493,50.446278,1],0.42],[[563218,13.280572,50.262382,1],0.6],[[563226,13.115541,50.421723,0],10.34],[[563242,13.26742,50.447156,1],1.29],[[563269,13.106679,50.362327,1],2.32],[[563277,13.45081,50.480923,1],0.94],[[563285,13.110315,50.381769,2],4.53],[[563323,13.284757,50.298139,2],2.2],[[563340,13.391931,50.44104,2],2.22],[[563358,13.530649,50.471126,1],1.63],[[563404,13.032237,50.492426,3],0.77],[[563439,13.312156,50.301078,1],1.38],[[563463,13.495732,50.488266,1],1.16],[[563501,13.470366,50.520381,2],1.18],[[505528,14.004486,50.483044,1],5.3],[[530506,14.109038,50.553345,0],3.44],[[542407,14.17905,50.543317,1],3.25],[[542423,14.307446,50.360924,1],4.16],[[542491,14.082115,50.543636,0],6.25],[[542521,14.082042,50.536682,0],4.25],[[546691,13.969778,50.443126,0],1.78],[[546721,14.016401,50.450166,0],5.26],[[546755,14.301296,50.461941,0],11.76],[[546763,14.253325,50.556722,0],5.45],[[546771,14.07749,50.558481,0],3.63],[[546810,14.187346,50.583028,0],13.79],[[546852,14.243217,50.454495,0],6.12],[[553646,14.162716,50.472956,1],8.86],[[564567,14.130646,50.53852,4],3.89],[[564575,14.341026,50.416252,2],4.85],[[564591,14.150595,50.493264,3],4.62],[[564613,14.141967,50.481073,1],10.57],[[564621,14.145512,50.453763,2],3.18],[[564648,14.216366,50.360615,1],4.93],[[564656,14.126018,50.404377,2],27.01],[[564672,14.307223,50.374801,1],4.76],[[564711,14.028506,50.484284,2],1.75],[[564729,13.908578,50.438699,1],2.17],[[564745,14.29389,50.437691,1],6.13],[[564753,14.16124,50.454991,1],7.14],[[564818,14.190273,50.424637,1],4.23],[[564834,14.028989,50.384155,1],1.29],[[564842,14.10679,50.572465,1],2.81],[[564851,14.346588,50.358792,1],2.94],[[564877,14.33511,50.488694,2],2.94],[[564893,14.230906,50.462572,1],4.6],[[564923,14.250171,50.47327,1],11.82],[[564931,13.993372,50.463209,0],1.69],[[564940,14.085254,50.439891,1],1.57],[[564958,14.000996,50.548326,1],1.28],[[565024,14.006583,50.43154,1],5.4],[[565032,14.248831,50.392685,1],9.02],[[565059,14.333177,50.383135,1],2.56],[[565067,14.301425,50.405474,1],6.15],[[565075,13.980842,50.394622,1],5.4],[[565083,14.21461,50.522692,2],2.12],[[565091,14.285987,50.448307,1],18.84],[[565105,14.284017,50.613935,0],2.08],[[565113,14.047429,50.525685,1],1.2],[[565121,14.289175,50.568962,2],2.32],[[565156,14.039146,50.566669,1],4.73],[[565164,14.044498,50.406368,3],3.97],[[565172,14.229354,50.477022,1],1.73],[[565211,14.263257,50.621676,1],1.82],[[565229,14.051142,50.515143,3],3.64],[[565237,14.085804,50.501745,1],5.08],[[565245,14.05484,50.534078,1],0.4],[[565253,14.152928,50.372805,1],10.18],[[565296,14.11933,50.526999,0],1.75],[[565300,14.281839,50.36565,1],8.98],[[565318,14.127166,50.362321,2],3.04],[[565342,14.179516,50.447702,1],2.29],[[565393,14.198588,50.56034,1],0.85],[[565431,14.264579,50.50573,2],5.53],[[565458,14.032075,50.569522,1],1.57],[[565474,14.193965,50.403615,1],4.34],[[565482,14.351181,50.461398,1],5.49],[[565491,14.218727,50.373201,1],7.2],[[565521,14.068389,50.41107,1],2.02],[[565547,14.117546,50.45949,0],2.63],[[565555,14.260565,50.425305,4],12.38],[[565598,14.071012,50.478454,1],3.37],[[565601,14.038155,50.430683,1],4.28],[[565610,14.387857,50.503633,1],0.54],[[565679,14.249643,50.363689,2],17.66],[[565695,14.037519,50.498891,1],0.49],[[565709,14.374322,50.453087,3],1.55],[[565717,14.150658,50.511102,3],4.95],[[565741,14.189878,50.503389,1],3.35],[[565768,13.990159,50.476429,2],2.69],[[565776,13.899372,50.45817,1],1.76],[[565792,14.20553,50.599744,1],1.56],[[565814,14.34769,50.585804,3],6.26],[[565831,14.254008,50.43399,1],7.32],[[565849,13.976864,50.53909,2],2.18],[[565857,14.063884,50.539512,1],3.92],[[565865,14.020198,50.510608,1],2.77],[[565873,13.955542,50.497071,0],4],[[565881,14.268153,50.373533,1],4],[[565890,14.286605,50.4833,1],3.2],[[565903,14.084782,50.462705,1],8.53],[[565911,14.289857,50.502216,1],3.03],[[565938,14.091136,50.413264,1],13.88],[[565946,14.091474,50.523199,1],1.19],[[565954,14.233166,50.446388,1],9.9],[[565962,14.156757,50.555387,2],3.31],[[530581,13.494015,50.308851,1],3.03],[[530590,13.513599,50.33349,1],1.65],[[530603,13.604272,50.321307,0],4.34],[[542547,13.852757,50.347086,1],4.28],[[542555,13.735342,50.311585,0],3.12],[[542571,13.812247,50.332834,2],3.01],[[542580,13.863081,50.373356,1],4.06],[[542628,13.845324,50.361485,2],1.91],[[543128,13.571151,50.349927,1],5.99],[[546011,13.747256,50.320403,1],2.82],[[546178,13.949094,50.298161,0],6.25],[[546861,13.794844,50.370197,2],1.93],[[546879,13.800031,50.312594,1],5.44],[[546887,13.842119,50.368582,0],1.98],[[565971,13.803455,50.354081,4],3.72],[[565997,13.640793,50.37326,1],3],[[566004,13.389809,50.097026,1],0.52],[[566012,13.628683,50.40695,0],6.89],[[566021,13.471313,50.217441,1],0.8],[[566128,13.609915,50.230738,0],6.45],[[566152,13.729627,50.234257,1],2.12],[[566187,13.563098,50.277534,1],7.87],[[566195,13.864363,50.291438,1],2.96],[[566217,13.730349,50.288215,1],2.79],[[566233,13.843328,50.335042,1],3.08],[[566284,13.944037,50.403319,1],1.29],[[566306,13.367878,50.254271,1],0.52],[[566314,13.426708,50.174477,2],1.87],[[566322,13.766007,50.375267,2],2.61],[[566349,13.838289,50.452574,1],1.63],[[566357,13.621573,50.293667,1],4.41],[[566381,13.515189,50.254811,1],19.76],[[566403,13.680972,50.300702,1],4.2],[[566438,13.313301,50.132182,2],1.19],[[566454,13.537482,50.26677,2],4.85],[[566501,13.313325,50.218181,1],1.01],[[566519,13.474941,50.339745,1],0.7],[[566535,13.917056,50.295028,1],2.32],[[566551,13.959969,50.342609,2],1.47],[[566560,13.446526,50.127625,1],3.48],[[566578,13.703895,50.250358,1],5.94],[[566586,13.887909,50.371926,1],0.84],[[566608,13.262884,50.216536,0],2.22],[[566616,13.41203,50.229475,3],1.89],[[566624,13.70302,50.359895,3],1.94],[[566659,13.779373,50.411665,1],1.17],[[566667,13.774466,50.253498,1],2.24],[[566713,13.907818,50.350713,1],6.45],[[566829,13.886229,50.315391,1],2.22],[[566853,13.662622,