{"reg":585,"towns":[[[561380,14.539799,50.67862,5],1.08],[[561398,14.722084,50.533742,1],1.16],[[561444,14.703495,50.729288,2],0.92],[[561479,14.633019,50.777293,3],1.64],[[561495,14.654377,50.565945,3],1.1],[[561533,14.540343,50.540444,2],1.34],[[561584,14.493073,50.618099,1],0.86],[[561592,14.493538,50.712584,1],0.94],[[561606,14.404106,50.704219,1],0.41],[[561665,14.584657,50.608694,1],0.57],[[561681,14.472979,50.773693,3],0.98],[[561720,14.392521,50.632503,1],0.52],[[561746,14.678722,50.768777,1],1.47],[[561835,14.724956,50.655768,3],0.95],[[561851,14.746964,50.692151,1],1.23],[[561860,14.555664,50.757714,4],0.57],[[561886,14.671066,50.527594,1],2.17],[[561894,14.527685,50.766932,1],0.51],[[561983,14.601372,50.617925,1],0.53],[[562017,14.80363,50.58629,2],0.52],[[562025,14.53067,50.745217,2],0.45],[[562076,14.532396,50.655151,1],2.2],[[562092,14.801127,50.702903,3],0.41],[[562106,14.450096,50.696974,1],0.67],[[562131,14.596917,50.7919,1],0.96],[[562246,14.524708,50.634208,1],0.56],[[562262,14.645335,50.684854,3],0.11],[[562297,14.396344,50.714039,2],1.05],[[546585,15.26303,50.755788,1],2.14],[[563510,15.170414,50.722153,5],1.54],[[563528,15.275813,50.7624,1],1.58],[[563536,15.142571,50.791188,1],2.47],[[563552,15.313862,50.75481,3],3.26],[[563561,15.303285,50.68764,1],1.08],[[563579,15.158867,50.652357,1],2.11],[[563595,15.169244,50.772141,2],2.24],[[563609,15.136637,50.627796,2],1.43],[[563633,15.231574,50.782016,1],1.09],[[563641,15.228332,50.62476,2],2.03],[[563668,15.365424,50.759359,1],2.42],[[563676,15.212313,50.64567,1],2.32],[[563684,15.2678,50.679747,0],5.2],[[563692,15.220572,50.741456,2],2.79],[[563706,15.195534,50.646408,2],1.12],[[563714,15.198577,50.696455,1],1.04],[[563731,15.214758,50.72524,1],1.5],[[563749,15.236038,50.687791,2],1.72],[[563757,15.317471,50.703338,2],1.93],[[563781,15.115859,50.698552,1],1.16],[[563790,15.149898,50.683891,3],1.21],[[563803,15.213411,50.676103,1],1.58],[[563811,15.246502,50.738301,3],2.09],[[563820,15.307982,50.737629,3],1.4],[[563838,15.315498,50.713834,3],1.36],[[563846,15.311826,50.664974,0],1.88],[[563854,15.27004,50.697784,1],3.48],[[563871,15.254186,50.64284,3],3.51],[[530433,15.026152,50.921515,1],0.59],[[544345,15.017139,50.701762,1],0.63],[[544477,15.026936,50.791093,2],1.26],[[544582,15.082181,50.626455,1],1.44],[[545937,15.109852,50.601,0],1.23],[[545953,15.113636,50.619335,1],1.45],[[545996,15.050573,51.004564,1],3.9],[[546631,15.222203,50.873842,1],0.7],[[561631,14.760633,50.765382,3],0.48],[[561657,14.824344,50.762974,0],4.65],[[563889,15.054439,50.76638,6],0.94],[[563901,15.035522,50.664931,1],0.38],[[563935,15.12367,50.971244,1],0.45],[[563960,14.996287,50.661116,3],1.06],[[563994,15.168786,50.945787,1],1.96],[[564028,15.079851,50.921496,3],0.55],[[564036,15.065266,51.019134,1],1.18],[[564044,15.181785,50.877301,3],0.56],[[564061,15.08996,50.665963,3],0.87],[[564095,14.844658,50.852892,3],0.28],[[564117,14.968947,50.817027,3],0.42],[[564133,15.249643,50.960916,1],2.39],[[564184,14.901417,50.73858,1],0.76],[[564206,15.190471,50.890241,1],2.36],[[564231,15.056405,50.831733,2],0.19],[[564265,15.229539,50.925011,3],0.41],[[564290,14.921485,50.69499,2],1.21],[[564303,15.076196,50.594968,1],1.2],[[564354,15.084005,50.578232,2],1.33],[[564371,15.114757,50.904256,3],0.14],[[564397,14.818942,50.789106,1],0.46],[[564427,14.986005,50.711344,1],2.61],[[564460,15.052732,50.706477,2],0.67],[[564494,15.02506,50.966732,2],0.22],[[564532,14.95149,50.64615,1],1.57],[[564541,14.876403,50.765065,1],3.26],[[547476,15.400555,50.724065,1],3.19],[[547484,15.246847,50.519937,0],5.19],[[573400,15.218593,50.617659,0],6.38],[[573418,15.533412,50.580946,1],3.46],[[574201,15.57583,50.52618,0],11.11],[[576964,15.328241,50.605258,3],3.04],[[576972,15.445427,50.534417,1],5.61],[[576981,15.548272,50.666433,2],13.12],[[576999,15.368478,50.603258,1],1.36],[[577006,15.337206,50.640171,1],7.32],[[577031,15.58394,50.542694,0],9.33],[[577057,15.60765,50.5317,1],12.12],[[577073,15.421312,50.613238,1],5.82],[[577081,15.431521,50.772186,2],1.28],[[577120,15.571571,50.608357,2],6.06],[[577146,15.200342,50.544906,1],1.21],[[577154,15.300449,50.602387,1],3.47],[[577162,15.429698,50.703569,2],11.39],[[577171,15.338516,50.660595,1],3.61],[[577189,15.491835,50.680618,0],6.66],[[577197,15.506637,50.608996,3],5.54],[[577219,15.20728,50.561843,1],1.14],[[577235,15.404135,50.571751,2],2.78],[[577243,15.480245,50.565638,1],6.79],[[577294,15.416037,50.559503,1],12.24],[[577308,15.373517,50.530724,3],5.1],[[577316,15.19435,50.591643,2],1.59],[[577332,15.468897,50.600813,1],6.21],[[577341,15.411952,50.52041,1],5.59],[[577359,15.126071,50.597745,2],0.27],[[577375,15.540814,50.528307,1],18.75],[[577391,15.44404,50.619384,1],11.66],[[577405,15.463395,50.661618,2],8.01],[[577430,15.245541,50.577589,1],15.96],[[577456,15.448787,50.729228,3],5.18],[[577464,15.422263,50.647554,1],4.8],[[577472,15.259515,50.535418,2],3.03],[[577481,15.371639,50.65855,0],5.4],[[577499,15.499852,50.563887,2],6.26],[[577529,15.329787,50.580911,1],4.94],[[577545,15.358086,50.550949,1],6.12],[[577553,15.54947,50.553543,2],29.85],[[577561,15.455663,50.553516,0],12.19],[[577570,15.427821,50.498928,0],9.23],[[577596,15.273268,50.571343,1],2.84],[[577600,15.22242,50.511687,0],1.56],[[577626,15.156909,50.587385,4],1.3],[[577651,15.487779,50.630181,1],7.22],[[577669,15.531308,50.679115,1],3.96],[[577693,15.401633,50.685688,2],5.31],[[577707,15.274194,50.61161,1],4.92]],"districts":[["CZ0511",0.84],["CZ0512",1.79],["CZ0513",0.82],["CZ0514",4.78]],"regions":[["CZ051",null]]}