{"reg":586,"towns":[[[513890,14.619672,50.563681,0],2],[[514161,14.664183,50.51251,0],2.77],[[544337,14.838293,50.702975,1],2.67],[[546259,14.486766,50.655024,0],1.35],[[546267,14.467408,50.536579,1],2.24],[[546275,14.482593,50.735875,0],1.75],[[561380,14.539799,50.67862,5],1.68],[[561401,14.603251,50.502986,0],5.88],[[561410,14.396598,50.608503,1],0.9],[[561444,14.703495,50.729288,2],0.92],[[561479,14.633019,50.777293,3],0.51],[[561495,14.654377,50.565945,3],0.78],[[561533,14.540343,50.540444,2],1.07],[[561541,14.808823,50.726074,1],3.05],[[561584,14.493073,50.618099,1],0.86],[[561592,14.493538,50.712584,1],1.88],[[561606,14.404106,50.704219,1],0.83],[[561614,14.562772,50.578538,0],2.04],[[561622,14.559384,50.74039,0],1.92],[[561665,14.584657,50.608694,1],1.72],[[561681,14.472979,50.773693,3],0.54],[[561720,14.392521,50.632503,1],2.11],[[561746,14.678722,50.768777,1],0.73],[[561827,14.678659,50.807507,1],0.95],[[561835,14.724956,50.655768,3],0.31],[[561860,14.555664,50.757714,4],1.08],[[561886,14.671066,50.527594,1],1.08],[[561894,14.527685,50.766932,1],0.51],[[561983,14.601372,50.617925,1],0.53],[[562017,14.80363,50.58629,2],1.04],[[562025,14.53067,50.745217,2],0.68],[[562050,14.588922,50.739037,1],1.04],[[562076,14.532396,50.655151,1],1.32],[[562092,14.801127,50.702903,3],1.64],[[562106,14.450096,50.696974,1],1.69],[[562173,14.664004,50.719064,0],9.52],[[562220,14.453036,50.730204,1],1.7],[[562246,14.524708,50.634208,1],0.56],[[562262,14.645335,50.684854,3],0.58],[[562297,14.396344,50.714039,2],0.21],[[530425,15.184679,50.681858,0],4.47],[[546577,15.167986,50.675488,1],1.76],[[546585,15.26303,50.755788,1],1.42],[[563510,15.170414,50.722153,5],0.79],[[563552,15.313862,50.75481,3],1.21],[[563579,15.158867,50.652357,1],0.9],[[563595,15.169244,50.772141,2],0.64],[[563609,15.136637,50.627796,2],0.71],[[563633,15.231574,50.782016,1],1.09],[[563641,15.228332,50.62476,2],2.03],[[563706,15.195534,50.646408,2],0.67],[[563714,15.198577,50.696455,1],1.56],[[563749,15.236038,50.687791,2],1.03],[[563757,15.317471,50.703338,2],1.55],[[563790,15.149898,50.683891,3],0.53],[[563803,15.213411,50.676103,1],2.11],[[563811,15.246502,50.738301,3],0.31],[[563820,15.307982,50.737629,3],0.7],[[563838,15.315498,50.713834,3],0.13],[[563862,15.353616,50.708647,1],1.16],[[563871,15.254186,50.64284,3],0.4],[[530433,15.026152,50.921515,1],1.19],[[530468,15.075978,50.711714,1],0.37],[[530484,15.09393,50.699666,1],1.17],[[544477,15.026936,50.791093,2],0.37],[[544531,15.100281,50.592605,1],1.6],[[544582,15.082181,50.626455,1],2.89],[[544604,15.111598,50.640548,0],3.22],[[545937,15.109852,50.601,0],2.46],[[545953,15.113636,50.619335,1],4.37],[[545996,15.050573,51.004564,1],2.34],[[546593,15.001175,50.831607,1],0.75],[[546607,15.036676,50.892748,1],0.88],[[561631,14.760633,50.765382,3],0.96],[[563889,15.054439,50.76638,6],0.34],[[563901,15.035522,50.664931,1],0.77],[[563935,15.12367,50.971244,1],0.91],[[563960,14.996287,50.661116,3],0.63],[[563994,15.168786,50.945787,1],0.98],[[564028,15.079851,50.921496,3],0.5],[[564036,15.065266,51.019134,1],0.59],[[564044,15.181785,50.877301,3],0.42],[[564052,14.926704,50.631998,0],2.06],[[564061,15.08996,50.665963,3],0.99],[[564095,14.844658,50.852892,3],0.48],[[564109,14.869039,50.83632,2],0.56],[[564117,14.968947,50.817027,3],0.26],[[564141,15.004443,50.610271,1],1.88],[[564168,15.127667,50.940324,1],3.35],[[564184,14.901417,50.73858,1],1.14],[[564206,15.190471,50.890241,1],0.78],[[564231,15.056405,50.831733,2],0.79],[[564265,15.229539,50.925011,3],1.77],[[564290,14.921485,50.69499,2],0.6],[[564303,15.076196,50.594968,1],0.8],[[564354,15.084005,50.578232,2],1.33],[[564371,15.114757,50.904256,3],0.57],[[564397,14.818942,50.789106,1],0.46],[[564435,15.043456,50.587332,1],2.25],[[564443,15.063976,50.572684,1],3],[[564460,15.052732,50.706477,2],0.67],[[564532,14.95149,50.64615,1],1.57],[[564541,14.876403,50.765065,1],7.6],[[547476,15.400555,50.724065,1],1.06],[[547484,15.246847,50.519937,0],2.59],[[573400,15.218593,50.617659,0],2.12],[[573418,15.533412,50.580946,1],0.57],[[576964,15.328241,50.605258,3],0.31],[[576972,15.445427,50.534417,1],2.24],[[576981,15.548272,50.666433,2],0.27],[[576999,15.368478,50.603258,1],0.45],[[577014,15.396332,50.488672,0],3.84],[[577031,15.58394,50.542694,0],1.33],[[577081,15.431521,50.772186,2],0.21],[[577120,15.571571,50.608357,2],0.4],[[577146,15.200342,50.544906,1],1.82],[[577154,15.300449,50.602387,1],1.38],[[577162,15.429698,50.703569,2],0.43],[[577171,15.338516,50.660595,1],1.2],[[577197,15.506637,50.608996,3],0.61],[[577201,15.14538,50.550769,0],3.22],[[577219,15.20728,50.561843,1],3.42],[[577227,15.221716,50.599761,0],1.35],[[577235,15.404135,50.571751,2],0.25],[[577294,15.416037,50.559503,1],0.34],[[577308,15.373517,50.530724,3],0.48],[[577316,15.19435,50.591643,2],1.39],[[577324,15.119437,50.574176,1],0.75],[[577332,15.468897,50.600813,1],3.1],[[577341,15.411952,50.52041,1],1.24],[[577359,15.126071,50.597745,2],2.19],[[577367,15.119305,50.545045,0],4.28],[[577413,15.112901,50.583032,1],0.36],[[577430,15.245541,50.577589,1],2.52],[[577456,15.448787,50.729228,3],0.24],[[577464,15.422263,50.647554,1],2.88],[[577472,15.259515,50.535418,2],1.21],[[577499,15.499852,50.563887,2],0.94],[[577545,15.358086,50.550949,1],2.04],[[577553,15.54947,50.553543,2],0.81],[[577626,15.156909,50.587385,4],2.58],[[577642,15.308967,50.546714,0],4.47],[[577651,15.487779,50.630181,1],1.14],[[577685,15.15805,50.529406,1],7.96],[[577693,15.401633,50.685688,2],1.26],[[577707,15.274194,50.61161,1],0.7]],"districts":[["CZ0511",1.17],["CZ0512",0.73],["CZ0513",0.5],["CZ0514",1.15]],"regions":[["CZ051",null]]}