{"reg":587,"towns":[[[551694,17.35708,49.9298,1],1.29],[[551724,17.477161,49.958602,1],3.52],[[551911,17.236572,49.958482,1],0.64],[[551945,17.377529,50.020519,1],6.3],[[551996,17.342351,50.107531,1],2.72],[[569526,17.542152,49.995792,1],5.06],[[569577,17.497004,50.003161,1],0.95],[[597180,17.463794,49.988277,4],0.16],[[597210,17.629214,50.063603,2],0.6],[[597350,17.60273,49.966918,2],1.23],[[597473,17.30696,50.073193,0],1.09],[[597481,17.445738,50.105736,1],3.86],[[597520,17.703168,50.090683,4],0.19],[[597538,17.51114,49.850911,1],1.47],[[597635,17.574913,50.163036,3],0.09],[[597783,17.271873,49.931927,3],0.09],[[597872,17.399982,50.046192,2],0.58],[[597961,17.383262,50.121048,3],3.81],[[597988,17.593061,50.034227,2],0.34],[[507091,18.756984,49.656185,2],1.52],[[507237,18.527882,49.658204,2],1.44],[[507423,18.406126,49.621505,2],0.71],[[507547,18.719541,49.585749,2],0.3],[[511935,18.821553,49.556686,2],0.9],[[512028,18.80242,49.55934,2],1.56],[[512176,18.737315,49.616708,2],1.25],[[512184,18.339222,49.606756,2],0.18],[[549673,18.481485,49.582088,1],0.6],[[552488,18.468124,49.68244,1],1.11],[[552526,18.433859,49.648584,1],1.11],[[552593,18.398071,49.579287,1],0.98],[[552615,18.571008,49.700533,1],1.33],[[552623,18.529296,49.712553,2],1.14],[[552674,18.569214,49.67941,2],0.4],[[554014,18.759182,49.5873,3],0.11],[[554928,18.713186,49.666714,3],1.05],[[556971,18.61356,49.705458,2],0.54],[[557226,18.787469,49.57477,2],0.41],[[568813,18.48628,49.608863,1],0.35],[[568830,18.317179,49.733473,2],0.7],[[598003,18.367422,49.682031,5],0.29],[[598011,18.372443,49.645943,3],0.6],[[598038,18.222205,49.700196,3],0.14],[[598046,18.409749,49.717092,1],1.38],[[598062,18.720488,49.63667,3],0.63],[[598071,18.337697,49.548829,3],0.22],[[598089,18.414037,49.673927,3],0.18],[[598101,18.481063,49.712825,2],1.13],[[598135,18.223315,49.666867,2],0.13],[[598143,18.358605,49.591902,3],0.4],[[598160,18.541393,49.682383,2],1.26],[[598259,18.764694,49.576815,3],0.22],[[598321,18.256672,49.590494,3],0.23],[[598364,18.298465,49.597285,1],0.65],[[598399,18.449769,49.716011,2],0.54],[[598445,18.524824,49.596169,2],0.61],[[598542,18.391751,49.535196,2],0.14],[[598551,18.315185,49.63477,3],0.52],[[598569,18.290478,49.731885,3],0.09],[[598674,18.368797,49.71846,2],0.44],[[598691,18.221998,49.623907,2],0.15],[[598810,18.67089,49.677731,5],0.4],[[552739,18.481997,49.797901,3],0.5],[[555088,18.430725,49.780492,5],0.24],[[555291,18.569232,49.768592,2],0.56],[[568864,18.480287,49.858829,2],0.33],[[598917,18.543319,49.856752,5],0.16],[[598933,18.623896,49.747144,4],0.31],[[598941,18.460901,49.894214,3],0.08],[[599051,18.357074,49.904426,4],0.19],[[599069,18.425108,49.870238,5],0.96],[[599077,18.547898,49.895965,3],0.14],[[599085,18.389513,49.831096,3],0.36],[[599107,18.376369,49.86635,3],0.28],[[599140,18.525286,49.817011,2],0.31],[[500046,18.077075,49.626557,2],0.46],[[554065,17.787781,49.695138,1],1.42],[[554910,17.866773,49.628789,1],9.23],[[568422,18.044045,49.750537,2],0.75],[[568554,18.076024,49.600825,2],0.24],[[568562,17.805443,49.713775,1],0.94],[[568686,18.132574,49.689142,1],0.88],[[568732,18.107297,49.563672,2],0.9],[[568741,18.095627,49.70179,1],0.82],[[568775,18.004007,49.700606,1],0.25],[[569755,18.178045,49.684846,1],0.42],[[599191,18.013636,49.594425,4],0.13],[[599212,18.054715,49.66894,2],0.51],[[599247,18.015919,49.756486,3],0.09],[[599344,18.21089,49.548445,4],0.26],[[599352,17.903301,49.712474,3],0.25],[[599409,18.023783,49.53866,2],0.5],[[599468,17.905365,49.61204,2],0.19],[[599506,18.130739,49.754094,2],0.43],[[599565,18.14491,49.59957,4],0.18],[[599603,18.170051,49.563651,2],0.2],[[599646,17.706584,49.688754,1],0.84],[[599701,17.83095,49.662648,3],0.5],[[599743,18.15153,49.707197,2],0.33],[[599808,18.145096,49.641036,3],0.33],[[599867,17.722514,49.704203,1],0.46],[[599905,17.961801,49.576961,3],0.11],[[599921,18.078634,49.723516,3],0.3],[[599930,17.928263,49.65582,3],0.53],[[599948,18.117521,49.591905,3],0.18],[[599999,18.238113,49.520494,3],0.65],[[505927,17.894899,49.94076,5],0.24],[[506214,18.08369,49.951819,3],0.24],[[506320,17.749685,50.015393,2],1.6],[[506451,17.865664,49.791678,2],0.52],[[506702,18.101406,49.923215,3],0.09],[[506753,18.089995,49.899842,3],0.28],[[507016,18.190649,49.896627,4],0.59],[[507105,18.008393,50.00309,2],0.74],[[507113,17.808573,49.998525,2],0.49],[[507261,18.054935,49.882583,2],0.71],[[507270,17.875924,49.871107,3],0.06],[[507377,17.684108,49.915196,2],1.56],[[507580,18.004827,49.93213,3],0.35],[[508128,18.23613,49.906049,2],0.55],[[509647,18.193601,49.978666,2],0.42],[[509736,17.998005,49.849271,2],0.45],[[510131,17.910595,49.818845,2],0.33],[[510289,17.836519,49.9219,2],0.76],[[510432,18.270274,49.926122,2],0.22],[[510483,18.037518,49.95748,3],0.64],[[510491,18.012559,49.914966,2],0.62],[[510891,17.728896,49.975025,2],0.23],[[510939,17.973904,49.936189,2],0.18],[[511021,17.749517,49.774549,3],0.14],[[511161,17.93542,49.884925,1],0.82],[[512869,18.087213,50.002181,1],0.67],[[512923,17.967589,49.959517,2],1.01],[[554197,17.882754,49.888057,2],0.56],[[568180,17.683296,49.831881,0],1.85],[[568210,18.23942,49.94654,3],0.16],[[568228,18.222234,49.936016,2],0.74],[[568236,18.163431,49.869481,1],0.47],[[568244,18.190598,49.945634,2],0.21],[[568279,17.793425,49.877258,1],1.44],[[569909,17.911052,49.885738,1],0.53],[[500291,18.125802,49.824282,3],0.33],[[506711,18.092517,49.842458,2],0.19],[[510882,18.093414,49.863692,2],0.29],[[545911,18.262624,49.821023,5],0.15],[[546046,18.262624,49.821023,4],0.16],[[546135,18.262624,49.821023,6],0.2],[[546224,18.262624,49.821023,5],0.12],[[554219,18.262624,49.821023,2],0.15],[[554227,18.262624,49.821023,3],0.24],[[554235,18.262624,49.821023,3],0.14],[[554286,18.262624,49.821023,4],0.2],[[554308,18.262624,49.821023,3],0.33],[[554324,18.262624,49.821023,2],1.23],[[554332,18.262624,49.821023,2],0.17],[[554375,18.262624,49.821023,2],0.23],[[554537,18.262624,49.821023,3],0.16],[[554561,18.262624,49.821023,3],0.12],[[554588,18.262624,49.821023,3],0.21],[[554669,18.262624,49.821023,3],0.08],[[554723,18.262624,49.821023,2],0.39],[[554821,18.262624,49.821023,6],0.17],[[598798,18.376174,49.793249,3],0.14],[[598879,18.310255,49.77005,3],0.24],[[599549,18.125961,49.788191,3],0.23]],"districts":[["CZ0801",0.51],["CZ0802",0.37],["CZ0803",0.3],["CZ0804",0.28],["CZ0805",0.29],["CZ0806",0.17]],"regions":[["CZ080",null]]}