{"reg":591,"towns":[[[553425,12.931243,49.439803,4],7.05],[[553433,12.862893,49.398761,1],1.2],[[553441,12.717718,49.591261,2],2.82],[[553450,12.989366,49.500115,2],3.85],[[553514,13.116707,49.531701,1],6.45],[[553549,12.858904,49.369488,1],1.38],[[553557,12.786498,49.446373,1],5.04],[[553581,12.872799,49.455812,1],10.56],[[553620,13.074684,49.53414,1],2.7],[[553654,13.101403,49.593721,3],1.76],[[553671,12.944527,49.530286,3],2.36],[[553689,12.771578,49.559821,2],1.01],[[553735,12.830346,49.418088,1],2],[[553743,13.083271,49.358456,1],13.63],[[553751,12.956921,49.453663,1],17.85],[[553786,13.040638,49.390348,3],6.15],[[553794,12.814835,49.434948,2],3.45],[[553816,13.108876,49.486895,1],2.91],[[553824,13.002193,49.402659,2],8.36],[[553841,13.073059,49.590322,1],2.56],[[553859,13.13447,49.366295,0],24.24],[[553867,13.112222,49.367168,0],4.34],[[553891,12.897685,49.458913,1],33.07],[[553913,12.880927,49.505676,2],1.39],[[553921,13.103952,49.411826,0],2.32],[[553930,12.905124,49.624867,0],3.12],[[553948,12.980829,49.467066,1],15.11],[[553956,12.881612,49.589255,1],1.53],[[553981,12.951311,49.403252,2],18.33],[[554006,12.720642,49.436663,1],3.33],[[554022,13.064248,49.597691,0],6.66],[[554031,12.933341,49.420508,0],17.85],[[554073,13.047035,49.513274,1],7.14],[[554081,12.893516,49.395458,0],13.88],[[554090,12.831288,49.398684,0],4.54],[[554111,12.802721,49.510406,2],1.39],[[554120,13.133597,49.343523,1],8.52],[[554138,12.806891,49.458386,2],18.61],[[554189,12.676863,49.512872,0],2.56],[[554201,12.929307,49.597859,0],4.87],[[554251,12.987415,49.414624,0],13.15],[[554260,13.118703,49.508409,1],1.93],[[554278,12.868429,49.536976,1],1.16],[[554294,13.06931,49.553835,3],3.71],[[554316,12.913028,49.414854,0],13.09],[[554341,12.929095,49.40364,1],17.61],[[554359,12.845635,49.420341,1],1.16],[[554383,12.869668,49.435642,1],7.61],[[554413,12.955437,49.623677,0],2.17],[[554448,13.105384,49.45098,0],4.34],[[554456,12.983339,49.340829,1],5],[[554464,13.002035,49.434161,1],8.3],[[554472,12.854517,49.461029,0],1.96],[[566071,13.042559,49.603515,0],4.65],[[566098,12.99704,49.615661,0],6.45],[[566101,13.048969,49.585019,0],2.43],[[566136,13.04969,49.382698,1],3.07],[[566161,13.086983,49.443698,0],4],[[566179,13.051832,49.464875,0],17.3],[[566250,12.80529,49.488639,0],3.12],[[566276,12.739958,49.518986,0],3.84],[[566292,12.764531,49.49683,0],2.27],[[566365,13.131214,49.527617,1],7.14],[[566373,12.914379,49.389227,0],3.57],[[566641,13.113875,49.52085,0],3.27],[[599174,13.073554,49.518078,0],10.52],[[599182,12.83793,49.470477,0],7.89],[[530085,13.661427,49.222588,0],18.51],[[541753,13.228504,49.491162,0],1.47],[[541788,13.176854,49.425079,1],1.28],[[541796,13.6748,49.28948,0],2.98],[[541826,13.694293,49.266995,0],2.56],[[541885,13.264018,49.347334,1],2.91],[[541923,13.61746,49.348864,0],15.38],[[541931,13.642076,49.413124,0],3.5],[[541958,13.627031,49.400933,0],7],[[542024,13.425893,49.34251,0],3.92],[[542083,13.48178,49.361927,0],5.55],[[542091,13.558075,49.057721,0],3.22],[[542172,13.294553,49.501992,0],3.44],[[551686,13.578261,49.230189,0],4.54],[[553522,13.511527,49.335115,0],13.33],[[553531,13.13013,49.422778,1],4.87],[[555771,13.295194,49.395655,4],2.77],[[555797,13.312677,49.301709,1],6.72],[[555801,13.297971,49.3795,1],1.62],[[555835,13.361712,49.410002,1],4.89],[[555894,13.58477,49.283469,1],11.71],[[555941,13.302687,49.265538,1],7.05],[[556041,13.171052,49.27441,1],2.43],[[556068,13.16645,49.365855,1],2.85],[[556076,13.50936,49.196383,1],5.39],[[556106,13.248222,49.443368,1],2.46],[[556181,13.454657,49.169587,2],14.81],[[556203,13.395157,49.237952,1],10.45],[[556254,13.701106,49.320794,3],4.27],[[556301,13.498603,49.261381,2],7.88],[[556319,13.596547,49.323206,1],8.72],[[556335,13.717463,49.405001,1],9.09],[[556378,13.17397,49.466785,1],3.6],[[556386,13.100904,49.29315,1],0.84],[[556394,13.218239,49.345257,2],2.32],[[556432,13.556264,49.143,2],5.16],[[556467,13.439106,49.299057,2],2.44],[[556505,13.200398,49.502807,0],3.38],[[556629,13.652357,49.330621,1],7.64],[[556637,13.402993,49.480195,2],1.65],[[556718,13.357005,49.360477,2],2.2],[[556734,13.572532,49.414314,1],5.22],[[556751,13.546557,49.331486,2],6.2],[[556815,13.612383,49.172674,1],5.66],[[556831,13.143639,49.293979,3],3.27],[[556912,13.632835,49.373007,1],5.46],[[556921,13.440898,49.218758,1],14.41],[[556955,13.471166,49.390036,2],3.47],[[557005,13.354485,49.447575,1],0.82],[[557013,13.617715,49.280848,1],6.62],[[557021,13.515272,49.14064,1],5.88],[[557099,13.684205,49.207905,1],13.79],[[557111,13.480548,49.087292,0],3.17],[[557129,13.640501,49.179345,1],8.69],[[557137,13.246341,49.30337,2],5.76],[[557153,13.520509,49.231776,4],6.6],[[557161,13.739694,49.371445,1],5.83],[[557200,13.284281,49.481466,2],4.6],[[557366,13.389852,49.265299,1],15.93],[[557374,13.668052,49.299235,1],9.21],[[557382,13.701518,49.365032,1],9.34],[[557455,13.29636,49.345613,1],1.05],[[557463,13.49054,49.337465,1],5.93],[[557528,13.235305,49.137543,2],3.64],[[557536,13.631095,49.215645,1],6.55],[[557544,13.627949,49.267334,1],13.81],[[566055,13.271216,49.525544,1],3.37],[[578223,13.556463,49.410858,0],5.55],[[578240,13.160547,49.215418,0],14.7],[[578312,13.515763,49.381199,0],2.32],[[578436,13.744269,49.38787,0],2.77],[[578517,13.662108,49.250731,0],8],[[578525,13.707375,49.249661,0],12.28],[[578533,13.675029,49.262507,0],11.86],[[539741,13.426875,49.649772,1],2.02],[[540561,13.465091,49.730543,1],5.24],[[540641,13.524657,49.715159,1],3.88],[[545970,13.373737,49.738531,5],5.42],[[545988,13.373737,49.738531,5],6.43],[[546003,13.373737,49.738531,5],5.85],[[546208,13.373737,49.738531,4],6.41],[[553590,13.477167,49.655024,0],3.06],[[554731,13.373737,49.738531,2],5.84],[[554758,13.373737,49.738531,2],4.48],[[554766,13.373737,49.738531,1],5.98],[[554774,13.373737,49.738531,2],5.75],[[554791,13.373737,49.738531,6],5.95],[[557846,13.476053,49.643095,1],6.07],[[557978,13.373737,49.738531,2],2.94],[[558001,13.448442,49.6693,2],5.97],[[558141,13.519727,49.640535,2],1.42],[[558371,13.47361,49.697786,3],5.59],[[558427,13.504047,49.675659,3],4.63],[[558460,13.509931,49.719174,1],5.24],[[558851,13.491611,49.777455,2],8.16],[[558966,13.49369,49.793305,2],8.81],[[559130,13.486312,49.753353,1],3.94],[[559199,13.373737,49.738531,1],14.09],[[578606,13.52891,49.70137,0],2.46],[[530131,13.244478,49.59986,0],1.13],[[530140,13.566047,49.643171,0],1.53],[[530182,13.530832,49.630078,1],1.75],[[539783,13.274335,49.579961,1],1.61],[[539821,13.32708,49.612427,1],4.54],[[539937,13.431498,49.510567,0],1.35],[[539945,13.393513,49.552967,1],2.5],[[540064,13.100966,49.638638,0],5.55],[[540102,13.728163,49.426677,0],20],[[540200,13.582934,49.465098,0],9.37],[[540293,13.220352,49.544137,0],5.63],[[540307,13.638713,49.43786,0],1.69],[[540340,13.429246,49.630199,1],2.94],[[540412,13.396669,49.624495,0],3.29],[[540421,13.368061,49.547925,0],6.97],[[540528,13.470115,49.584402,0],6.45],[[540617,13.164824,49.603604,0],1.72],[[540668,13.062664,49.638318,1],8.19],[[540676,13.603397,49.519054,0],2.53],[[540706,13.495764,49.614724,0],8.82],[[542156,13.302442,49.525208,0],4.44],[[542296,13.316677,49.531654,0],3.48],[[546372,13.158861,49.537495,0],4.7],[[557587,13.540199,49.582303,3],2.17],[[557641,13.397992,49.648043,1],4.39],[[557650,13.683496,49.540479,1],2.23],[[557668,13.264653,49.60493,1],2.29],[[557676,13.293177,49.654933,3],2.29],[[557684,13.34434,49.602031,1],4.33],[[557722,13.386298,49.531575,1],3.03],[[557731,13.121483,49.635159,1],0.59],[[557749,13.756199,49.439432,0],9.78],[[557773,13.479305,49.605305,0],2.24],[[557781,13.313337,49.632666,2],3.52],[[557803,13.520152,49.547648,1],1.12],[[557838,13.202822,49.65419,3],0.97],[[557862,13.740706,49.462805,2],3.11],[[557871,13.365703,49.493815,1],4.59],[[557897,13.576777,49.50201,0],1.35],[[557951,13.455391,49.540003,1],1.26],[[558010,13.608016,49.562286,0],11.76],[[558028,13.315847,49.546752,1],2.64],[[558044,13.198008,49.560538,2],2.13],[[558052,13.605014,49.469232,1],2],[[558061,13.735393,49.506411,1],2.94],[[558095,