{"reg":698,"towns":[[[504301,15.745503,49.982634,1],1.05],[[504807,15.727244,49.94646,1],7.22],[[504921,15.739289,49.965357,1],5.55],[[504955,15.894469,49.979022,0],8],[[505005,15.86473,49.897307,1],1.37],[[505030,15.883877,49.960537,0],8.16],[[530697,15.677746,49.919564,0],5],[[547808,15.713618,49.967283,1],6.77],[[547816,15.957449,49.74259,1],4.19],[[547824,15.761796,49.859518,0],2.32],[[547832,15.760021,49.877003,1],1.29],[[547841,15.621171,49.923275,0],5.79],[[547859,15.926941,49.931755,0],2.63],[[547867,16.127052,49.822412,0],7.01],[[547875,15.545079,49.916436,0],3.22],[[547891,15.745214,49.9279,1],2.54],[[554847,15.95683,49.814666,1],0.93],[[556882,15.768153,49.915662,1],6.76],[[571164,15.795158,49.949824,4],2.7],[[571181,15.595868,49.837134,1],3.52],[[571202,15.704985,49.841414,1],0.46],[[571237,15.535529,49.901849,0],10.44],[[571245,15.733261,49.957375,1],0.82],[[571253,15.839524,49.830355,1],2.08],[[571270,15.937395,49.963804,1],1.38],[[571385,15.665028,49.94717,3],6.18],[[571393,15.907661,49.762231,3],1.29],[[571440,15.923513,49.794858,1],2.76],[[571458,15.893093,49.933561,0],10.34],[[571466,15.916873,49.887322,1],17.98],[[571491,15.910648,49.959563,2],1.29],[[571504,15.990827,49.882632,1],10],[[571539,15.934067,49.902149,3],20.88],[[571547,15.991536,49.955625,2],2.33],[[571563,16.03112,49.929644,1],2.75],[[571571,15.975128,49.736024,1],0.7],[[571580,15.982386,49.772574,1],2.38],[[571610,15.855614,49.947276,1],1.63],[[571628,15.651641,49.923421,1],5.37],[[571661,16.026846,49.772498,2],1.68],[[571733,15.741396,49.87195,0],1.53],[[571768,15.839045,49.888935,1],4.09],[[571776,16.028604,49.893513,3],2.02],[[571822,15.605872,49.905062,1],1.26],[[571831,15.884829,49.841358,2],5.71],[[571857,15.724015,49.887468,1],12.9],[[571873,15.709072,49.934791,1],6.5],[[571890,15.886976,49.94387,0],2.43],[[571903,15.628949,49.941391,1],5.23],[[571911,15.804712,49.844597,2],1.18],[[571962,15.839135,49.919409,1],1.86],[[572039,15.536819,49.936237,1],1.31],[[572063,15.988264,49.79687,1],2.04],[[572071,15.628821,49.893895,2],1.19],[[572080,16.11631,49.805994,2],2.08],[[572098,15.957751,49.833121,1],0.86],[[572110,15.92634,49.938074,0],4.16],[[572152,15.96422,49.796504,1],3.35],[[572161,15.531541,49.888353,2],4.56],[[572179,15.951376,49.922359,2],3.52],[[572217,15.916661,49.922503,1],6.06],[[572225,15.65653,49.847037,2],2.05],[[572241,15.996654,49.843567,3],2.69],[[572268,15.813873,49.921196,3],1.72],[[572276,15.764066,49.933341,1],1.58],[[572314,16.072158,49.89166,0],1.42],[[572322,15.90302,49.738058,1],2.41],[[572349,16.034289,49.72454,1],0.27],[[572381,15.914659,49.824479,1],2.35],[[572390,15.816049,49.786894,1],2.94],[[572403,15.919674,49.932925,0],13.23],[[572411,15.580129,49.869219,3],2.87],[[572420,15.84134,49.978962,1],3.27],[[572446,15.867345,49.979251,1],1.24],[[572454,15.66685,49.889133,0],2.7],[[572462,15.884462,49.817781,1],3.72],[[572471,15.880178,49.971029,1],2.32],[[572497,15.88183,49.749189,1],1.62],[[572527,15.93634,49.713143,0],2.35],[[572535,15.941145,49.856443,1],3.6],[[572543,15.837299,49.747799,0],2.66],[[572551,15.829087,49.76477,1],0.8],[[572578,15.884208,49.910081,2],4.8],[[573787,15.681376,49.963712,1],4.25],[[573876,16.100192,49.828645,1],0.96],[[574104,16.030432,49.972703,0],1.53],[[553719,15.702721,50.039211,1],9.03],[[555134,15.781299,50.034409,5],4.9],[[572764,15.604954,49.9819,0],4],[[572861,15.65169,50.109618,1],2.24],[[572870,15.805868,50.093029,1],6.13],[[572888,15.855832,50.114148,0],2.17],[[572896,15.671936,50.05613,1],27.35],[[572934,15.746276,50.092124,0],8.88],[[572942,15.70284,50.12887,0],17.07],[[572951,15.738311,50.128935,0],4.87],[[572977,15.725091,49.993164,1],6.57],[[573027,15.5373,49.969347,0],3.22],[[573035,15.486111,50.001981,0],8.57],[[573078,15.647275,50.079868,0],4.16],[[573515,15.827021,50.070734,1],4.25],[[574198,15.822517,50.042269,1],3.98],[[574724,15.68091,49.999411,0],1.81],[[574741,15.644768,50.008869,1],4.49],[[574767,15.67989,50.075702,3],3.82],[[574783,15.856639,50.127301,1],2.06],[[574791,15.557385,50.000688,0],1.35],[[574805,15.577582,50.051994,2],1.89],[[574813,15.823385,50.12496,0],1.42],[[574821,15.562977,49.948338,0],2.85],[[574830,15.625408,50.101131,1],3.78],[[574848,15.911265,50.132532,2],1.42],[[574856,15.773339,50.13312,2],8.77],[[574899,15.912545,50.028543,2],3.15],[[574902,15.691707,50.113474,1],0.98],[[574911,15.967844,50.029373,2],2.43],[[574929,15.924033,50.077906,1],6.34],[[574953,15.808857,50.105191,1],7.96],[[574961,15.426616,50.075555,1],6],[[574988,15.986005,50.06611,3],3.73],[[574996,16.084069,50.049109,2],0.5],[[575011,15.958886,50.076611,2],3.67],[[575046,15.78888,50.103527,0],7.14],[[575054,15.619515,49.987822,2],1.67],[[575062,15.880341,50.083128,1],7.05],[[575071,15.418562,50.034532,3],2.16],[[575089,15.937327,50.109676,1],2.45],[[575097,15.541389,50.128259,0],1.63],[[575101,15.529259,50.007735,1],5.26],[[575119,16.077983,50.012339,0],1.01],[[575127,15.610295,49.995451,0],6.66],[[575135,15.660618,49.981594,0],5.26],[[575151,15.609768,50.118105,0],5.26],[[575178,15.487192,50.057816,1],3.58],[[575194,15.386682,50.043079,1],2.22],[[575232,15.903791,50.009667,1],4.94],[[575259,15.410279,50.051519,0],1.88],[[575305,15.756738,50.153387,1],3.73],[[575313,15.568989,49.98787,1],0.96],[[575330,15.514334,49.984932,0],20],[[575372,15.775487,49.989526,2],3.05],[[575381,15.572047,50.014912,0],1.38],[[575399,15.940811,50.00105,2],2.94],[[575429,15.790553,50.145512,3],5.15],[[575437,15.805408,49.993525,2],4.57],[[575445,16.030478,50.044716,1],2.47],[[575461,16.000768,50.097655,1],5.55],[[575500,15.560413,50.039948,3],3.03],[[575534,15.802625,50.07288,1],3.4],[[575551,15.606265,50.106311,1],0.74],[[575569,15.664377,50.127321,1],4.21],[[575577,15.889408,50.104773,1],0.45],[[575593,15.704827,50.060247,2],2.26],[[575607,15.477455,50.03599,2],1.02],[[575623,15.519831,50.053188,1],0.44],[[575640,15.852803,50.066605,3],5.56],[[575658,15.96145,49.992168,1],3.96],[[575666,15.556821,50.093704,1],7.35],[[575682,15.763532,50.084994,2],9.58],[[575704,15.778951,50.065498,2],9.81],[[575712,15.754182,50.000581,1],2.01],[[575721,15.720737,50.124004,1],3.94],[[575739,15.71522,50.001737,1],5.33],[[575763,15.522806,50.087564,1],4.34],[[575771,15.639615,49.976687,1],8.51],[[575780,15.601078,49.965437,1],1.09],[[575810,15.445738,50.080585,0],4.28],[[575828,16.044093,50.000215,0],2.72],[[575844,15.548856,49.952551,1],8.33],[[575879,16.017879,49.992474,1],5.55],[[575887,15.872852,49.988669,1],8.33],[[575909,15.494626,50.102031,0],2.04],[[575925,15.61687,50.029694,1],3.77],[[575933,15.533003,50.10432,0],10.52],[[575941,16.053816,50.071154,1],2.87],[[575968,15.618926,50.011243,1],5.08],[[575984,15.596053,50.085931,1],0.87],[[575992,15.572804,50.117449,1],2.47],[[576000,15.973593,50.109088,1],2.6],[[576018,15.583741,50.102402,1],2.56],[[576026,15.46958,50.013006,1],5.42],[[576042,15.557217,50.105854,0],3.84],[[576051,15.644886,50.062251,1],0.98],[[505145,16.518096,49.644277,2],6.95],[[505391,16.646009,49.639593,1],0.82],[[572233,16.243209,49.894209,0],6.45],[[572292,16.778122,49.675991,0],3.7],[[572357,16.224152,49.807641,1],1.4],[[572365,16.233042,49.803578,1],1.44],[[572373,16.193901,49.798443,1],0.53],[[572519,16.758148,49.647572,1],0.72],[[572560,16.46203,49.665712,1],0.85],[[572586,16.482734,49.640287,1],3.24],[[572608,16.237288,49.884023,0],1.49],[[572624,16.64466,49.728486,1],3.03],[[572691,16.480687,49.71153,2],2.08],[[572713,16.427483,49.782812,1],4.16],[[572721,16.480232,49.805398,1],2.94],[[572748,16.364833,49.766089,1],2.22],[[577731,16.469286,49.755263,4],3.99],[[577821,16.262964,49.907982,0],3.22],[[577839,16.162337,49.741782,2],1.03],[[577863,16.522125,49.627449,2],2.22],[[577871,16.619713,49.651038,1],0.94],[[577898,16.118233,49.690726,0],1.85],[[577910,16.174739,49.801511,1],2.18],[[577928,16.346893,49.628557,2],0.47],[[577936,16.215295,49.898991,1],5.6],[[577944,16.328783,49.827322,1],3.61],[[577961,16.532701,49.80007,1],2.59],[[577995,16.25471,49.82572,2],3.35],[[578037,16.373032,49.625328,1],