{"reg":703,"towns":[[[513890,14.619672,50.563681,0],36],[[514161,14.664183,50.51251,0],33.33],[[514195,14.624388,50.515564,0],21.21],[[514276,14.719254,50.680046,1],21.12],[[530387,14.59215,50.753003,0],21.27],[[544337,14.838293,50.702975,1],16.07],[[546232,14.45693,50.655449,0],18.86],[[546259,14.486766,50.655024,0],13.51],[[546267,14.467408,50.536579,1],29.21],[[546275,14.482593,50.735875,0],19.29],[[546283,14.599127,50.719575,0],17.77],[[553638,14.638554,50.543414,0],17.24],[[561380,14.539799,50.67862,5],12.42],[[561398,14.722084,50.533742,1],11.62],[[561401,14.603251,50.502986,0],14.7],[[561410,14.396598,50.608503,1],5.4],[[561428,14.679426,50.669033,0],23.63],[[561444,14.703495,50.729288,2],10.76],[[561479,14.633019,50.777293,3],9.33],[[561495,14.654377,50.565945,3],21.94],[[561533,14.540343,50.540444,2],25.2],[[561541,14.808823,50.726074,1],11.35],[[561584,14.493073,50.618099,1],11.2],[[561592,14.493538,50.712584,1],11.32],[[561606,14.404106,50.704219,1],24.58],[[561614,14.562772,50.578538,0],24.48],[[561622,14.559384,50.74039,0],42.3],[[561665,14.584657,50.608694,1],15.51],[[561681,14.472979,50.773693,3],30.3],[[561720,14.392521,50.632503,1],20.1],[[561738,14.701621,50.828174,0],21.27],[[561746,14.678722,50.768777,1],19.85],[[561827,14.678659,50.807507,1],10.47],[[561835,14.724956,50.655768,3],21.29],[[561851,14.746964,50.692151,1],12.34],[[561860,14.555664,50.757714,4],27.25],[[561878,14.442254,50.765514,1],27.45],[[561886,14.671066,50.527594,1],19.56],[[561894,14.527685,50.766932,1],38.77],[[561959,14.533028,50.786771,1],27.08],[[561983,14.601372,50.617925,1],8.6],[[561991,14.468026,50.796139,1],62.8],[[562017,14.80363,50.58629,2],3.4],[[562025,14.53067,50.745217,2],43.96],[[562050,14.588922,50.739037,1],18.22],[[562076,14.532396,50.655151,1],15.41],[[562092,14.801127,50.702903,3],11.35],[[562106,14.450096,50.696974,1],29.49],[[562114,14.428717,50.632379,1],8],[[562131,14.596917,50.7919,1],40.09],[[562173,14.664004,50.719064,0],14.28],[[562203,14.735433,50.743566,0],26.86],[[562220,14.453036,50.730204,1],15.38],[[562238,14.57122,50.55324,0],18.75],[[562246,14.524708,50.634208,1],15.81],[[562262,14.645335,50.684854,3],40.13],[[562297,14.396344,50.714039,2],11.6],[[530425,15.184679,50.681858,0],29.85],[[546577,15.167986,50.675488,1],17.69],[[546585,15.26303,50.755788,1],15.71],[[563510,15.170414,50.722153,5],14.29],[[563528,15.275813,50.7624,1],17.46],[[563536,15.142571,50.791188,1],38.01],[[563552,15.313862,50.75481,3],31.96],[[563561,15.303285,50.68764,1],20.1],[[563579,15.158867,50.652357,1],25.98],[[563595,15.169244,50.772141,2],26.92],[[563609,15.136637,50.627796,2],18.63],[[563617,15.295375,50.670963,0],25],[[563633,15.231574,50.782016,1],21.61],[[563641,15.228332,50.62476,2],9.64],[[563668,15.365424,50.759359,1],30.79],[[563676,15.212313,50.64567,1],19.76],[[563684,15.2678,50.679747,0],12.5],[[563692,15.220572,50.741456,2],16.34],[[563706,15.195534,50.646408,2],16.89],[[563714,15.198577,50.696455,1],14.58],[[563731,15.214758,50.72524,1],10.55],[[563749,15.236038,50.687791,2],13.25],[[563757,15.317471,50.703338,2],18.6],[[563773,15.277749,50.672861,0],12.32],[[563781,15.115859,50.698552,1],44.96],[[563790,15.149898,50.683891,3],28.2],[[563803,15.213411,50.676103,1],19.04],[[563811,15.246502,50.738301,3],10.69],[[563820,15.307982,50.737629,3],10.96],[[563838,15.315498,50.713834,3],16.84],[[563846,15.311826,50.664974,0],3.77],[[563854,15.27004,50.697784,1],13.6],[[563862,15.353616,50.708647,1],23.97],[[563871,15.254186,50.64284,3],12.28],[[530433,15.026152,50.921515,1],49.4],[[530468,15.075978,50.711714,1],16.79],[[530484,15.09393,50.699666,1],20.58],[[544345,15.017139,50.701762,1],32.48],[[544353,15.006457,50.897,1],53.53],[[544477,15.026936,50.791093,2],31.85],[[544531,15.100281,50.592605,1],20.8],[[544582,15.082181,50.626455,1],15.94],[[544604,15.111598,50.640548,0],37.09],[[545937,15.109852,50.601,0],17.28],[[545953,15.113636,50.619335,1],19.7],[[545996,15.050573,51.004564,1],13.28],[[546593,15.001175,50.831607,1],20],[[546607,15.036676,50.892748,1],36.28],[[546631,15.222203,50.873842,1],9.92],[[546658,14.940408,50.704656,0],14.28],[[561631,14.760633,50.765382,3],16.9],[[561657,14.824344,50.762974,0],16.27],[[563889,15.054439,50.76638,6],23.46],[[563901,15.035522,50.664931,1],24.32],[[563919,14.924507,50.823246,1],69.88],[[563935,15.12367,50.971244,1],30.13],[[563943,14.917705,50.644523,0],28],[[563960,14.996287,50.661116,3],11.91],[[563994,15.168786,50.945787,1],32.35],[[564028,15.079851,50.921496,3],23.61],[[564036,15.065266,51.019134,1],51.47],[[564044,15.181785,50.877301,3],19.31],[[564052,14.926704,50.631998,0],19.58],[[564061,15.08996,50.665963,3],18.9],[[564079,15.201599,50.965564,0],21.05],[[564095,14.844658,50.852892,3],63.72],[[564109,14.869039,50.83632,2],66.1],[[564117,14.968947,50.817027,3],48.35],[[564133,15.249643,50.960916,1],38.32],[[564141,15.004443,50.610271,1],25.47],[[564168,15.127667,50.940324,1],32.21],[[564176,14.933501,50.774549,1],36.18],[[564184,14.901417,50.73858,1],27.75],[[564206,15.190471,50.890241,1],23.62],[[564231,15.056405,50.831733,2],24],[[564265,15.229539,50.925011,3],17.55],[[564281,15.083777,50.849733,1],30.57],[[564290,14.921485,50.69499,2],18.29],[[564303,15.076196,50.594968,1],20.96],[[564311,15.076532,50.979084,1],40],[[564354,15.084005,50.578232,2],24.59],[[564371,15.114757,50.904256,3],23.58],[[564397,14.818942,50.789106,1],32.71],[[564401,15.034217,50.605,0],13.11],[[564427,14.986005,50.711344,1],27.03],[[564435,15.043456,50.587332,1],36.09],[[564443,15.063976,50.572684,1],30],[[564451,15.088809,50.626916,0],31.57],[[564460,15.052732,50.706477,2],27.7],[[564494,15.02506,50.966732,2],20.68],[[564516,15.052112,50.618816,1],18.94],[[564532,14.95149,50.64615,1],12.04],[[564541,14.876403,50.765065,1],15.21],[[547476,15.400555,50.724065,1],25.53],[[547484,15.246847,50.519937,0],37.66],[[573400,15.218593,50.617659,0],19.14],[[573418,15.533412,50.580946,1],27.16],[[574201,15.57583,50.52618,0],16.04],[[576964,15.328241,50.605258,3],21.25],[[576972,15.445427,50.534417,1],16.85],[[576981,15.548272,50.666433,2],10.89],[[576999,15.368478,50.603258,1],19.63],[[577006,15.337206,50.640171,1],21.98],[[577014,15.396332,50.488672,0],25.64],[[577031,15.58394,50.542694,0],5.33],[[577049,15.401976,50.604834,0],28.2],[[577057,15.60765,50.5317,1],18.18],[[577073,15.421312,50.613238,1],20.1],[[577081,15.431521,50.772186,2],24.89],[[577111,15.300548,50.520473,0],25.8],[[577120,15.571571,50.608357,2],19.19],[[577146,15.200342,50.544906,1],10.97],[[577154,15.300449,50.602387,1],25.69],[[577162,15.429698,50.703569,2],16.55],[[577171,15.338516,50.660595,1],27.1],[[577189,15.491835,50.680618,0],16.66],[[577197,15.506637,50.608996,3],9.18],[[577201,15.14538,50.550769,0],45.16],[[577219,15.20728,50.561843,1],21.67],[[577227,15.221716,50.599761,0],14.86],[[577235,15.404135,50.571751,2],38.48],[[577243,15.480245,50.565638,1],19.13],[[577294,15.416037,50.559503,1],17.34],[[577308,15.373517,50.530724,3],33.29],[[577316,15.19435,50.591643,2],24.15],[[577324,15.119437,50.574176,1],26.31],[[577332,15.468897,50.600813,1],28.57],[[577341,15.411952,50.52041,1],36.02],[[577359,15.126071,50.597745,2],18.35],[[577367,15.119305,50.545045,0],17.14],[[577375,15.540814,50.528307,1],11.6],[[577391,15.44404,50.619384,1],21.66],[[577405,15.463395,50.661618,2],11.85],[[577413,15.112901,50.583032,1],35.03],[[577421,15.364623,50.625029,0],14.58],[[577430,15.245541,50.577589,1],19.32],[[577448,15.187647,50.620425,0],25.8],[[577456,15.448787,50.729228,3],28.19],[[577464,15.422263,50.647554,1],37.5],[[577472,15.259515,50.535418,2],25.83],[[577481,15.371639,50.65855,0],16.21],[[577499,15.499852,50.563887,2],20.68],[[577529,15.329787,50.580911,1],21.97],[[577545,15.358086,50.550949,1],28.57],[[577553,15.54947,50.553543,2],26.26],[[577561,15.455663,50.553516,0],4.87],[[577570,15.427821,50.498928,0],27.69],[[577596,15.273268,50.571343,1],30.11],[[577600,15.22242,50.511687,0],25],[[577626,15.156909,50.587385,4],19.42],[[577642,15.308967,50.546714,0],