{"reg":704,"towns":[[[530395,14.363559,50.80461,0],1.53],[[530417,14.461724,50.888706,0],2.22],[[544647,14.264287,50.820934,1],7.77],[[544680,14.265378,50.860304,1],7.07],[[544701,14.231709,50.848754,0],4.54],[[545538,14.360479,50.715168,0],5],[[545678,14.355383,50.775633,1],7.22],[[545708,14.314344,51.019574,1],1.17],[[545783,14.293376,50.769646,1],8.08],[[545791,14.339205,50.684307,0],1.69],[[545856,14.333391,50.747281,1],5.92],[[545899,14.327018,50.725809,1],4.34],[[545929,14.340721,50.762175,1],0.75],[[546330,14.41998,50.818924,1],2.73],[[546348,14.352834,50.820458,1],8.97],[[546453,14.268547,50.810319,0],26.66],[[546496,14.256524,50.794169,1],8.39],[[555193,14.205036,50.696428,1],5.78],[[562335,14.212861,50.772656,5],6.63],[[562343,14.264055,50.837124,1],10.4],[[562351,14.3125,50.741692,3],4.98],[[562394,14.417784,50.797908,3],5.97],[[562408,14.193259,50.714949,1],4.52],[[562432,14.595146,50.879988,2],3.58],[[562441,14.286956,50.982619,2],1.41],[[562483,14.291315,50.726587,1],16.54],[[562513,14.242617,50.87451,1],6.38],[[562521,14.303537,50.789539,1],3.16],[[562530,14.483083,50.863346,2],1.54],[[562556,14.394022,50.852494,1],8.28],[[562564,14.103948,50.760925,3],8.4],[[562572,14.57519,50.874552,1],1.42],[[562581,14.568449,50.993471,3],1.72],[[562611,14.510101,50.913136,3],0.45],[[562700,14.270704,50.741627,1],4.65],[[562718,14.169817,50.735259,1],6.32],[[562751,14.363794,50.965179,2],0.91],[[562777,14.555255,50.953525,4],1.17],[[562793,14.515148,50.880068,1],0.88],[[562823,14.496283,50.950546,2],0.4],[[562858,14.452699,51.003793,3],1.61],[[562874,14.322006,50.701933,1],1.23],[[562882,14.618348,50.911648,4],2.15],[[562891,14.396877,50.730538,1],2.67],[[562912,14.374393,50.990885,2],3.12],[[562921,14.301255,50.661245,2],7.66],[[562939,14.37384,50.784784,1],3.09],[[562947,14.335423,50.990647,1],4.34],[[566900,14.293898,50.842265,1],1.41],[[546062,13.484983,50.463315,0],10.71],[[546071,13.364964,50.30526,1],11.53],[[546160,13.478643,50.424293,0],1.69],[[546518,12.986674,50.420711,0],5.4],[[562971,13.410837,50.463598,5],9.62],[[562980,13.50601,50.424657,0],4.47],[[562998,13.358172,50.511799,1],4.24],[[563005,13.413447,50.540271,1],10.11],[[563013,13.420942,50.40228,2],5.24],[[563021,13.359354,50.447783,1],8.23],[[563056,13.429205,50.430887,1],8.61],[[563064,13.251454,50.510328,1],14.28],[[563072,13.498471,50.387359,1],3.26],[[563081,13.430488,50.332881,1],9.75],[[563099,13.448885,50.500627,4],9.76],[[563102,13.271422,50.376092,4],9.55],[[563129,13.171393,50.384561,4],5.69],[[563137,13.053997,50.438324,2],9.92],[[563161,13.301587,50.486132,1],11.84],[[563188,13.385678,50.315996,0],2.24],[[563200,13.333493,50.446278,1],7.59],[[563218,13.280572,50.262382,1],3.61],[[563226,13.115541,50.421723,0],5.17],[[563242,13.26742,50.447156,1],20],[[563269,13.106679,50.362327,1],15.11],[[563277,13.45081,50.480923,1],5.21],[[563285,13.110315,50.381769,2],6.34],[[563315,13.136207,50.499571,0],4.08],[[563323,13.284757,50.298139,2],5.34],[[563331,13.29881,50.35328,1],9.3],[[563340,13.391931,50.44104,2],8.57],[[563358,13.530649,50.471126,1],17.21],[[563382,13.457492,50.440706,2],13.81],[[563404,13.032237,50.492426,3],2.91],[[563412,13.37473,50.269771,1],4.41],[[563439,13.312156,50.301078,1],5.55],[[563463,13.495732,50.488266,1],9.3],[[563480,13.507709,50.457467,0],12],[[563498,13.237511,50.466591,1],8.98],[[563501,13.470366,50.520381,2],18.34],[[505528,14.004486,50.483044,1],8.33],[[530506,14.109038,50.553345,0],6.89],[[542407,14.17905,50.543317,1],3.25],[[542423,14.307446,50.360924,1],4.16],[[542482,14.32257,50.460172,0],15],[[542491,14.082115,50.543636,0],10.41],[[542539,14.069206,50.519327,0],22.66],[[546691,13.969778,50.443126,0],67.85],[[546721,14.016401,50.450166,0],22.8],[[546755,14.301296,50.461941,0],11.76],[[546763,14.253325,50.556722,0],10.9],[[546771,14.07749,50.558481,0],7.27],[[546780,14.213625,50.559879,1],6.25],[[546810,14.187346,50.583028,0],6.89],[[546852,14.243217,50.454495,0],10.2],[[553646,14.162716,50.472956,1],8.86],[[564567,14.130646,50.53852,4],6.08],[[564575,14.341026,50.416252,2],5.17],[[564591,14.150595,50.493264,3],8.48],[[564613,14.141967,50.481073,1],9.61],[[564621,14.145512,50.453763,2],23.47],[[564648,14.216366,50.360615,1],9.87],[[564656,14.126018,50.404377,2],3.13],[[564672,14.307223,50.374801,1],3.17],[[564699,14.059049,50.445046,0],4.44],[[564711,14.028506,50.484284,2],12.28],[[564729,13.908578,50.438699,1],26.08],[[564737,13.96506,50.465654,0],33.33],[[564745,14.29389,50.437691,1],4.29],[[564753,14.16124,50.454991,1],6.12],[[564770,14.320808,50.525222,1],5.47],[[564818,14.190273,50.424637,1],4.23],[[564834,14.028989,50.384155,1],6.49],[[564842,14.10679,50.572465,1],5.63],[[564851,14.346588,50.358792,1],3.43],[[564877,14.33511,50.488694,2],3.57],[[564893,14.230906,50.462572,1],15.78],[[564923,14.250171,50.47327,1],8.6],[[564931,13.993372,50.463209,0],11.86],[[564940,14.085254,50.439891,1],6.29],[[564958,14.000996,50.548326,1],14.1],[[564966,14.279353,50.552187,0],9.89],[[565016,14.101914,50.480149,1],15.38],[[565024,14.006583,50.43154,1],21.08],[[565032,14.248831,50.392685,1],0.69],[[565059,14.333177,50.383135,1],1.28],[[565067,14.301425,50.405474,1],5.12],[[565075,13.980842,50.394622,1],15.31],[[565083,14.21461,50.522692,2],3.45],[[565091,14.285987,50.448307,1],8.69],[[565105,14.284017,50.613935,0],6.25],[[565113,14.047429,50.525685,1],7.22],[[565121,14.289175,50.568962,2],3.65],[[565148,14.342424,50.392532,1],10],[[565156,14.039146,50.566669,1],8.87],[[565164,14.044498,50.406368,3],6.89],[[565172,14.229354,50.477022,1],8.69],[[565211,14.263257,50.621676,1],6.09],[[565229,14.051142,50.515143,3],9.8],[[565237,14.085804,50.501745,1],6.77],[[565245,14.05484,50.534078,1],9.23],[[565253,14.152928,50.372805,1],2.77],[[565296,14.11933,50.526999,0],14.03],[[565300,14.281839,50.36565,1],13.17],[[565318,14.127166,50.362321,2],5.43],[[565342,14.179516,50.447702,1],9.92],[[565393,14.198588,50.56034,1],5.98],[[565415,13.948396,50.472089,1],15.1],[[565431,14.264579,50.50573,2],4.88],[[565458,14.032075,50.569522,1],14.13],[[565474,14.193965,50.403615,1],2.89],[[565482,14.351181,50.461398,1],5.49],[[565491,14.218727,50.373201,1],4.8],[[565521,14.068389,50.41107,1],9.09],[[565555,14.260565,50.425305,4],3.9],[[565598,14.071012,50.478454,1],6.74],[[565601,14.038155,50.430683,1],31.42],[[565610,14.387857,50.503633,1],2.73],[[565679,14.249643,50.363689,2],2.83],[[565695,14.037519,50.498891,1],11.27],[[565709,14.374322,50.453087,3],4.29],[[565717,14.150658,50.511102,3],6.7],[[565741,14.189878,50.503389,1],7.26],[[565768,13.990159,50.476429,2],15.97],[[565776,13.899372,50.45817,1],31.44],[[565792,14.20553,50.599744,1],4.68],[[565806,14.035645,50.463202,1],23.61],[[565814,14.34769,50.585804,3],4.47],[[565831,14.254008,50.43399,1],25.27],[[565849,13.976864,50.53909,2],9.72],[[565857,14.063884,50.539512,1],17.64],[[565865,14.020198,50.510608,1],13.88],[[565873,13.955542,50.497071,0],10],[[565881,14.268153,50.373533,1],13.6],[[565890,14.286605,50.4833,1],2.4],[[565903,14.084782,50.462705,1],10.97],[[565911,14.289857,50.502216,1],1.51],[[565938,14.091136,50.413264,1],9.72],[[565946,14.091474,50.523199,1],15.47],[[565954,14.233166,50.446388,1],1.98],[[565962,14.156757,50.555387,2],7.45],[[530557,13.784625,50.45686,0],7.57],[[530565,13.876828,50.464261,0],39.28],[[530581,13.494015,50.308851,1],3.03],[[530590,13.513599,50.33349,1],7.73],[[530603,13.604272,50.321307,0],4.34],[[542547,13.852757,50.347086,1],8.57],[[542555,13.735342,50.311585,0],10.93],[[542571,13.812247,50.332834,2],8.69],[[542580,13.863081,50.373356,1],3.25],[[542628,13.845324,50.361485,2],8.61],[[542636,13.842789,50.285958,0],8.33],[[543012,13.912212,50.286331,0],8.64],[[543128,13.571151,50.349927,1],9.21],[[546011,13.747256,50.320403,1],5.24],[[546429,13.829608,50.408357,0],4.08],[[546861,13.794844,50.370197,2],5.59],[[546879,13.800031,50.312594,1],3.4],[[546887,13.842119,50.368582,0],10.89],[[565971,13.803455,50.354081,4],4.34],[[565997,13.640793,50.37326,1],6],[[566004,13.389809,50.097026,1],