{"reg":734,"towns":[[[530417,14.461724,50.888706,0],2.22],[[544680,14.265378,50.860304,1],0.88],[[546330,14.41998,50.818924,1],1.36],[[562335,14.212861,50.772656,5],0.25],[[562394,14.417784,50.797908,3],0.36],[[562432,14.595146,50.879988,2],2.08],[[562441,14.286956,50.982619,2],0.84],[[562483,14.291315,50.726587,1],0.75],[[562505,14.545731,50.881485,1],0.95],[[562521,14.303537,50.789539,1],0.45],[[562530,14.483083,50.863346,2],0.61],[[562564,14.103948,50.760925,3],0.23],[[562581,14.568449,50.993471,3],0.98],[[562611,14.510101,50.913136,3],0.34],[[562777,14.555255,50.953525,4],0.42],[[562823,14.496283,50.950546,2],0.8],[[562858,14.452699,51.003793,3],0.35],[[562882,14.618348,50.911648,4],3.93],[[562891,14.396877,50.730538,1],0.89],[[562912,14.374393,50.990885,2],0.26],[[562921,14.301255,50.661245,2],0.38],[[562947,14.335423,50.990647,1],1.81],[[566900,14.293898,50.842265,1],0.7],[[562971,13.410837,50.463598,5],0.33],[[562998,13.358172,50.511799,1],0.6],[[563005,13.413447,50.540271,1],3.37],[[563021,13.359354,50.447783,1],0.58],[[563099,13.448885,50.500627,4],0.43],[[563102,13.271422,50.376092,4],0.1],[[563111,13.322071,50.577837,0],1.11],[[563129,13.171393,50.384561,4],0.24],[[563200,13.333493,50.446278,1],0.84],[[563218,13.280572,50.262382,1],1.2],[[563277,13.45081,50.480923,1],0.47],[[563323,13.284757,50.298139,2],0.31],[[563331,13.29881,50.35328,1],2.32],[[563340,13.391931,50.44104,2],1.26],[[563358,13.530649,50.471126,1],1.63],[[563382,13.457492,50.440706,2],0.6],[[563404,13.032237,50.492426,3],0.19],[[563412,13.37473,50.269771,1],1.47],[[563480,13.507709,50.457467,0],2],[[563501,13.470366,50.520381,2],0.29],[[542482,14.32257,50.460172,0],2.5],[[542539,14.069206,50.519327,0],1.33],[[546810,14.187346,50.583028,0],3.44],[[564567,14.130646,50.53852,4],0.24],[[564575,14.341026,50.416252,2],0.32],[[564591,14.150595,50.493264,3],0.61],[[564648,14.216366,50.360615,1],1.23],[[564818,14.190273,50.424637,1],0.84],[[564877,14.33511,50.488694,2],0.63],[[564893,14.230906,50.462572,1],0.65],[[565016,14.101914,50.480149,1],1.28],[[565024,14.006583,50.43154,1],1.62],[[565032,14.248831,50.392685,1],0.69],[[565067,14.301425,50.405474,1],0.51],[[565121,14.289175,50.568962,2],0.33],[[565156,14.039146,50.566669,1],1.18],[[565164,14.044498,50.406368,3],0.52],[[565172,14.229354,50.477022,1],0.86],[[565211,14.263257,50.621676,1],1.21],[[565229,14.051142,50.515143,3],0.37],[[565237,14.085804,50.501745,1],1.69],[[565253,14.152928,50.372805,1],0.46],[[565318,14.127166,50.362321,2],0.21],[[565393,14.198588,50.56034,1],0.85],[[565458,14.032075,50.569522,1],0.52],[[565521,14.068389,50.41107,1],1.01],[[565555,14.260565,50.425305,4],0.26],[[565610,14.387857,50.503633,1],0.54],[[565679,14.249643,50.363689,2],0.63],[[565709,14.374322,50.453087,3],0.15],[[565717,14.150658,50.511102,3],0.53],[[565768,13.990159,50.476429,2],0.35],[[565792,14.20553,50.599744,1],1.56],[[565814,14.34769,50.585804,3],0.59],[[565831,14.254008,50.43399,1],0.36],[[565849,13.976864,50.53909,2],0.39],[[565911,14.289857,50.502216,1],1.51],[[565938,14.091136,50.413264,1],1.38],[[565962,14.156757,50.555387,2],0.82],[[530565,13.876828,50.464261,0],3.57],[[542547,13.852757,50.347086,1],1.42],[[542555,13.735342,50.311585,0],1.56],[[542580,13.863081,50.373356,1],0.81],[[542628,13.845324,50.361485,2],0.23],[[543012,13.912212,50.286331,0],2.46],[[546861,13.794844,50.370197,2],0.21],[[565971,13.803455,50.354081,4],0.28],[[565997,13.640793,50.37326,1],2],[[566217,13.730349,50.288215,1],0.93],[[566314,13.426708,50.174477,2],1.09],[[566322,13.766007,50.375267,2],0.52],[[566349,13.838289,50.452574,1],0.4],[[566438,13.313301,50.132182,2],0.23],[[566454,13.537482,50.26677,2],0.37],[[566519,13.474941,50.339745,1],1.4],[[566527,13.460534,50.19866,1],0.89],[[566551,13.959969,50.342609,2],0.53],[[566560,13.446526,50.127625,1],0.58],[[566586,13.887909,50.371926,1],0.84],[[566616,13.41203,50.229475,3],0.28],[[566624,13.70302,50.359895,3],0.51],[[566667,13.774466,50.253498,1],0.44],[[566829,13.886229,50.315391,1],1.11],[[566853,13.662622,50.28475,1],0.59],[[566870,13.563783,50.402684,1],1.63],[[566918,13.822865,50.265764,0],1.25],[[566951,13.670442,50.394975,1],1.6],[[566985,13.545886,50.327276,4],0.2],[[567027,13.633012,50.501655,5],0.96],[[567043,13.717955,50.449824,2],0.66],[[567060,13.700283,50.543055,2],1.08],[[567078,13.390831,50.63211,0],2.85],[[567141,13.598881,50.450149,1],2.18],[[567175,13.547284,50.5732,2],0.76],[[567256,13.610342,50.598526,4],1.13],[[567264,13.657403,50.593384,3],6.37],[[567272,13.636592,50.587967,1],0.95],[[567281,13.75425,50.491802,1],3.33],[[567299,13.560308,50.462594,0],1.44],[[567302,13.665101,50.574142,1],0.74],[[567311,13.598813,50.62126,3],1.31],[[567337,13.695511,50.505083,2],0.29],[[567345,13.705297,50.499915,1],1.27],[[567353,13.652795,50.444544,0],1.08],[[567361,13.754506,50.465729,0],1.33],[[546909,13.885519,50.528228,0],2.85],[[567442,13.835384,50.644558,5],0.62],[[567451,13.775459,50.548647,4],0.31],[[567507,13.788947,50.681139,3],0.5],[[567515,13.746322,50.603871,3],0.8],[[567523,13.712691,50.630921,2],0.44],[[567531,13.808142,50.587806,2],1.14],[[567582,13.749019,50.628702,1],1.82],[[567612,13.873166,50.560217,1],0.49],[[567621,13.755656,50.655181,3],0.84],[[567639,13.858264,50.684596,4],0.33],[[567647,13.765404,50.618346,1],0.66],[[567698,13.818088,50.480523,1],1.35],[[567752,13.823154,50.656439,2],0.31],[[567761,13.844786,50.587135,1],0.46],[[567779,13.691488,50.622637,3],0.33],[[567841,13.811707,50.576236,2],1.51],[[567850,13.789867,50.645818,1],0.51],[[553697,13.994605,50.642967,3],0.13],[[554804,14.053246,50.661216,5],0.24],[[555223,14.036815,50.731698,1],0.99],[[567931,14.04319,50.597423,1],1.76],[[567973,14.186494,50.62938,1],0.68],[[568007,13.941955,50.673287,3],0.14],[[568015,13.939752,50.699825,3],0.23],[[568058,14.040826,50.75865,2],0.4],[[568104,14.119558,50.632028,1],0.38],[[568147,13.976255,50.789131,1],0.51],[[568155,14.160445,50.672866,2],0.5],[[568350,14.141852,50.662808,2],1.07]],"districts":[["CZ0421",0.78],["CZ0422",0.34],["CZ0423",0.31],["CZ0424",0.32],["CZ0425",1.22],["CZ0426",0.51],["CZ0427",0.27]],"regions":[["CZ042",null]]}