{"reg":776,"towns":[[[548065,15.582212,50.161163,1],4.93],[[548154,15.775579,50.257478,1],13.63],[[569810,15.825311,50.210461,5],1.82],[[569828,15.585617,50.192196,0],1.09],[[569852,15.942805,50.198081,1],0.9],[[569879,15.930746,50.214011,1],0.91],[[569887,15.630961,50.203911,1],1.71],[[569917,15.922644,50.262743,2],1.46],[[569925,15.874133,50.318732,2],0.31],[[569933,15.731935,50.28893,0],4.16],[[569941,15.921759,50.239875,0],1.58],[[569976,15.694605,50.287371,1],2.56],[[569984,15.708601,50.239725,1],2.56],[[569992,15.826971,50.326035,1],1.31],[[570010,15.71623,50.314969,0],2.32],[[570028,15.860186,50.308038,1],2.55],[[570044,15.767421,50.309639,1],0.49],[[570052,15.675654,50.218662,0],2.94],[[570087,15.511631,50.226124,1],0.72],[[570109,15.460363,50.154506,3],0.42],[[570133,16.002737,50.22828,1],7.03],[[570150,15.557599,50.153056,0],1.35],[[570176,15.534913,50.179841,1],4.8],[[570192,15.53668,50.259542,1],1.26],[[570206,15.607018,50.169243,1],1.61],[[570214,15.636021,50.217617,1],0.83],[[570222,15.942389,50.297761,0],1.72],[[570231,15.696345,50.172522,1],0.33],[[570249,15.695007,50.191851,1],1.6],[[570265,15.95985,50.242363,1],0.6],[[570273,15.963989,50.287938,1],4.25],[[570303,15.610553,50.270952,1],3.84],[[570311,15.820017,50.272221,1],4.62],[[570320,15.38474,50.165301,1],3.06],[[570362,15.411967,50.213644,1],1.55],[[570397,15.528273,50.215505,1],4.67],[[570401,15.501571,50.191824,0],4.05],[[570419,15.68594,50.27513,1],2.72],[[570435,15.675954,50.296508,1],1.94],[[570443,15.78561,50.27676,1],0.9],[[570451,15.632865,50.237468,2],2.18],[[570478,15.463452,50.192306,1],0.43],[[570494,15.495214,50.147769,1],4.03],[[570508,15.490926,50.241602,3],0.66],[[570516,15.511087,50.32963,1],2.43],[[570524,15.445092,50.142363,1],1.11],[[570541,15.676288,50.143649,0],2.17],[[570567,15.598601,50.289854,1],1.81],[[570648,15.548695,50.238775,1],1.55],[[570656,15.742802,50.17297,2],1.49],[[570672,15.815669,50.256426,2],1.76],[[570745,15.651804,50.176262,1],3.04],[[570800,15.872134,50.27647,1],2.51],[[570851,15.502075,50.257418,1],1.48],[[570869,15.477355,50.291556,2],0.66],[[570877,15.865181,50.299879,3],1.3],[[570885,15.917943,50.299846,1],0.72],[[570907,15.705857,50.307552,0],6.02],[[570915,15.530668,50.150422,0],4.65],[[570931,15.748412,50.215821,2],1.9],[[570958,15.64079,50.301628,1],1.92],[[570966,15.718242,50.258368,1],0.77],[[571016,15.542057,50.315142,0],1.88],[[571041,15.992336,50.201066,3],3.06],[[571083,15.428963,50.289608,1],0.59],[[571091,15.760224,50.255417,2],9.71],[[571105,15.979052,50.269739,1],0.99],[[571113,15.824842,50.153472,2],1.39],[[573191,15.700009,50.297512,1],2.22],[[573621,15.711346,50.191374,0],1.23],[[573779,15.75893,50.297029,0],4],[[576352,16.012785,50.250722,1],2.24],[[576433,16.04283,50.223913,1],1.52],[[548855,15.620923,50.316342,0],1.38],[[548863,15.63112,50.329866,1],2.35],[[548880,15.582808,50.325546,0],1.17],[[548910,15.30877,50.4497,0],16.66],[[549037,15.516036,50.432957,0],4.05],[[549070,15.313367,50.434394,0],3.33],[[549100,15.337606,50.465297,0],1.81],[[549151,15.32977,50.478592,0],3.52],[[549169,15.350713,50.454929,0],1.33],[[549207,15.493052,50.347043,0],4.16],[[553701,15.15353,50.385047,0],1.63],[[572128,15.428878,50.369139,0],2.12],[[572659,15.361144,50.435433,4],1.25],[[572667,15.605129,50.334576,0],3.38],[[572781,15.723633,50.333348,1],0.98],[[572837,15.602674,50.348096,1],0.51],[[572900,15.320807,50.451706,1],2.59],[[572918,15.577533,50.375381,1],1.44],[[572926,15.63194,50.366189,3],1.39],[[572969,15.496287,50.359371,1],1.82],[[572993,15.680876,50.344654,1],2.97],[[573001,15.337392,50.373176,1],0.7],[[573043,15.322548,50.493286,1],6.66],[[573060,15.2704,50.330951,2],1.25],[[573094,15.582797,50.428843,3],1.51],[[573108,15.21695,50.375516,2],1.21],[[573124,15.298603,50.498255,1],9.56],[[573159,15.470396,50.431154,1],1.12],[[573175,15.682367,50.403916,1],1.81],[[573205,15.232724,50.482181,1],1.4],[[573213,15.521712,50.411963,1],0.53],[[573221,15.699658,50.391682,1],1.03],[[573230,15.370126,50.384534,1],3.41],[[573248,15.515138,50.494593,3],6.71],[[573256,15.562386,50.407609,0],2.35],[[573272,15.549593,50.372556,2],0.72],[[573281,15.289734,50.443397,0],3.57],[[573299,15.608329,50.480435,2],4.76],[[573329,15.310632,50.418572,1],1.41],[[573337,15.447215,50.45237,0],1.16],[[573361,15.402094,50.463465,0],3.22],[[573370,15.428693,50.458914,1],3.2],[[573469,15.381502,50.366869,1],5.03],[[573493,15.176299,50.467515,2],1.09],[[573507,15.49455,50.510424,2],4.13],[[573523,15.494647,50.336688,1],6.12],[[573540,15.274587,50.404458,1],5.17],[[573612,15.651767,50.339344,1],1.31],[[573639,15.469231,50.377493,1],1.2],[[573655,15.47042,50.473031,1],3.33],[[573671,15.687441,50.427287,0],1.81],[[573680,15.262655,50.506631,1],4.04],[[573698,15.437401,50.43413,1],2.02],[[573701,15.384989,50.455113,2],1.4],[[573736,15.565907,50.512639,1],3.96],[[573752,15.378316,50.393404,1],0.66],[[573795,15.323155,50.323952,0],4.47],[[573809,15.436421,50.331055,1],1.57],[[573825,15.384697,50.472837,2],3.08],[[573833,15.411844,50.353646,1],4.28],[[573850,15.382081,50.30222,0],1.01],[[505099,16.058927,50.450166,0],12.65],[[530786,16.016933,50.384385,0],3.33],[[547531,15.910937,50.369279,0],2.22],[[547565,16.02139,50.421946,0],2.5],[[547646,16.189414,50.46187,2],17.42],[[547727,16.202186,50.367711,0],11.42],[[547786,16.083501,50.624387,1],5.3],[[573868,16.165735,50.414672,4],12.44],[[573884,16.229341,50.509838,1],13.79],[[573892,16.088688,50.312731,2],1.65],[[573906,16.253287,50.386091,0],8],[[573922,16.331915,50.585758,3],2.73],[[573931,15.958411,50.444489,0],2.4],[[573957,16.102688,50.335841,1],3.64],[[573965,16.093,50.476361,3],11.07],[[573973,16.229527,50.400822,1],9.85],[[573981,16.180328,50.545672,1],5.74],[[573990,16.042868,50.394767,3],5.74],[[574015,15.96138,50.380098,1],2.95],[[574023,16.151339,50.438436,1],16.11],[[574031,16.299544,50.599352,1],0.55],[[574040,15.91865,50.379697,1],2.15],[[574066,16.144576,50.46743,1],10.56],[[574074,15.993634,50.444856,1],8.27],[[574082,16.181777,50.480164,3],35.4],[[574112,15.978392,50.414437,1],6.52],[[574121,15.924238,50.356904,4],2.65],[[574139,15.99108,50.318379,1],2.08],[[574147,16.182163,50.362184,0],4.83],[[574155,16.266763,50.615071,1],4.65],[[574180,16.003204,50.422788,1],4.41],[[574210,16.277008,50.499363,2],9.3],[[574228,16.342079,50.547626,1],1.57],[[574244,16.217095,50.356207,0],2.73],[[574252,16.242178,50.624705,2],3.15],[[574261,16.082511,50.351812,1],6.14],[[574279,16.151571,50.344662,3],4.99],[[574287,16.244478,50.357375,1],1.47],[[574295,15.94929,50.321268,1],2.02],[[574317,16.387685,50.557245,1],3.41],[[574341,16.23361,50.536968,3],10.64],[[574350,16.114965,50.382206,2],5.57],[[574368,16.16869,50.373743,0],18.57],[[574376,15.911774,50.322012,1],1.21],[[574406,15.970419,50.357467,1],4.65],[[574422,16.036726,50.454193,1],8.03],[[574431,16.052982,50.329,1],7.5],[[574457,16.204042,50.343852,1],1.14],[[574465,16.158279,50.534022,1],18.28],[[574481,16.089978,50.421368,2],9.42],[[574490,16.265476,50.540173,1],19.08],[[574538,16.170483,50.59443,2],4.81],[[574546,16.13492,50.420798,2],13.85],[[574554,15.84179,50.356869,1],1.29],[[574562,16.037736,50.361175,1],16.2],[[574571,16.206593,50.517437,1],3.12],[[574589,16.006468,50.392984,1],0.97],[[574601,15.898493,50.312721,1],2.58],[[574635,16.22766,50.487806,1],34.56],[[574643,16.116742,50.403868,1],12.83],[[574651,16.11255,50.459652,1],10.05],[[574686,16.213389,50.538847,1],8.29],[[574694,16.227922,50.469046,1],13.97],[[574708,16.05755,50.430501,1],14.13],[[548642,16.175968,50.148079,1],11.65],[[548669,16.032244,50.309374,1],2.66],[[548685,16.234632,50.079206,0],2.43],[[548693,16.223384,50.086151,0],4.65],[[548707,16.251784,50.08923,0],5.63],[[548782,16.333536,50.150364,0],5.88],[[548791,16.169563,50.322469,0],4.65],[[576069,16.277784,50.166065,4],4.32],[[576077,16.064472,50.139886,1],35.98],[[576085,16.233416,50.299877,1],4.62],[[576093,16.547862,50.16408,0],1.17],[[576115,16.225153,50.338561,0],4.95],[[576123,16.077076,50.213724,1],5.76],[[576131,