{"reg":783,"towns":[[[514161,14.664183,50.51251,0],2.77],[[514276,14.719254,50.680046,1],1.4],[[530387,14.59215,50.753003,0],2.12],[[544337,14.838293,50.702975,1],5.35],[[546232,14.45693,50.655449,0],1.88],[[546259,14.486766,50.655024,0],1.35],[[546267,14.467408,50.536579,1],1.12],[[546275,14.482593,50.735875,0],5.26],[[546283,14.599127,50.719575,0],1.11],[[553638,14.638554,50.543414,0],29.31],[[561380,14.539799,50.67862,5],1.35],[[561398,14.722084,50.533742,1],4.65],[[561401,14.603251,50.502986,0],5.88],[[561410,14.396598,50.608503,1],3.6],[[561444,14.703495,50.729288,2],4],[[561479,14.633019,50.777293,3],1.64],[[561495,14.654377,50.565945,3],1.1],[[561533,14.540343,50.540444,2],2.41],[[561541,14.808823,50.726074,1],4.8],[[561584,14.493073,50.618099,1],0.86],[[561592,14.493538,50.712584,1],0.47],[[561606,14.404106,50.704219,1],1.25],[[561614,14.562772,50.578538,0],10.2],[[561665,14.584657,50.608694,1],2.87],[[561681,14.472979,50.773693,3],1.31],[[561720,14.392521,50.632503,1],3.17],[[561746,14.678722,50.768777,1],2.2],[[561827,14.678659,50.807507,1],5.71],[[561835,14.724956,50.655768,3],1.08],[[561851,14.746964,50.692151,1],2.46],[[561860,14.555664,50.757714,4],0.99],[[561878,14.442254,50.765514,1],0.98],[[561886,14.671066,50.527594,1],2.17],[[561959,14.533028,50.786771,1],1.04],[[561983,14.601372,50.617925,1],1.61],[[562017,14.80363,50.58629,2],1.3],[[562025,14.53067,50.745217,2],0.22],[[562050,14.588922,50.739037,1],1.56],[[562076,14.532396,50.655151,1],1.32],[[562092,14.801127,50.702903,3],1.91],[[562106,14.450096,50.696974,1],2.37],[[562131,14.596917,50.7919,1],1.93],[[562203,14.735433,50.743566,0],7.46],[[562220,14.453036,50.730204,1],1.7],[[562238,14.57122,50.55324,0],6.25],[[562262,14.645335,50.684854,3],0.81],[[562297,14.396344,50.714039,2],0.84],[[530425,15.184679,50.681858,0],2.98],[[546585,15.26303,50.755788,1],5],[[563510,15.170414,50.722153,5],1.16],[[563528,15.275813,50.7624,1],0.79],[[563552,15.313862,50.75481,3],1.08],[[563561,15.303285,50.68764,1],2.71],[[563579,15.158867,50.652357,1],4.53],[[563595,15.169244,50.772141,2],1.6],[[563609,15.136637,50.627796,2],3.22],[[563617,15.295375,50.670963,0],1.56],[[563633,15.231574,50.782016,1],1.09],[[563641,15.228332,50.62476,2],3.29],[[563668,15.365424,50.759359,1],1.73],[[563676,15.212313,50.64567,1],2.32],[[563684,15.2678,50.679747,0],5.2],[[563692,15.220572,50.741456,2],1.07],[[563706,15.195534,50.646408,2],3.15],[[563714,15.198577,50.696455,1],1.56],[[563749,15.236038,50.687791,2],4.3],[[563757,15.317471,50.703338,2],1.93],[[563773,15.277749,50.672861,0],2.73],[[563781,15.115859,50.698552,1],1.55],[[563790,15.149898,50.683891,3],2.02],[[563803,15.213411,50.676103,1],1.05],[[563811,15.246502,50.738301,3],1.25],[[563820,15.307982,50.737629,3],1.93],[[563838,15.315498,50.713834,3],2.6],[[563854,15.27004,50.697784,1],7.91],[[563862,15.353616,50.708647,1],5.26],[[563871,15.254186,50.64284,3],0.93],[[530433,15.026152,50.921515,1],0.59],[[530468,15.075978,50.711714,1],4.47],[[530484,15.09393,50.699666,1],1.76],[[544345,15.017139,50.701762,1],4.45],[[544477,15.026936,50.791093,2],2.14],[[544531,15.100281,50.592605,1],1.6],[[544582,15.082181,50.626455,1],3.62],[[544604,15.111598,50.640548,0],1.61],[[545937,15.109852,50.601,0],2.46],[[545953,15.113636,50.619335,1],0.72],[[545996,15.050573,51.004564,1],2.34],[[546593,15.001175,50.831607,1],2.64],[[546607,15.036676,50.892748,1],0.88],[[546631,15.222203,50.873842,1],0.7],[[546658,14.940408,50.704656,0],20.63],[[561631,14.760633,50.765382,3],11.71],[[563889,15.054439,50.76638,6],1.05],[[563901,15.035522,50.664931,1],2.7],[[563919,14.924507,50.823246,1],1.17],[[563935,15.12367,50.971244,1],1.82],[[563943,14.917705,50.644523,0],6],[[563960,14.996287,50.661116,3],2.12],[[563994,15.168786,50.945787,1],2.94],[[564028,15.079851,50.921496,3],1.34],[[564036,15.065266,51.019134,1],1.18],[[564044,15.181785,50.877301,3],1.56],[[564052,14.926704,50.631998,0],4.12],[[564061,15.08996,50.665963,3],2.48],[[564095,14.844658,50.852892,3],0.69],[[564109,14.869039,50.83632,2],0.84],[[564117,14.968947,50.817027,3],1.27],[[564133,15.249643,50.960916,1],3.59],[[564141,15.004443,50.610271,1],9.43],[[564176,14.933501,50.774549,1],2.63],[[564184,14.901417,50.73858,1],2.66],[[564206,15.190471,50.890241,1],2.36],[[564231,15.056405,50.831733,2],1.78],[[564265,15.229539,50.925011,3],2.19],[[564281,15.083777,50.849733,1],2.06],[[564290,14.921485,50.69499,2],4.26],[[564303,15.076196,50.594968,1],3.62],[[564354,15.084005,50.578232,2],2.13],[[564371,15.114757,50.904256,3],1.44],[[564397,14.818942,50.789106,1],3.27],[[564401,15.034217,50.605,0],3.27],[[564427,14.986005,50.711344,1],3.19],[[564435,15.043456,50.587332,1],3.75],[[564443,15.063976,50.572684,1],4],[[564451,15.088809,50.626916,0],3.5],[[564460,15.052732,50.706477,2],1.01],[[564494,15.02506,50.966732,2],1.13],[[564516,15.052112,50.618816,1],5.26],[[564532,14.95149,50.64615,1],2.09],[[564541,14.876403,50.765065,1],1.08],[[547476,15.400555,50.724065,1],2.12],[[547484,15.246847,50.519937,0],2.59],[[573400,15.218593,50.617659,0],2.12],[[573418,15.533412,50.580946,1],4.62],[[574201,15.57583,50.52618,0],6.17],[[576964,15.328241,50.605258,3],1.1],[[576981,15.548272,50.666433,2],2.51],[[576999,15.368478,50.603258,1],1.36],[[577006,15.337206,50.640171,1],0.52],[[577014,15.396332,50.488672,0],1.28],[[577031,15.58394,50.542694,0],12],[[577049,15.401976,50.604834,0],2.56],[[577057,15.60765,50.5317,1],8.33],[[577073,15.421312,50.613238,1],6.34],[[577081,15.431521,50.772186,2],2.57],[[577120,15.571571,50.608357,2],7.07],[[577146,15.200342,50.544906,1],3.65],[[577154,15.300449,50.602387,1],3.47],[[577162,15.429698,50.703569,2],1.5],[[577171,15.338516,50.660595,1],3.01],[[577189,15.491835,50.680618,0],1.66],[[577197,15.506637,50.608996,3],2.77],[[577219,15.20728,50.561843,1],0.76],[[577227,15.221716,50.599761,0],8.1],[[577235,15.404135,50.571751,2],1.77],[[577243,15.480245,50.565638,1],5.55],[[577294,15.416037,50.559503,1],3.74],[[577308,15.373517,50.530724,3],1.39],[[577316,15.19435,50.591643,2],1.99],[[577324,15.119437,50.574176,1],0.75],[[577332,15.468897,50.600813,1],3.1],[[577341,15.411952,50.52041,1],2.48],[[577359,15.126071,50.597745,2],0.54],[[577367,15.119305,50.545045,0],7.14],[[577391,15.44404,50.619384,1],5],[[577405,15.463395,50.661618,2],2.56],[[577413,15.112901,50.583032,1],4.01],[[577421,15.364623,50.625029,0],8.33],[[577430,15.245541,50.577589,1],0.84],[[577456,15.448787,50.729228,3],3.61],[[577464,15.422263,50.647554,1],1.92],[[577472,15.259515,50.535418,2],0.91],[[577499,15.499852,50.563887,2],9.09],[[577529,15.329787,50.580911,1],2.19],[[577545,15.358086,50.550949,1],6.63],[[577553,15.54947,50.553543,2],1.95],[[577561,15.455663,50.553516,0],2.43],[[577570,15.427821,50.498928,0],3.07],[[577596,15.273268,50.571343,1],0.56],[[577600,15.22242,50.511687,0],3.12],[[577626,15.156909,50.587385,4],1.12],[[577642,15.308967,50.546714,0],2.98],[[577651,15.487779,50.630181,1],6.08],[[577669,15.531308,50.679115,1],1.98],[[577677,15.105323,50.557553,1],1.28],[[577685,15.15805,50.529406,1],1.76],[[577693,15.401633,50.685688,2],5.31],[[577707,15.274194,50.61161,1],3.52],[[577723,15.26975,50.556845,0],2.17]],"districts":[["CZ0511",1.51],["CZ0512",1.65],["CZ0513",1.56],["CZ0514",2.39]],"regions":[["CZ051",null]]}