{"reg":265,"towns":[[[504301,15.745503,49.982634,1],11.7],[[504807,15.727244,49.94646,1],2.32],[[504921,15.739289,49.965357,1],3.1],[[504955,15.894469,49.979022,0],4.25],[[505005,15.86473,49.897307,1],1.89],[[505030,15.883877,49.960537,0],0],[[530697,15.677746,49.919564,0],13.88],[[547794,15.78717,49.837054,0],0],[[547808,15.713618,49.967283,1],6.74],[[547816,15.957449,49.74259,1],0],[[547824,15.761796,49.859518,0],7.14],[[547832,15.760021,49.877003,1],1.56],[[547841,15.621171,49.923275,0],1.92],[[547859,15.926941,49.931755,0],4.87],[[547867,16.127052,49.822412,0],0],[[547875,15.545079,49.916436,0],32.91],[[547891,15.745214,49.9279,1],8.08],[[554847,15.95683,49.814666,1],5.35],[[554952,16.043608,49.793442,1],0],[[556882,15.768153,49.915662,1],5.6],[[571164,15.795158,49.949824,4],4.29],[[571181,15.595868,49.837134,1],6.43],[[571202,15.704985,49.841414,1],4.97],[[571229,15.925435,49.97695,0],0],[[571237,15.535529,49.901849,0],26.15],[[571245,15.733261,49.957375,1],6.36],[[571253,15.839524,49.830355,1],0],[[571270,15.937395,49.963804,1],3.89],[[571296,15.777938,49.847036,0],0],[[571300,15.986569,49.761203,0],0],[[571377,15.926515,49.739067,0],1.69],[[571385,15.665028,49.94717,3],10.8],[[571393,15.907661,49.762231,3],1.04],[[571407,16.071649,49.84568,0],0],[[571440,15.923513,49.794858,1],0],[[571458,15.893093,49.933561,0],1.33],[[571466,15.916873,49.887322,1],0],[[571474,15.744393,49.802435,1],1.41],[[571482,15.57603,49.934901,0],10.16],[[571491,15.910648,49.959563,2],8.09],[[571504,15.990827,49.882632,1],0],[[571539,15.934067,49.902149,3],1.93],[[571547,15.991536,49.955625,2],21.27],[[571563,16.03112,49.929644,1],6.42],[[571571,15.975128,49.736024,1],0.43],[[571580,15.982386,49.772574,1],3.12],[[571610,15.855614,49.947276,1],4.16],[[571628,15.651641,49.923421,1],4.44],[[571652,15.745623,49.821656,0],6.52],[[571661,16.026846,49.772498,2],1.03],[[571709,15.958993,49.845309,0],0],[[571725,15.75641,49.841833,0],7.69],[[571733,15.741396,49.87195,0],3.17],[[571750,16.023891,49.916576,0],6.66],[[571768,15.839045,49.888935,1],4.6],[[571776,16.028604,49.893513,3],2.46],[[571822,15.605872,49.905062,1],8.69],[[571831,15.884829,49.841358,2],1.44],[[571857,15.724015,49.887468,1],2.1],[[571873,15.709072,49.934791,1],6.91],[[571890,15.886976,49.94387,0],0],[[571903,15.628949,49.941391,1],8.88],[[571911,15.804712,49.844597,2],3.24],[[571962,15.839135,49.919409,1],5.9],[[572004,16.079952,49.826885,0],4.34],[[572039,15.536819,49.936237,1],16.21],[[572063,15.988264,49.79687,1],0],[[572071,15.628821,49.893895,2],5.66],[[572080,16.11631,49.805994,2],1.87],[[572098,15.957751,49.833121,1],6.12],[[572101,16.038455,49.831724,1],0],[[572110,15.92634,49.938074,0],18.18],[[572152,15.96422,49.796504,1],0.84],[[572161,15.531541,49.888353,2],18.98],[[572179,15.951376,49.922359,2],34.76],[[572217,15.916661,49.922503,1],8.51],[[572225,15.65653,49.847037,2],7.7],[[572241,15.996654,49.843567,3],1.47],[[572268,15.813873,49.921196,3],4.26],[[572276,15.764066,49.933341,1],1.7],[[572314,16.072158,49.89166,0],5],[[572322,15.90302,49.738058,1],0],[[572331,15.813804,49.890007,1],2.38],[[572349,16.034289,49.72454,1],1.11],[[572381,15.914659,49.824479,1],1.14],[[572390,15.816049,49.786894,1],1.87],[[572403,15.919674,49.932925,0],7.69],[[572411,15.580129,49.869219,3],31.85],[[572420,15.84134,49.978962,1],3.2],[[572446,15.867345,49.979251,1],3.1],[[572454,15.66685,49.889133,0],2.77],[[572462,15.884462,49.817781,1],0.59],[[572471,15.880178,49.971029,1],2.83],[[572497,15.88183,49.749189,1],0.71],[[572501,15.973606,49.788649,1],0],[[572527,15.93634,49.713143,0],0],[[572535,15.941145,49.856443,1],0],[[572543,15.837299,49.747799,0],0],[[572551,15.829087,49.76477,1],0.98],[[572578,15.884208,49.910081,2],3.62],[[572641,15.858205,49.873077,1],0],[[573787,15.681376,49.963712,1],10.22],[[573817,15.893381,49.868517,0],0],[[573876,16.100192,49.828645,1],1.21],[[573949,15.512907,49.872861,0],11.76],[[574007,15.527475,49.861905,0],8.16],[[574091,15.566816,49.892807,0],31.81],[[574104,16.030432,49.972703,0],3.12],[[530794,15.461124,50.032844,0],3.07],[[553719,15.702721,50.039211,1],11.47],[[555134,15.781299,50.034409,5],6.2],[[572764,15.604954,49.9819,0],10],[[572799,15.898214,50.069473,0],4.61],[[572802,15.538618,50.119436,0],3.03],[[572845,15.889187,50.043622,0],0],[[572853,15.624255,50.131879,0],0],[[572861,15.65169,50.109618,1],7.4],[[572870,15.805868,50.093029,1],0],[[572888,15.855832,50.114148,0],9.3],[[572896,15.671936,50.05613,1],3.12],[[572934,15.746276,50.092124,0],11.42],[[572942,15.70284,50.12887,0],5.71],[[572951,15.738311,50.128935,0],2.22],[[572977,15.725091,49.993164,1],3.17],[[572985,15.734932,49.997348,0],1.78],[[573019,15.580349,49.945993,0],0],[[573027,15.5373,49.969347,0],0],[[573035,15.486111,50.001981,0],5.71],[[573078,15.647275,50.079868,0],0],[[573515,15.827021,50.070734,1],1.81],[[574198,15.822517,50.042269,1],1.61],[[574724,15.68091,49.999411,0],2.04],[[574741,15.644768,50.008869,1],9.37],[[574767,15.67989,50.075702,3],3.77],[[574783,15.856639,50.127301,1],1.66],[[574791,15.557385,50.000688,0],12.5],[[574805,15.577582,50.051994,2],2.29],[[574813,15.823385,50.12496,0],3.75],[[574821,15.562977,49.948338,0],3.33],[[574830,15.625408,50.101131,1],0],[[574848,15.911265,50.132532,2],2.73],[[574856,15.773339,50.13312,2],9.12],[[574864,15.717675,49.985238,1],0.84],[[574899,15.912545,50.028543,2],2.86],[[574902,15.691707,50.113474,1],1.42],[[574911,15.967844,50.029373,2],3.17],[[574929,15.924033,50.077906,1],0],[[574953,15.808857,50.105191,1],4.54],[[574961,15.426616,50.075555,1],3.63],[[574988,15.986005,50.06611,3],2.12],[[574996,16.084069,50.049109,2],1.72],[[575011,15.958886,50.076611,2],4.73],[[575020,15.781299,50.034409,1],0],[[575046,15.78888,50.103527,0],0],[[575054,15.619515,49.987822,2],4.81],[[575062,15.880341,50.083128,1],7.01],[[575071,15.418562,50.034532,3],5.45],[[575089,15.937327,50.109676,1],5.18],[[575097,15.541389,50.128259,0],0],[[575101,15.529259,50.007735,1],2.12],[[575119,16.077983,50.012339,0],1.36],[[575127,15.610295,49.995451,0],15.38],[[575135,15.660618,49.981594,0],1.4],[[575143,15.694777,49.980674,1],9.09],[[575151,15.609768,50.118105,0],4.65],[[575178,15.487192,50.057816,1],1.5],[[575194,15.386682,50.043079,1],5.1],[[575232,15.903791,50.009667,1],2.9],[[575259,15.410279,50.051519,0],3.7],[[575305,15.756738,50.153387,1],1.47],[[575313,15.568989,49.98787,1],5.71],[[575330,15.514334,49.984932,0],20],[[575372,15.775487,49.989526,2],4.51],[[575381,15.572047,50.014912,0],2.43],[[575399,15.940811,50.00105,2],4.05],[[575429,15.790553,50.145512,3],4.85],[[575437,15.805408,49.993525,2],7.14],[[575445,16.030478,50.044716,1],2.57],[[575461,16.000768,50.097655,1],3.33],[[575470,15.581991,49.991102,0],0],[[575500,15.560413,50.039948,3],6.42],[[575518,15.614899,50.072887,0],5.55],[[575526,15.519991,50.106455,0],1.92],[[575534,15.802625,50.07288,1],3.18],[[575551,15.606265,50.106311,1],1.5],[[575569,15.664377,50.127321,1],2.56],[[575577,15.889408,50.104773,1],3.3],[[575593,15.704827,50.060247,2],3.67],[[575607,15.477455,50.03599,2],4.46],[[575615,15.440919,50.050233,0],6.12],[[575623,15.519831,50.053188,1],4.08],[[575640,15.852803,50.066605,3],2.3],[[575658,15.96145,49.992168,1],1.86],[[575666,15.556821,50.093704,1],1.51],[[575682,15.763532,50.084994,2],3.81],[[575704,15.778951,50.065498,2],3.54],[[575712,15.754182,50.000581,1],4.54],[[575721,15.720737,50.124004,1],3.07],[[575739,15.71522,50.001737,1],0],[[575755,15.614128,49.956461,0],1.78],[[575763,15.522806,50.087564,1],0.82],[[575771,15.639615,49.976687,1],3.33],[[575780,15.601078,49.965437,1],2.43],[[575810,15.445738,50.080585,0],1.61],[[575828,16.044093,50.000215,0],4.44],[[575844,15.548856,49.952551,1],18.51],[[575879,16.017879,49.992474,1],6.66],[[575887,15.872852,49.988669,1],7.31],[[575909,15.494626,50.102031,0],0],[[575917,15.567111,49.974044,0],3.84],[[575925,15.61687,50.029694,1],0],[[575933,15.533003,50.10432,0],0],[[575941,16.053816,50.071154,1],17.64],[[575968,15.618926,50.011243,1],4.39],[[575984,15.596053,