{"reg":1041,"towns":[[[500054,14.4379,50.075638,5],0.04],[[500089,14.4379,50.075638,5],0.03],[[500097,14.4379,50.075638,5],0.03],[[500119,14.4379,50.075638,6],0.05],[[500143,14.4379,50.075638,5],0.32],[[500178,14.4379,50.075638,6],0.03],[[500186,14.4379,50.075638,5],0.02],[[500208,14.4379,50.075638,6],0.03],[[500216,14.4379,50.075638,5],0.02],[[500224,14.4379,50.075638,6],0.02],[[538060,14.4379,50.075638,3],0.09],[[538205,14.4379,50.075638,3],0.15],[[538931,14.4379,50.075638,4],0.01],[[538949,14.4379,50.075638,4],0.01],[[539007,14.4379,50.075638,3],0.04],[[539601,14.4379,50.075638,3],0.18],[[539635,14.4379,50.075638,3],0.24],[[539678,14.4379,50.075638,3],0.16],[[539694,14.4379,50.075638,5],0.32],[[539724,14.4379,50.075638,3],0.06],[[539864,14.4379,50.075638,3],0.03],[[539899,14.4379,50.075638,3],0.14],[[547034,14.4379,50.075638,5],0.03],[[547042,14.4379,50.075638,3],0.02],[[547107,14.4379,50.075638,5],0.06],[[547115,14.4379,50.075638,2],0.23],[[547158,14.4379,50.075638,3],0.16],[[547174,14.4379,50.075638,4],0.04],[[547298,14.4379,50.075638,3],0.05],[[547301,14.4379,50.075638,3],0.04],[[547328,14.4379,50.075638,2],0.14],[[547344,14.4379,50.075638,3],0.02],[[547361,14.4379,50.075638,5],0.04],[[547387,14.4379,50.075638,5],0.03],[[547395,14.4379,50.075638,3],0.06],[[547417,14.4379,50.075638,4],0.01],[[554782,14.4379,50.075638,7],0.07]],"districts":[["CZ0100",0.07]],"regions":[["CZ010",0.07]]}