{"reg":1120,"towns":[[[597180,17.463794,49.988277,4],0.03],[[597228,17.371179,49.911767,3],0.07],[[597520,17.703168,50.090683,4],0],[[597961,17.383262,50.121048,3],0.04],[[507547,18.719541,49.585749,2],0.17],[[556971,18.61356,49.705458,2],0.12],[[598003,18.367422,49.682031,5],0.01],[[598020,18.453037,49.442171,1],0.56],[[598062,18.720488,49.63667,3],0.04],[[598135,18.223315,49.666867,2],0.15],[[598551,18.315185,49.63477,3],0.1],[[555088,18.430725,49.780492,5],0.01],[[598178,18.436881,49.749749,2],0.07],[[598917,18.543319,49.856752,5],0],[[598968,18.428262,49.898856,3],0.03],[[599069,18.425108,49.870238,5],0.03],[[599085,18.389513,49.831096,3],0.03],[[599158,18.48302,49.752419,3],0.08],[[554171,18.003387,49.604647,2],0.19],[[568422,18.044045,49.750537,2],0.18],[[568554,18.076024,49.600825,2],0.14],[[599247,18.015919,49.756486,3],0.05],[[599565,18.14491,49.59957,4],0],[[599689,18.059792,49.536937,3],0.07],[[599701,17.83095,49.662648,3],0.03],[[599743,18.15153,49.707197,2],0.09],[[599808,18.145096,49.641036,3],0.02],[[599921,18.078634,49.723516,3],0.04],[[505927,17.894899,49.94076,5],0],[[507016,18.190649,49.896627,4],0.03],[[507971,18.24019,49.89052,3],0.03],[[510289,17.836519,49.9219,2],0.09],[[512745,18.02101,49.814189,1],0.21],[[512907,18.042227,49.832445,1],0.21],[[547182,18.15595,49.9129,2],0.1],[[555321,17.894899,49.94076,0],0],[[556700,17.894899,49.94076,2],0.14],[[500291,18.125802,49.824282,3],0.06],[[545911,18.262624,49.821023,5],0.07],[[546046,18.262624,49.821023,4],0.12],[[546135,18.262624,49.821023,6],0.04],[[546224,18.262624,49.821023,5],0.03],[[554219,18.262624,49.821023,2],0.09],[[554286,18.262624,49.821023,4],0.08],[[554430,18.262624,49.821023,3],0.07],[[554588,18.262624,49.821023,3],0.15],[[554669,18.262624,49.821023,3],0.2],[[554821,18.262624,49.821023,6],0.05],[[568449,18.075576,49.805441,1],0.29],[[598798,18.376174,49.793249,3],0.02]],"districts":[["CZ0801",0.01],["CZ0802",0.01],["CZ0803",0.01],["CZ0804",0.02],["CZ0805",0.01],["CZ0806",0.05]],"regions":[["CZ080",0.02]]}