{"reg":1183,"towns":[[[500089,14.4379,50.075638,5],0.01],[[500097,14.4379,50.075638,5],0.01],[[500119,14.4379,50.075638,6],0.01],[[500143,14.4379,50.075638,5],0.01],[[500178,14.4379,50.075638,6],0],[[500186,14.4379,50.075638,5],0],[[500208,14.4379,50.075638,6],0.05],[[500216,14.4379,50.075638,5],0.01],[[500224,14.4379,50.075638,6],0.01],[[538205,14.4379,50.075638,3],0.05],[[538213,14.4379,50.075638,4],0.01],[[539635,14.4379,50.075638,3],0.04],[[539694,14.4379,50.075638,5],0],[[547034,14.4379,50.075638,5],0.01],[[547051,14.4379,50.075638,4],0.02],[[547107,14.4379,50.075638,5],0],[[547115,14.4379,50.075638,2],0.07],[[547174,14.4379,50.075638,4],0.01],[[547310,14.4379,50.075638,4],0.02],[[547361,14.4379,50.075638,5],0.01],[[547387,14.4379,50.075638,5],0.02],[[554782,14.4379,50.075638,7],0.02],[[529303,14.68747,49.783882,4],0.03],[[529451,14.667506,49.732235,3],0.13],[[529486,15.048346,49.624128,2],0.13],[[529796,14.802174,49.873005,2],0.15],[[529958,14.557463,49.856112,2],0.19],[[529991,14.475637,49.721417,1],0.22],[[530107,14.846795,49.637336,1],0.27],[[530166,14.66151,49.570793,1],0.22],[[530301,14.698704,49.615106,1],0.76],[[530310,14.533011,49.753835,3],0.08],[[530344,14.640953,49.67328,2],0.6],[[530492,14.74423,49.8531,1],0.45],[[530531,14.867658,49.741095,1],0.54],[[530778,14.992382,49.777164,0],0.72],[[530841,14.58994,49.833579,3],0.1],[[530883,14.89891,49.706428,4],0.03],[[530905,14.63819,49.64023,3],0.04],[[532193,14.71437,49.864385,1],0.44],[[532380,15.200036,49.619897,0],1.29],[[538680,14.677239,49.876884,2],0.09],[[538710,14.650331,49.869849,1],0.39],[[531057,14.086384,49.967305,4],0.04],[[531081,13.852368,49.955171,1],0.2],[[531120,13.862507,49.897991,1],0.42],[[531154,13.840685,49.863241,1],0.23],[[531189,13.902789,49.836078,3],0.09],[[531201,14.045712,49.825363,2],0.12],[[531332,14.065859,49.920996,0],0.78],[[531456,14.149092,49.903811,2],0.19],[[531464,14.157959,49.994962,2],0.11],[[531588,14.036716,49.852562,1],0.8],[[531804,14.133272,49.969011,0],1.06],[[531839,14.102357,49.94942,1],0.2],[[531855,14.033932,49.907174,2],0.2],[[531961,14.206303,49.992234,1],0.27],[[531979,14.208189,49.918124,1],0.2],[[532011,13.977574,49.912178,3],0.05],[[532029,13.897457,49.875844,2],0.09],[[533670,14.152325,50.006145,1],0.19],[[534285,14.126698,49.863079,0],0.81],[[534463,13.882878,49.8855,0],0.78],[[513032,14.205845,50.241505,1],1.02],[[513130,14.149791,50.115571,1],2.32],[[532053,14.106846,50.141799,5],0.04],[[532371,14.164571,50.136054,2],0.1],[[532444,13.98826,50.162716,2],0.16],[[532452,14.0182,50.127079,2],0.1],[[532525,14.106343,50.091291,1],0.29],[[532533,14.005095,50.196529,1],0.4],[[532711,14.167154,50.096481,0],1.17],[[532720,14.117927,50.193882,2],0.1],[[532819,14.087044,50.230562,4],0.01],[[532860,13.96356,50.146411,3],0.12],[[533017,14.130183,50.085455,3],0.04],[[533025,14.069904,50.109746,2],0.3],[[533050,14.091171,50.175951,2],0.08],[[533114,14.092247,50.287603,2],0.11],[[541991,13.950519,50.124811,2],0.09],[[513164,14.959179,49.969517,1],0.48],[[533165,15.202828,50.027429,5],0.02],[[533220,14.804403,50.093862,1],0.3],[[533262,15.208666,49.978318,2],0.11],[[533271,14.860919,50.074304,3],0.06],[[533289,15.032473,50.079731,1],0.25],[[533394,15.284322,50.041558,1],0.23],[[533530,15.144556,50.052246,2],0.32],[[533882,15.240554,50.091878,1],0.42],[[533947,15.393302,50.132019,2],1.57],[[537641,15.030275,50.090527,3],0.04],[[564800,14.756771,50.038947,1],0.47],[[531111,15.398668,50.014231,0],1.12],[[531359,15.439898,49.868864,1],0.54],[[533955,15.268754,49.952531,4],0.05],[[534005,15.390894,49.910995,4],0.06],[[534153,15.350407,49.888996,1],0.54],[[534315,15.297295,49.811063,1],2.27],[[534412,15.015192,49.875486,1],0.65],[[534595,15.349976,50.025315,1],0.23],[[534617,15.183296,49.811891,2],0.14],[[534668,15.488634,49.889685,2],0.17],[[531561,14.517383,50.295483,1],0.31],[[531570,14.556812,50.479505,0],1.02],[[534676,14.481881,50.354002,4],0.08],[[534803,14.464285,50.34492,1],0.26],[[534897,14.501593,50.308894,2],0.14],[[534935,14.585628,50.226634,3],0.05],[[534951,14.310745,50.241745,4],0.03],[[535001,14.446855,50.407939,2],0.22],[[535052,14.632611,50.438194,2],0.14],[[535087,14.517703,50.259361,4],0.02],[[535117,14.308286,50.312898,2],0.38],[[535320,14.593081,50.281971,2],0.1],[[538647,14.386813,50.233091,2],0.2],[[535419,14.908538,50.413525,5],0.04],[[535427,14.941596,50.482406,3],0.07],[[535443,14.80429,50.501314,3],0.13],[[535486,14.889523,50.475882,1],0.51],[[535559,14.86928,50.33078,2],0.19],[[535672,14.962439,50.369427,3],0.05],[[535702,15.128232,50.438348,3],0.07],[[535931,14.801624,50.337534,2],0.23],[[536024,14.944829,50.523509,1],0.23],[[536041,15.038396,50.489274,2],0.29],[[536067,14.780339,50.277131,1],0.41],[[536164,14.792241,50.42478,0],1.03],[[536326,14.972104,50.527029,3],0.02],[[536458,14.975134,50.414136,1],0.86],[[570982,14.769264,50.248907,1],0.58],[[571032,15.004099,50.35125,0],1.02],[[571156,14.76393,50.358549,0],1.2],[[571946,15.058005,50.507685,0],1.45],[[599573,15.005199,50.58565,0],1.35],[[503410,15.137094,50.294076,0],1.2],[[534471,15.291028,50.247737,1],0.56],[[534757,15.097101,50.320442,0],0.84],[[537004,15.04376,50.185682,4],0.05],[[537047,14.841845,50.134028,1],0.52],[[537055,15.098869,50.195426,1],0.32],[[537179,14.935157,50.165593,1],0.28],[[537225,15.273164,50.278663,1],0.66],[[537292,15.335464,50.257311,1],0.35],[[537314,15.024308,50.129367,1],0.21],[[537390,15.022812,50.239265,1],0.56],[[537411,15.137929,50.264587,2],0.15],[[537489,15.297687,50.207281,3],0.15],[[537501,14.888739,50.226061,4],0.02],[[537560,15.192429,50.164391,0],2.02],[[537624,14.893003,50.180537,1],0.33],[[537659,15.065865,50.131421,1],0.41],[[537683,15.118988,50.142525,4],0.02],[[537756,15.169724,50.304864,2],0.14],[[537764,14.98644,50.136066,3],0.12],[[537811,15.107025,50.098519,1],0.19],[[537853,14.959345,50.23368,1],0.38],[[537977,15.062754,50.112053,1],0.41],[[599581,14.836959,50.252532,0],0.88],[[513628,14.718623,49.958513,1],0.65],[[529656,14.705522,49.886462,0],0.82],[[533416,14.859324,49.994137,3],0.11],[[533432,14.814366,49.996652,1],0.21],[[533904,14.789195,49.984752,1],0.26],[[538094,14.659344,50.186426,4],0.06],[[538141,14.583719,50.002617,1],0.27],[[538272,14.699337,50.115879,3],0.07],[[538299,14.582527,49.901617,3],0.08],[[538311,14.411589,50.176091,3],0.06],[[538426,14.671607,49.936652,2],0.12],[[538493,14.709175,49.936117,3],0.05],[[538540,14.730041,50.130663,3],0.07],[[538558,14.535739,50.219324,2],0.17],[[538574,14.410889,50.233515,3],0.1],[[538582,14.78431,49.904717,2],0.11],[[538621,14.601033,50.159219,1],0.34],[[538671,14.575506,50.155303,2],0.23],[[538701,14.610368,50.143163,1],0.2],[[538728,14.654376,49.991778,4],0.02],[[538752,14.718199,49.895504,2],0.14],[[538825,14.74454,49.952026,1],0.22],[[538841,14.665911,49.970179,2],0.15],[[538914,14.716112,50.16937,2],0.14],[[538957,14.730945,50.073837,3],0.05],[[538981,14.63945,49.922621,3],0.07],[[539058,14.451284,50.168096,3],0.06],[[564907,14.602336,49.994052,2],0.16],[[565989,14.701862,50.238392,1],0.5],[[598283,14.457979,50.186836,1],0.5],[[531723,14.234454,50.035128,3],0.08],[[532215,14.166017,50.069809,2],0.3],[[539139,14.319902,49.960184,3],0.02],[[539244,14.25867,50.081679,3],0.02],[[539252,14.407963,49.870321,2],0.08],[[539261,14.3712,49.872607,1],0.69],[[539287,14.283022,49.986657,1],0.58],[[539309,14.227054,50.060826,3],0.07],[[539325,14.513602,49.968246,3],0.05],[[539333,14.493434,49.895549,3],0.13],[[539341,14.342843,49.927626,1],0.26],[[539368,14.503494,49.863096,2],0.15],[[539406,14.255311,49.9211,2],0.12],[[539414,14.362784,50.199129,3],0.12],[[539422,14.480724,49.924257,2],0.13],[[539546,14.433839,49.886498,1],0.27],[[539571,14.560406,50.001815,3],0.07],[[539627,14.397712,50.158516,3],0.02],[[539643,14.235875,49.914064,3],0.05],[[539813,14.314579,50.160605,3],0.12],[[539848,14.383447,49.938512,3],0.15],[[540765,14.261865,49.866601,3],0.17],[[571211,14.343355,49.900957,1],0.25],[[571351,14.335349,50.16146,1],0.25],[[539911,13.999045,49.685532,5],0.01],