{"reg":98,"towns":[[[500054,14.4379,50.075638,5],0.08,0.17,-0.09],[[500089,14.4379,50.075638,5],0.09,0.27,-0.18],[[500097,14.4379,50.075638,5],0.1,0.21,-0.11],[[500119,14.4379,50.075638,6],0.1,0.2,-0.1],[[500143,14.4379,50.075638,5],0.06,0.22,-0.16],[[500178,14.4379,50.075638,6],0.06,0.16,-0.1],[[500186,14.4379,50.075638,5],0.09,0.21,-0.12],[[500208,14.4379,50.075638,6],0.07,0.17,-0.1],[[500216,14.4379,50.075638,5],0.09,0.28,-0.19],[[500224,14.4379,50.075638,6],0.09,0.21,-0.12],[[538060,14.4379,50.075638,3],0.09,0.38,-0.29],[[538124,14.4379,50.075638,2],0.13],[[538175,14.4379,50.075638,2],0.07,0.07,0],[[538213,14.4379,50.075638,4],0.07,0.25,-0.18],[[538361,14.4379,50.075638,3],0.1,0.05,0.05],[[538949,14.4379,50.075638,4],0.09,0.11,-0.02],[[539007,14.4379,50.075638,3],0.04,0.1,-0.06],[[539449,14.4379,50.075638,3],0.2,0.22,-0.02],[[539601,14.4379,50.075638,3],0.13,0.16,-0.03],[[539635,14.4379,50.075638,3],0.09,0.28,-0.19],[[539678,14.4379,50.075638,3],0.21,0.19,0.02],[[539694,14.4379,50.075638,5],0.05,0.16,-0.11],[[539864,14.4379,50.075638,3],0.07,0.27,-0.2],[[539899,14.4379,50.075638,3],0.07,0.2,-0.13],[[547034,14.4379,50.075638,5],0.07,0.23,-0.16],[[547042,14.4379,50.075638,3],0.02,0.13,-0.11],[[547051,14.4379,50.075638,4],0.13,0.25,-0.12],[[547107,14.4379,50.075638,5],0.08,0.21,-0.13],[[547115,14.4379,50.075638,2],0.07,0.08,-0.01],[[547140,14.4379,50.075638,2],0.14,0.16,-0.02],[[547158,14.4379,50.075638,3],0.08,0.35,-0.27],[[547174,14.4379,50.075638,4],0.04,0.16,-0.12],[[547271,14.4379,50.075638,3],0.11,0.27,-0.16],[[547310,14.4379,50.075638,4],0.02,0.24,-0.22],[[547328,14.4379,50.075638,2],0.14],[[547344,14.4379,50.075638,3],0.02,0.17,-0.15],[[547361,14.4379,50.075638,5],0.06,0.2,-0.14],[[547379,14.4379,50.075638,3],0.15,0.09,0.06],[[547387,14.4379,50.075638,5],0.08,0.22,-0.14],[[547395,14.4379,50.075638,3],0.12,0.19,-0.07],[[547409,14.4379,50.075638,2],0.2],[[547417,14.4379,50.075638,4],0.03,0.29,-0.26],[[554782,14.4379,50.075638,7],0.08,0.21,-0.13]],"districts":[["CZ0100",0.08,0.21,-0.13]],"regions":[["CZ010",0.08,0.21,-0.13]]}