{"reg":138,"towns":[[[529303,14.68747,49.783882,4],0.02],[[529486,15.048346,49.624128,2],0.25],[[529958,14.557463,49.856112,2],0.21],[[529991,14.475637,49.721417,1],0.48],[[530000,15.087465,49.633077,1],0.52],[[530191,15.039688,49.668707,0],0.87],[[530310,14.533011,49.753835,3],0.17],[[530841,14.58994,49.833579,3],0.03],[[530883,14.89891,49.706428,4],0.01],[[530905,14.63819,49.64023,3],0.04],[[534382,14.896842,49.871745,3],0.05],[[531057,14.086384,49.967305,4],0.02],[[531316,14.188146,49.939604,1],0.21],[[531332,14.065859,49.920996,0],0.82],[[531456,14.149092,49.903811,2],0.43],[[531596,14.001056,49.999065,2],0.29],[[531600,13.943296,49.980867,1],0.27],[[531669,13.978869,49.980598,1],0.34],[[531693,13.933537,49.865986,1],0.21],[[531855,14.033932,49.907174,2],0.4],[[533203,14.034561,49.949911,3],0.09],[[532053,14.106846,50.141799,5],0.05],[[532118,14.162098,50.18933,2],0.11],[[532223,14.04793,50.119102,2],0.13],[[532321,13.966906,50.27169,1],0.73],[[532347,14.201384,50.11449,2],0.2],[[532401,14.08533,50.321709,1],0.74],[[532452,14.0182,50.127079,2],0.11],[[532461,13.987593,50.294113,2],0.41],[[532819,14.087044,50.230562,4],0.06],[[532959,14.079146,50.190464,1],0.71],[[532983,13.991262,50.138132,3],0.08],[[533041,14.236266,50.281619,3],0.06],[[533114,14.092247,50.287603,2],0.1],[[533165,15.202828,50.027429,5],0.03],[[533190,15.322001,50.069172,1],0.84],[[533271,14.860919,50.074304,3],0.03],[[533386,14.910171,50.095114,2],0.26],[[533581,15.029546,50.050204,2],0.12],[[533629,15.012548,50.070165,2],0.17],[[533653,15.159345,49.978185,1],0.33],[[533661,14.801559,50.074329,1],0.47],[[533726,15.043205,50.003239,1],0.35],[[533840,15.186392,50.098769,2],0.08],[[533858,15.184648,50.070692,2],0.14],[[533866,14.914611,50.031106,2],0.23],[[533921,15.030686,49.954806,2],0.11],[[537641,15.030275,50.090527,3],0.17],[[537748,15.059361,50.09171,1],0.36],[[531481,15.429043,49.996584,0],2.65],[[533955,15.268754,49.952531,4],0.07],[[533971,15.491127,49.956586,1],0.32],[[534081,15.073898,49.750246,1],0.67],[[534099,15.202598,49.885817,1],0.25],[[534412,15.015192,49.875486,1],0.63],[[534501,15.271497,49.888776,1],0.39],[[534633,15.106164,49.740205,3],0.12],[[531936,14.525934,50.467953,0],2.1],[[534676,14.481881,50.354002,4],0.02],[[534731,14.398243,50.372354,2],0.39],[[534935,14.585628,50.226634,3],0.05],[[534951,14.310745,50.241745,4],0.03],[[535036,14.529687,50.33257,2],0.23],[[535044,14.695218,50.352413,1],0.48],[[535087,14.517703,50.259361,4],0.04],[[535273,14.328679,50.270563,2],0.1],[[535338,14.538285,50.412655,1],0.27],[[571784,14.50251,50.274275,2],0.09],[[535419,14.908538,50.413525,5],0.04],[[535427,14.941596,50.482406,3],0.07],[[535451,14.824612,50.289261,3],0.02],[[535567,15.032901,50.548647,1],0.47],[[535672,14.962439,50.369427,3],0.11],[[535702,15.128232,50.438348,3],0.07],[[535931,14.801624,50.337534,2],0.28],[[536041,15.038396,50.489274,2],0.1],[[536326,14.972104,50.527029,3],0.02],[[536440,14.874736,50.367841,1],0.28],[[536491,14.781377,50.25558,1],0.32],[[536580,14.957103,50.402437,1],0.8],[[536610,15.007012,50.368272,1],0.3],[[565580,14.804269,50.473807,0],0.99],[[565784,14.998718,50.322727,1],0.78],[[570826,14.929915,50.438608,3],0.04],[[571067,14.776212,50.395208,0],1.47],[[599514,14.733711,50.470818,1],0.76],[[534871,14.895712,50.139824,1],0.72],[[537004,15.04376,50.185682,4],0.06],[[537314,15.024308,50.129367,1],0.46],[[537390,15.022812,50.239265,1],0.26],[[537454,14.832919,50.201532,3],0.04],[[537489,15.297687,50.207281,3],0.06],[[537683,15.118988,50.142525,4],0.06],[[537756,15.169724,50.304864,2],0.15],[[537896,14.958358,50.124705,1],0.26],[[531553,14.653932,50.276506,1],0.61],[[533416,14.859324,49.994137,3],0.05],[[533432,14.814366,49.996652,1],0.28],[[533564,14.916786,49.971695,1],0.22],[[535362,14.625983,50.220678,1],0.24],[[538094,14.659344,50.186426,4],0.01],[[538132,14.751089,50.162803,4],0.03],[[538167,14.57837,49.981717,2],0.24],[[538248,14.738162,49.909951,1],0.31],[[538272,14.699337,50.115879,3],0.17],[[538426,14.671607,49.936652,2],0.16],[[538485,14.711306,49.909949,2],0.17],[[538558,14.535739,50.219324,2],0.44],[[538574,14.410889,50.233515,3],0.06],[[538728,14.654376,49.991778,4],0.02],[[538809,14.677553,49.948217,2],0.1],[[538850,14.7386,49.971526,2],0.27],[[538957,14.730945,50.073837,3],0.06],[[538973,14.455186,50.243718,1],0.76],[[539091,14.780336,49.93205,1],1.15],[[532215,14.166017,50.069809,2],0.38],[[539139,14.319902,49.960184,3],0.02],[[539198,14.274802,49.927597,3],0.1],[[539210,14.458611,49.963314,3],0.06],[[539244,14.25867,50.081679,3],0.05],[[539295,14.261423,50.046148,1],0.24],[[539597,14.512867,49.93632,3],0.06],[[539759,14.291274,49.972514,2],0.14],[[539830,14.276801,49.950219,1],0.37],[[540765,14.261865,49.866601,3],0.04],[[599735,14.411028,49.904148,2],0.22],[[513571,14.066994,49.713206,0],2.53],[[529672,13.878564,49.577203,0],1.96],[[530573,14.533106,49.573311,3],0.13],[[539911,13.999045,49.685532,5],0],[[539953,13.943995,49.65562,2],0.11],[[540013,13.950734,49.557739,3],0.17],[[540081,14.377907,49.77862,1],0.7],[[540129,14.169935,49.657558,1],0.19],[[540315,13.805216,49.528354,1],0.21],[[540358,14.071933,49.576891,1],0.74],[[540498,14.471834,49.654247,2],0.15],[[541044,14.337472,49.554366,2],0.13],[[541087,14.380945,49.596115,1],0.39],[[541231,13.865835,49.601864,3],0.2],[[541273,13.98323,49.733317,0],0.66],[[541281,14.426744,49.660677,3],0.07],[[541320,14.195881,49.617671,1],0.49],[[541397,14.311096,49.636938,1],0.32],[[564486,13.981947,49.690395,2],0.19],[[598330,14.030638,49.575713,0],1.88],[[598429,14.012935,49.71355,1],0.45],[[598437,13.882648,49.565277,0],1.25],[[541656,13.739762,50.106223,4],0.01],[[541893,13.610387,50.139748,1],0.58],[[541982,13.870474,50.037956,1],0.29],[[542041,13.770152,50.123876,2],0.1],[[542202,13.549003,50.111647,1],0.31],[[542431,13.883458,50.224713,1],1.98]],"districts":[["CZ0201",0.03],["CZ0202",0.04],["CZ0203",0.05],["CZ0204",0.05],["CZ0205",0.05],["CZ0206",0.04],["CZ0207",0.05],["CZ0208",0.04],["CZ0209",0.04],["CZ020A",0.02],["CZ020B",0.06],["CZ020C",0.04]],"regions":[["CZ020",0.04]]}