{"reg":717,"towns":[[[500054,14.4379,50.075638,5],0.02],[[500089,14.4379,50.075638,5],0.02],[[500097,14.4379,50.075638,5],0.02],[[500119,14.4379,50.075638,6],0.03],[[500143,14.4379,50.075638,5],0.03],[[500178,14.4379,50.075638,6],0.03],[[500186,14.4379,50.075638,5],0.02],[[500208,14.4379,50.075638,6],0.02],[[500216,14.4379,50.075638,5],0.02],[[500224,14.4379,50.075638,6],0.03],[[538124,14.4379,50.075638,2],0.16],[[538175,14.4379,50.075638,2],0.08],[[538205,14.4379,50.075638,3],0.05],[[538213,14.4379,50.075638,4],0.01],[[538931,14.4379,50.075638,4],0.07],[[538949,14.4379,50.075638,4],0.03],[[539007,14.4379,50.075638,3],0.05],[[539678,14.4379,50.075638,3],0.13],[[539694,14.4379,50.075638,5],0.03],[[539864,14.4379,50.075638,3],0.01],[[539899,14.4379,50.075638,3],0.14],[[547034,14.4379,50.075638,5],0.02],[[547042,14.4379,50.075638,3],0.1],[[547051,14.4379,50.075638,4],0.02],[[547107,14.4379,50.075638,5],0.02],[[547174,14.4379,50.075638,4],0.01],[[547271,14.4379,50.075638,3],0.06],[[547310,14.4379,50.075638,4],0.02],[[547328,14.4379,50.075638,2],0.16],[[547344,14.4379,50.075638,3],0.02],[[547361,14.4379,50.075638,5],0.04],[[547387,14.4379,50.075638,5],0.03],[[547417,14.4379,50.075638,4],0.06],[[554782,14.4379,50.075638,7],0.03],[[535206,14.525035,48.968311,3],0.06],[[535575,14.334947,48.948248,0],1.49],[[535940,14.617886,49.103053,0],0.98],[[536016,14.370905,49.089687,1],0.43],[[544256,14.480355,48.975758,5],0.04],[[544281,14.642367,48.898704,3],0.09],[[544426,14.346061,49.142904,2],0.14],[[544493,14.429572,48.939,2],0.28],[[544795,14.451559,48.962172,3],0.08],[[544973,14.487539,48.934985,2],0.18],[[544981,14.541889,48.993496,3],0.07],[[545023,14.615065,48.797949,1],0.4],[[545066,14.541407,48.948161,3],0.1],[[545139,14.653443,49.00193,1],0.27],[[545171,14.639338,48.842418,3],0.15],[[545201,14.42067,49.223502,3],0.09],[[545261,14.376014,48.917453,1],0.3],[[545287,14.35799,49.217064,2],0.19],[[545341,14.366234,49.066188,3],0.05],[[551490,14.395791,48.978807,0],1.61],[[536229,14.395976,48.870362,0],1.92],[[545392,14.317566,48.812835,4],0.07],[[545406,14.627471,48.729507,2],0.17],[[545431,14.218667,48.92998,2],0.18],[[545457,14.110637,48.738072,1],0.24],[[545465,14.452309,48.656521,2],0.21],[[545473,14.409805,48.855526,2],0.35],[[545481,14.165732,48.661044,2],0.13],[[545546,14.211239,48.854119,2],0.19],[[545562,14.496373,48.738589,3],0.15],[[545597,14.22942,48.639427,1],0.3],[[545821,14.462614,48.829589,3],0.15],[[545830,14.286258,48.774351,3],0.06],[[545881,15.006239,49.144582,4],0.02],[[546089,14.963775,48.768608,3],0.29],[[546127,15.434304,49.07992,3],0.07],[[546151,14.924058,49.265237,1],0.25],[[546461,14.928089,48.96245,2],0.08],[[546615,15.190385,49.12129,2],0.12],[[546844,14.82226,49.081103,1],0.26],[[547166,15.351639,48.997636,2],0.08],[[547280,14.877056,48.893435,3],0.05],[[561053,15.144034,49.210179,0],0.85],[[562599,14.937594,49.177749,0],0.87],[[549240,14.158129,49.303554,5],0.03],[[549266,14.381118,49.368999,2],0.14],[[549339,14.069328,49.465681,1],0.18],[[549576,14.360109,49.450998,3],0.06],[[549771,14.217277,49.199591,3],0.12],[[549827,14.101842,49.240999,1],0.51],[[537209,14.039648,49.028655,1],1.45],[[537420,14.231802,49.01045,0],1.31],[[550094,14.0001,49.01101,4],0.05],[[550167,13.829161,49.115134,2],0.49],[[550183,14.012153,49.108339,1],0.69],[[550329,14.132752,48.917082,1],0.51],[[550353,13.79337,48.922415,1],0.27],[[550442,14.197098,49.049406,3],0.07],[[550515,13.666687,49.1019,2],0.15],[[550647,13.774586,49.052562,3],0.06],[[550663,13.958519,49.081457,2],0.13],[[550728,13.697479,49.084672,2],0.1],[[550787,13.910408,49.260504,4],0.04],[[550850,13.881864,49.424993,3],0.02],[[551619,13.849231,49.257287,1],0.76],[[551791,13.75606,49.297703,1],0.22],[[551953,14.175231,49.147997,3],0.03],[[552046,14.677566,49.413089,5],0.03],[[552054,14.468202,49.295336,3],0.1],[[552101,14.61307,49.505132,1],0.31],[[552275,14.706724,49.226539,0],0.68],[[552534,14.527704,49.485634,2],0.09],[[552828,14.701577,49.354541,3],0.21],[[552895,14.756334,49.247699,1],0.61],[[552992,14.769911,49.462778,1],0.28],[[553069,14.684908,49.385291,3],0.07],[[553131,14.718717,49.260039,3],0.05],[[553166,14.538534,49.289825,1],0.28],[[553239,14.803517,49.291392,1],0.25],[[553271,14.699294,49.186616,3],0.06],[[559016,14.640664,49.452054,0],4.34],[[563145,14.864401,49.358766,0],1.2],[[563366,14.539787,49.381437,0],2.27],[[599042,14.616671,49.38703,1],0.37],[[569810,15.825311,50.210461,5],0.03],[[569836,15.56774,50.197698,1],0.81],[[569917,15.922644,50.262743,2],0.15],[[569968,15.641146,50.147821,1],0.33],[[569984,15.708601,50.239725,1],0.26],[[570109,15.460363,50.154506,3],0.03],[[570125,15.550972,50.149139,1],0.84],[[570133,16.002737,50.22828,1],0.95],[[570249,15.695007,50.191851,1],0.2],[[570320,15.38474,50.165301,1],0.29],[[570451,15.632865,50.237468,2],0.08],[[570575,15.501834,50.15553,1],0.72],[[570800,15.872134,50.27647,1],0.34],[[570877,15.865181,50.299879,3],0.14],[[571041,15.992336,50.201066,3],0.09],[[571130,15.483086,50.211244,0],1.2],[[573744,15.56176,50.224827,0],1.04],[[576352,16.012785,50.250722,1],1.16],[[549355,15.280763,50.324828,0],1.21],[[572659,15.361144,50.435433,4],0.04],[[572926,15.63194,50.366189,3],0.02],[[573094,15.582797,50.428843,3],0.13],[[573108,15.21695,50.375516,2],0.12],[[573175,15.682367,50.403916,1],0.21],[[573248,15.515138,50.494593,3],0.03],[[573281,15.289734,50.443397,0],2.7],[[573299,15.608329,50.480435,2],0.14],[[573442,15.23502,50.459432,1],0.75],[[573507,15.49455,50.510424,2],0.09],[[547531,15.910937,50.369279,0],1.06],[[547646,16.189414,50.46187,2],0.15],[[547743,16.221073,50.614973,1],0.55],[[573868,16.165735,50.414672,4],0.03],[[573914,16.365391,50.526878,1],0.64],[[573922,16.331915,50.585758,3],0.02],[[573965,16.093,50.476361,3],0.02],[[574015,15.96138,50.380098,1],0.29],[[574082,16.181777,50.480164,3],0.03],[[574121,15.924238,50.356904,4],0.12],[[574139,15.99108,50.318379,1],0.29],[[574244,16.217095,50.356207,0],0.68],[[574252,16.242178,50.624705,2],0.23],[[574279,16.151571,50.344662,3],0.05],[[574295,15.94929,50.321268,1],1.87],[[574341,16.23361,50.536968,3],0.09],[[574350,16.114965,50.382206,2],0.16],[[574376,15.911774,50.322012,1],0.61],[[574538,16.170483,50.59443,2],0.11],[[574546,16.13492,50.420798,2],0.16],[[574562,16.037736,50.361175,1],0.28],[[548707,16.251784,50.08923,0],4.54],[[576107,16.22537,50.238541,1],0.59],[[576131,16.093365,50.09787,2],0.2],[[576212,16.044385,50.286898,2],0.24],[[576301,16.261846,50.107644,2],0.1],[[576336,16.349372,50.171465,2],0.19],[[576361,16.215084,50.122511,3],0.06],[[576425,16.263334,50.212594,2],0.15],[[576506,16.273884,50.132992,1],1.87],[[576581,16.148606,50.14431,1],0.41],[[576590,16.114902,50.267515,3],0.12],[[576662,16.09906,50.292257,1],0.28],[[576671,16.309021,50.082189,1],0.17],[[576701,16.46578,50.164831,2],0.11],[[576743,16.315588,50.338401,0],0.78],[[576786,16.397982,50.133907,1],0.23],[[576808,16.237723,50.203755,2],0.09],[[576859,16.078551,50.151203,3],0.06],[[576875,16.181692,50.311302,1],0.58],[[576883,16.290779,50.117657,3],0.16],[[576930,16.142255,50.100779,1],1.51],[[579025,15.909192,50.565484,5],0.01],[[579190,15.795177,50.37772,1],0.88],[[579203,15.814127,50.43182,4],0.02],[[579238,15.68114,50.473162,1],0.45],[[579327,15.878682,50.426514,1],0.45],[[579351,15.781916,50.631188,1],0.15],[[579513,16.049886,50.534044,2],0.1],[[579637,16.071973,50.505329,3],0.18],[[579785,16.02864,50.531736,2],0.14],[[579815,15.802302,50.488959,2],0.18],[[579858,15.605106,50.617189,4],0.03],[[579874,15.91074,50.663393,3],0.05]],"districts":[["CZ0100",0.03],["CZ0311",0.05],["CZ0312",0.09],["CZ0313",0.04],["CZ0314",0.04],["CZ0315",0.08],["CZ0316",0.03],["CZ0317",0.06],["CZ0521",0.05],["CZ0522",0.05],["CZ0523",0.07],["CZ0524",0.09],["CZ0525",0.03]],"regions":[["CZ010",0.03],["CZ031",0.05],["CZ052",0.05]]}