{"reg":2,"towns":[[[513890,14.619672,50.563681,0],0],[[514161,14.664183,50.51251,0],0,2.94,-2.94],[[514195,14.624388,50.515564,0],0,17.39,-17.39],[[514276,14.719254,50.680046,1],0,5.97,-5.97],[[530387,14.59215,50.753003,0],0],[[544337,14.838293,50.702975,1],0,0.92,-0.92],[[546232,14.45693,50.655449,0],0],[[546259,14.486766,50.655024,0],0,11.11,-11.11],[[546267,14.467408,50.536579,1],0,6.66,-6.66],[[546275,14.482593,50.735875,0],0],[[546283,14.599127,50.719575,0],0,3.03,-3.03],[[553638,14.638554,50.543414,0],0],[[561380,14.539799,50.67862,5],0.01,6,-5.99],[[561398,14.722084,50.533742,1],0,7.69,-7.69],[[561401,14.603251,50.502986,0],0],[[561410,14.396598,50.608503,1],0,1.17,-1.17],[[561428,14.679426,50.669033,0],0,2.32,-2.32],[[561444,14.703495,50.729288,2],0,0.38,-0.38],[[561479,14.633019,50.777293,3],0.1,1.61,-1.51],[[561495,14.654377,50.565945,3],0.17,1.79,-1.62],[[561533,14.540343,50.540444,2],0.65,1.51,-0.86],[[561541,14.808823,50.726074,1],0],[[561584,14.493073,50.618099,1],0,1.25,-1.25],[[561592,14.493538,50.712584,1],0,1.61,-1.61],[[561606,14.404106,50.704219,1],0,0.54,-0.54],[[561614,14.562772,50.578538,0],0],[[561622,14.559384,50.74039,0],0],[[561665,14.584657,50.608694,1],0,0.76,-0.76],[[561681,14.472979,50.773693,3],0.22,2.5,-2.28],[[561720,14.392521,50.632503,1],0,5.46,-5.46],[[561738,14.701621,50.828174,0],0],[[561746,14.678722,50.768777,1],0,3.66,-3.66],[[561827,14.678659,50.807507,1],0],[[561835,14.724956,50.655768,3],0,2.61,-2.61],[[561851,14.746964,50.692151,1],0,1.63,-1.63],[[561860,14.555664,50.757714,4],0.11,2.71,-2.6],[[561878,14.442254,50.765514,1],0,1.76,-1.76],[[561886,14.671066,50.527594,1],1.06,17.72,-16.66],[[561894,14.527685,50.766932,1],0,3.5,-3.5],[[561959,14.533028,50.786771,1],0],[[561983,14.601372,50.617925,1],0,1.39,-1.39],[[561991,14.468026,50.796139,1],0,8.33,-8.33],[[562017,14.80363,50.58629,2],0.42,1.09,-0.67],[[562025,14.53067,50.745217,2],0.69,3.58,-2.89],[[562050,14.588922,50.739037,1],0,5.33,-5.33],[[562076,14.532396,50.655151,1],0,4.04,-4.04],[[562092,14.801127,50.702903,3],0,2.4,-2.4],[[562106,14.450096,50.696974,1],0,1.12,-1.12],[[562114,14.428717,50.632379,1],0,10.9,-10.9],[[562131,14.596917,50.7919,1],0],[[562173,14.664004,50.719064,0],0,4.76,-4.76],[[562203,14.735433,50.743566,0],0,5.12,-5.12],[[562220,14.453036,50.730204,1],0,7.14,-7.14],[[562238,14.57122,50.55324,0],0,3.12,-3.12],[[562246,14.524708,50.634208,1],0,4.51,-4.51],[[562262,14.645335,50.684854,3],0,1.66,-1.66],[[562297,14.396344,50.714039,2],0,1.69,-1.69],[[530425,15.184679,50.681858,0],0],[[546577,15.167986,50.675488,1],0,1.47,-1.47],[[546585,15.26303,50.755788,1],0.76],[[563510,15.170414,50.722153,5],0.11,1.78,-1.67],[[563528,15.275813,50.7624,1],0,1.03,-1.03],[[563536,15.142571,50.791188,1],0,4.1,-4.1],[[563552,15.313862,50.75481,3],0,2.04,-2.04],[[563561,15.303285,50.68764,1],0.63,3.57,-2.94],[[563579,15.158867,50.652357,1],0,1.41,-1.41],[[563595,15.169244,50.772141,2],0.75,7.72,-6.97],[[563609,15.136637,50.627796,2],0,5.9,-5.9],[[563617,15.295375,50.670963,0],1.78,2.27,-0.49],[[563633,15.231574,50.782016,1],0,1.7,-1.7],[[563641,15.228332,50.62476,2],0.28,5.17,-4.89],[[563668,15.365424,50.759359,1],0,0.41,-0.41],[[563676,15.212313,50.64567,1],1.06,2.12,-1.06],[[563684,15.2678,50.679747,0],0,4.16,-4.16],[[563692,15.220572,50.741456,2],0.22,2.91,-2.69],[[563706,15.195534,50.646408,2],0.25,2.76,-2.51],[[563714,15.198577,50.696455,1],0,1.08,-1.08],[[563731,15.214758,50.72524,1],0],[[563749,15.236038,50.687791,2],0,1.61,-1.61],[[563757,15.317471,50.703338,2],0,2.42,-2.42],[[563773,15.277749,50.672861,0],0,5.71,-5.71],[[563781,15.115859,50.698552,1],0],[[563790,15.149898,50.683891,3],0.38,2.67,-2.29],[[563803,15.213411,50.676103,1],0,1.09,-1.09],[[563811,15.246502,50.738301,3],1.15,0.89,0.26],[[563820,15.307982,50.737629,3],0.27,1.44,-1.17],[[563838,15.315498,50.713834,3],0.38,1.67,-1.29],[[563846,15.311826,50.664974,0],2.32,6,-3.68],[[563854,15.27004,50.697784,1],2.69,9.67,-6.98],[[563862,15.353616,50.708647,1],0,1.65,-1.65],[[563871,15.254186,50.64284,3],0.1,1.46,-1.36],[[530433,15.026152,50.921515,1],0,1.29,-1.29],[[530468,15.075978,50.711714,1],0],[[530484,15.09393,50.699666,1],0],[[544345,15.017139,50.701762,1],0],[[544353,15.006457,50.897,1],0],[[544477,15.026936,50.791093,2],0,1.46,-1.46],[[544531,15.100281,50.592605,1],0,4.34,-4.34],[[544582,15.082181,50.626455,1],0,3.03,-3.03],[[544604,15.111598,50.640548,0],0,2.38,-2.38],[[545937,15.109852,50.601,0],0,4.76,-4.76],[[545953,15.113636,50.619335,1],0,12.76,-12.76],[[545996,15.050573,51.004564,1],0],[[546593,15.001175,50.831607,1],0,1.81,-1.81],[[546607,15.036676,50.892748,1],0],[[546631,15.222203,50.873842,1],0.91,0.78,0.13],[[546658,14.940408,50.704656,0],0],[[561631,14.760633,50.765382,3],0,2.24,-2.24],[[561657,14.824344,50.762974,0],0,6.25,-6.25],[[563889,15.054439,50.76638,6],0.09,1.31,-1.22],[[563901,15.035522,50.664931,1],0,1.58,-1.58],[[563919,14.924507,50.823246,1],0,0.97,-0.97],[[563935,15.12367,50.971244,1],0],[[563943,14.917705,50.644523,0],0],[[563960,14.996287,50.661116,3],0,3.88,-3.88],[[563994,15.168786,50.945787,1],0],[[564028,15.079851,50.921496,3],0,1.35,-1.35],[[564036,15.065266,51.019134,1],0,2.08,-2.08],[[564044,15.181785,50.877301,3],0.2,0.98,-0.78],[[564052,14.926704,50.631998,0],0,4.39,-4.39],[[564061,15.08996,50.665963,3],0,2.25,-2.25],[[564079,15.201599,50.965564,0],0],[[564095,14.844658,50.852892,3],0.07,0.54,-0.47],[[564109,14.869039,50.83632,2],0],[[564117,14.968947,50.817027,3],0,1.65,-1.65],[[564133,15.249643,50.960916,1],0],[[564141,15.004443,50.610271,1],0,1.33,-1.33],[[564168,15.127667,50.940324,1],0,0.94,-0.94],[[564176,14.933501,50.774549,1],0],[[564184,14.901417,50.73858,1],0,1.43,-1.43],[[564206,15.190471,50.890241,1],0,4.34,-4.34],[[564231,15.056405,50.831733,2],0,2.76,-2.76],[[564265,15.229539,50.925011,3],0,1.08,-1.08],[[564281,15.083777,50.849733,1],0],[[564290,14.921485,50.69499,2],0,2.12,-2.12],[[564303,15.076196,50.594968,1],0,3.22,-3.22],[[564311,15.076532,50.979084,1],2.7,8.06,-5.36],[[564354,15.084005,50.578232,2],0.36,4.94,-4.58],[[564371,15.114757,50.904256,3],0.23,1.63,-1.4],[[564397,14.818942,50.789106,1],0],[[564401,15.034217,50.605,0],0],[[564427,14.986005,50.711344,1],0,4.42,-4.42],[[564435,15.043456,50.587332,1],0,2.18,-2.18],[[564443,15.063976,50.572684,1],0,1.07,-1.07],[[564451,15.088809,50.626916,0],0,6.66,-6.66],[[564460,15.052732,50.706477,2],0,1.04,-1.04],[[564494,15.02506,50.966732,2],0,1.23,-1.23],[[564516,15.052112,50.618816,1],0,1.12,-1.12],[[564532,14.95149,50.64615,1],0],[[564541,14.876403,50.765065,1],0],[[547476,15.400555,50.724065,1],0],[[547484,15.246847,50.519937,0],0,1.36,-1.36],[[573400,15.218593,50.617659,0],0,4.76,-4.76],[[573418,15.533412,50.580946,1],1.74,3.52,-1.78],[[574201,15.57583,50.52618,0],0.93],[[576964,15.328241,50.605258,3],1.16,1.85,-0.69],[[576972,15.445427,50.534417,1],0],[[576981,15.548272,50.666433,2],0,0.27,-0.27],[[576999,15.368478,50.603258,1],0.54,3.27,-2.73],[[577006,15.337206,50.640171,1],1.05,1.92,-0.87],[[577014,15.396332,50.488672,0],0,1.49,-1.49],[[577031,15.58394,50.542694,0],0],[[577049,15.401976,50.604834,0],0],[[577057,15.60765,50.5317,1],0],[[577073,15.421312,50.613238,1],1.21],[[577081,15.431521,50.772186,2],0,0.7,-0.7],[[577111,15.300548,50.520473,0],0],[[577120,15.571571,50.608357,2],0,0.67,-0.67],[[577146,15.200342,50.544906,1],0,5.85,-5.85],[[577154,15.300449,50.602387,1],0.73,3.28,-2.55],[[577162,15.429698,50.703569,2],0.35,1.4,-1.05],[[577171,15.338516,50.660595,1],0.7,1.19,-0.49],[[577189,15.491835,50.680618,0],0],[[577197,15.506637,50.608996,3],0.18,1.1,-0.92],[[577201,15.14538,50.550769,0],0,7.81,-7.81],[[577219,15.20728,50.561843,1],0,1.9,-1.9],[[577227,15.221716,50.599761,0],0,6.52,-6.52],[[577235,15.404135,50.571751,2],0,1.68,-1.68],[[577243,15.480245,50.565638,1],0.64],[[577294,15.416037,50.559503,1],0,0.43,-0.43],[[577308,15.373517,50.530724,3],0.24,1.06,-0.82],[[577316,15.19435,50.591643,2],0,3.61,-3.61],[[577324,15.119437,50.574176,1],0,8.88,-8.88],[[577332,