{"reg":318,"towns":[[[504301,15.745503,49.982634,1],14.86],[[504807,15.727244,49.94646,1],21.62],[[504921,15.739289,49.965357,1],11.76],[[504955,15.894469,49.979022,0],15.21],[[505005,15.86473,49.897307,1],14.28],[[505030,15.883877,49.960537,0],12.5],[[530697,15.677746,49.919564,0],29.41],[[547794,15.78717,49.837054,0],50],[[547808,15.713618,49.967283,1],7.57],[[547816,15.957449,49.74259,1],53.47],[[547824,15.761796,49.859518,0],17.5],[[547832,15.760021,49.877003,1],21.31],[[547841,15.621171,49.923275,0],11.9],[[547859,15.926941,49.931755,0],29.03],[[547867,16.127052,49.822412,0],10.16],[[547875,15.545079,49.916436,0],21.73],[[547891,15.745214,49.9279,1],32.38],[[554847,15.95683,49.814666,1],33.69],[[554952,16.043608,49.793442,1],18.39],[[556882,15.768153,49.915662,1],6.55],[[571164,15.795158,49.949824,4],13.01],[[571181,15.595868,49.837134,1],36.89],[[571202,15.704985,49.841414,1],21.96],[[571229,15.925435,49.97695,0],12.9],[[571237,15.535529,49.901849,0],33.33],[[571245,15.733261,49.957375,1],15.66],[[571253,15.839524,49.830355,1],15.51],[[571270,15.937395,49.963804,1],13.63],[[571296,15.777938,49.847036,0],20],[[571300,15.986569,49.761203,0],34.37],[[571377,15.926515,49.739067,0],14.28],[[571385,15.665028,49.94717,3],19.09],[[571393,15.907661,49.762231,3],22.43],[[571407,16.071649,49.84568,0],37.66],[[571440,15.923513,49.794858,1],20.33],[[571458,15.893093,49.933561,0],28],[[571466,15.916873,49.887322,1],12.12],[[571474,15.744393,49.802435,1],13.23],[[571482,15.57603,49.934901,0],13.51],[[571491,15.910648,49.959563,2],28.67],[[571504,15.990827,49.882632,1],13],[[571539,15.934067,49.902149,3],19.28],[[571547,15.991536,49.955625,2],17.03],[[571563,16.03112,49.929644,1],21.21],[[571571,15.975128,49.736024,1],58.63],[[571580,15.982386,49.772574,1],24.59],[[571610,15.855614,49.947276,1],10.07],[[571628,15.651641,49.923421,1],11.11],[[571652,15.745623,49.821656,0],14.58],[[571661,16.026846,49.772498,2],30.33],[[571709,15.958993,49.845309,0],38.23],[[571725,15.75641,49.841833,0],53.84],[[571733,15.741396,49.87195,0],31.11],[[571750,16.023891,49.916576,0],10.71],[[571768,15.839045,49.888935,1],10.67],[[571776,16.028604,49.893513,3],23.66],[[571822,15.605872,49.905062,1],0],[[571831,15.884829,49.841358,2],15.32],[[571857,15.724015,49.887468,1],17.85],[[571873,15.709072,49.934791,1],19.87],[[571890,15.886976,49.94387,0],13.88],[[571903,15.628949,49.941391,1],13.63],[[571911,15.804712,49.844597,2],18.6],[[571962,15.839135,49.919409,1],11.79],[[572004,16.079952,49.826885,0],21.87],[[572039,15.536819,49.936237,1],3.63],[[572063,15.988264,49.79687,1],22.61],[[572071,15.628821,49.893895,2],8.86],[[572080,16.11631,49.805994,2],38.83],[[572098,15.957751,49.833121,1],19.66],[[572101,16.038455,49.831724,1],30.95],[[572110,15.92634,49.938074,0],19.56],[[572152,15.96422,49.796504,1],47.66],[[572161,15.531541,49.888353,2],11.87],[[572179,15.951376,49.922359,2],18.38],[[572217,15.916661,49.922503,1],29.2],[[572225,15.65653,49.847037,2],12.65],[[572241,15.996654,49.843567,3],25.24],[[572268,15.813873,49.921196,3],11.6],[[572276,15.764066,49.933341,1],24.82],[[572314,16.072158,49.89166,0],40.9],[[572322,15.90302,49.738058,1],47.89],[[572331,15.813804,49.890007,1],7.19],[[572349,16.034289,49.72454,1],27.75],[[572381,15.914659,49.824479,1],22.53],[[572390,15.816049,49.786894,1],18.83],[[572403,15.919674,49.932925,0],8.16],[[572411,15.580129,49.869219,3],7.51],[[572420,15.84134,49.978962,1],8.57],[[572446,15.867345,49.979251,1],16.5],[[572454,15.66685,49.889133,0],11.76],[[572462,15.884462,49.817781,1],22.06],[[572471,15.880178,49.971029,1],17.85],[[572497,15.88183,49.749189,1],28.45],[[572501,15.973606,49.788649,1],49.09],[[572527,15.93634,49.713143,0],18.03],[[572535,15.941145,49.856443,1],32.69],[[572543,15.837299,49.747799,0],29.5],[[572551,15.829087,49.76477,1],16.76],[[572578,15.884208,49.910081,2],8.25],[[572641,15.858205,49.873077,1],15.49],[[573787,15.681376,49.963712,1],12.98],[[573817,15.893381,49.868517,0],12],[[573876,16.100192,49.828645,1],54.25],[[573949,15.512907,49.872861,0],30],[[574007,15.527475,49.861905,0],25.58],[[574091,15.566816,49.892807,0],44.11],[[574104,16.030432,49.972703,0],2.77],[[530794,15.461124,50.032844,0],11.32],[[553719,15.702721,50.039211,1],13.86],[[555134,15.781299,50.034409,5],16.51],[[572764,15.604954,49.9819,0],18.51],[[572799,15.898214,50.069473,0],1.49],[[572802,15.538618,50.119436,0],23.8],[[572845,15.889187,50.043622,0],6.66],[[572853,15.624255,50.131879,0],18.75],[[572861,15.65169,50.109618,1],14.81],[[572870,15.805868,50.093029,1],23.68],[[572888,15.855832,50.114148,0],26.82],[[572896,15.671936,50.05613,1],20],[[572934,15.746276,50.092124,0],18.42],[[572942,15.70284,50.12887,0],5.71],[[572951,15.738311,50.128935,0],12.12],[[572977,15.725091,49.993164,1],10.86],[[572985,15.734932,49.997348,0],28],[[573019,15.580349,49.945993,0],4.54],[[573027,15.5373,49.969347,0],5.26],[[573035,15.486111,50.001981,0],10.25],[[573078,15.647275,50.079868,0],25.8],[[573515,15.827021,50.070734,1],7.14],[[574198,15.822517,50.042269,1],26.59],[[574724,15.68091,49.999411,0],8.88],[[574741,15.644768,50.008869,1],17.56],[[574767,15.67989,50.075702,3],30.97],[[574783,15.856639,50.127301,1],13.72],[[574791,15.557385,50.000688,0],26],[[574805,15.577582,50.051994,2],15.65],[[574813,15.823385,50.12496,0],27.27],[[574821,15.562977,49.948338,0],11.11],[[574830,15.625408,50.101131,1],23.07],[[574848,15.911265,50.132532,2],20.4],[[574856,15.773339,50.13312,2],7.83],[[574864,15.717675,49.985238,1],15.06],[[574899,15.912545,50.028543,2],17.89],[[574902,15.691707,50.113474,1],13.43],[[574911,15.967844,50.029373,2],33.42],[[574929,15.924033,50.077906,1],9.28],[[574953,15.808857,50.105191,1],12.5],[[574961,15.426616,50.075555,1],3.33],[[574988,15.986005,50.06611,3],8.87],[[574996,16.084069,50.049109,2],15.63],[[575011,15.958886,50.076611,2],4.78],[[575020,15.781299,50.034409,1],9.67],[[575046,15.78888,50.103527,0],12.5],[[575054,15.619515,49.987822,2],9.21],[[575062,15.880341,50.083128,1],4.54],[[575071,15.418562,50.034532,3],6.61],[[575089,15.937327,50.109676,1],22.88],[[575097,15.541389,50.128259,0],20],[[575101,15.529259,50.007735,1],17.18],[[575119,16.077983,50.012339,0],11.59],[[575127,15.610295,49.995451,0],24.13],[[575135,15.660618,49.981594,0],29.41],[[575143,15.694777,49.980674,1],17.2],[[575151,15.609768,50.118105,0],16],[[575178,15.487192,50.057816,1],8.48],[[575194,15.386682,50.043079,1],8.1],[[575232,15.903791,50.009667,1],22.4],[[575259,15.410279,50.051519,0],3.22],[[575305,15.756738,50.153387,1],13.23],[[575313,15.568989,49.98787,1],18.75],[[575330,15.514334,49.984932,0],5.26],[[575372,15.775487,49.989526,2],10],[[575381,15.572047,50.014912,0],6.97],[[575399,15.940811,50.00105,2],14.25],[[575429,15.790553,50.145512,3],15.61],[[575437,15.805408,49.993525,2],14.15],[[575445,16.030478,50.044716,1],14.22],[[575461,16.000768,50.097655,1],1.47],[[575470,15.581991,49.991102,0],3.84],[[575500,15.560413,50.039948,3],12.02],[[575518,15.614899,50.072887,0],22.72],[[575526,15.519991,50.106455,0],42.1],[[575534,15.802625,50.07288,1],15.13],[[575551,15.606265,50.106311,1],23.8],[[575569,15.664377,50.127321,1],14.51],[[575577,15.889408,50.104773,1],21.19],[[575593,15.704827,50.060247,2],14.9],[[575607,15.477455,50.03599,2],13.17],[[575615,15.440919,50.050233,0],6.45],[[575623,15.519831,50.053188,1],6.28],[[575640,15.852803,50.066605,3],17.88],[[575658,15.96145,49.992168,1],19.35],[[575666,15.556821,50.093704,1],14.81],[[575682,15.763532,50.084994,2],9.02],[[575704,15.778951,50.065498,2],15.23],[[575712,15.754182,50.000581,1],25.47],[[575721,15.720737,50.124004,1],15.38],[[575739,15.71522,50.001737,1],23.4],[[575755,15.614128,49.956461,0],13.79],[[575763,15.522806,50.087564,1],16.83],[[575771,15.639615,49.976687,1],10.12],[[575780,15.601078,49.965437,1],8.33],[[575810,15.445738,50.080585,0],6.15],[[575828,16.044093,50.000215,0],14.28],[[575844,15.548856,49.952551,1],0],[[575879,16.017879,49.992474,1],43.47],[[575887,15.872852,49.988669,1],15.38],[[575909,15.494626,