{"reg":90003,"towns":[[[506737,17.711595,49.389281,2],13.55],[[542318,17.645401,49.44257,0],23.52],[[542342,17.253216,49.203806,0],10.52],[[542393,17.413233,49.228329,0],0],[[549690,17.564472,49.361618,0],1.92],[[549720,17.616021,49.320079,1],3.27],[[553905,17.678364,49.428534,1],19.04],[[557188,17.36013,49.254875,1],0],[[587257,17.23521,49.149944,0],13.33],[[587354,17.43461,49.230694,1],3.77],[[587397,17.186821,49.268795,0],14.47],[[588296,17.39948,49.291758,5],2.51],[[588300,17.426201,49.245527,1],4.68],[[588326,17.334894,49.329903,1],2.94],[[588377,17.660807,49.36344,1],10.1],[[588385,17.440825,49.351167,1],0.77],[[588393,17.674121,49.399337,3],25.9],[[588407,17.261484,49.172391,0],4.41],[[588431,17.233486,49.292989,1],12.38],[[588458,17.57843,49.33341,4],6.66],[[588474,17.617522,49.301023,1],1.72],[[588482,17.233888,49.208645,0],0],[[588491,17.463848,49.316992,3],0.59],[[588504,17.645513,49.362473,1],8.88],[[588512,17.364618,49.35654,3],3.51],[[588521,17.382954,49.203174,1],1.9],[[588547,17.231009,49.166079,0],8],[[588555,17.618744,49.35638,1],9.45],[[588563,17.377672,49.267176,1],3.07],[[588598,17.780479,49.434675,1],1.4],[[588601,17.164435,49.10649,3],1.7],[[588610,17.511445,49.374174,1],0.74],[[588628,17.174357,49.182821,0],8.33],[[588636,17.515668,49.289235,1],0],[[588644,17.469853,49.242324,2],18.26],[[588652,17.402164,49.377252,1],4.34],[[588661,17.588001,49.273774,1],3.77],[[588695,17.208524,49.202303,1],21.59],[[588709,17.721131,49.421886,1],32.87],[[588717,17.398055,49.220846,1],0],[[588725,17.540777,49.299616,1],0.95],[[588733,17.344491,49.301479,1],2.53],[[588741,17.601188,49.310408,1],0.74],[[588750,17.549103,49.276669,1],0],[[588768,17.209733,49.249941,3],30.82],[[588784,17.497843,49.364766,1],3.75],[[588806,17.166004,49.203726,0],20.58],[[588814,17.453821,49.210212,1],5.76],[[588822,17.751607,49.431087,1],4.61],[[588831,17.56585,49.379562,0],4.25],[[588849,17.169012,49.25977,1],18.33],[[588865,17.228235,49.271262,1],19.13],[[588873,17.79516,49.420849,1],6.5],[[588890,17.495591,49.324587,1],3.03],[[588903,17.587212,49.379083,2],2.12],[[588920,17.813268,49.413088,1],8.41],[[588938,17.335656,49.2714,2],3.12],[[588946,17.538595,49.367004,1],2.61],[[588954,17.286157,49.188888,1],3.67],[[588962,17.689193,49.348527,1],2.08],[[588971,17.526316,49.342008,1],8.47],[[588989,17.417495,49.332412,1],1.21],[[588997,17.670437,49.377245,1],41.17],[[589004,17.359592,49.233688,1],3.7],[[589039,17.211177,49.142634,1],0],[[589047,17.449702,49.257184,1],11.62],[[589055,17.422982,49.226782,0],2.08],[[589080,17.268275,49.230501,1],19.82],[[589098,17.519351,49.319485,1],1.35],[[589110,17.201536,49.281835,0],28.57],[[589128,17.281547,49.28519,1],5.4],[[589136,17.693071,49.447233,1],16],[[589152,17.560195,49.304651,1],6.32],[[589161,17.352936,49.382726,1],1.4],[[589187,17.284751,49.248989,2],5.76],[[589195,17.319096,49.227808,2],7.45],[[589217,17.312714,49.301917,1],1.29],[[589225,17.436042,49.372004,1],0.68],[[589233,17.604528,49.291574,1],3.62],[[550736,17.879516,49.050017,0],0.94],[[550744,17.470215,49.045088,3],7.13],[[550752,17.433488,49.075248,3],1.78],[[592005,17.49595,49.059897,5],6.41],[[592013,17.476827,49.123859,2],1.2],[[592021,17.717631,48.988113,2],1.39],[[592030,17.549716,49.099749,2],1.68],[[592048,17.814983,49.038744,3],2.46],[[592056,17.571104,48.934962,1],1.88],[[592064,17.350953,49.062643,2],1.71],[[592072,17.356023,49.094985,1],3.97],[[592081,17.580451,49.121484,2],30.76],[[592099,17.742769,48.922188,2],2.12],[[592102,17.338628,49.086371,2],3.55],[[592111,17.764159,48.974921,1],2.18],[[592137,17.619917,49.10453,1],6.01],[[592145,17.585962,48.968468,3],12.76],[[592153,17.600184,49.047152,1],1.08],[[592170,17.526788,48.988219,3],2.75],[[592188,17.624276,48.933273,1],6.77],[[592196,17.257265,49.040274,0],10],[[592200,17.582201,49.049868,2],3.75],[[592218,17.464577,49.108271,1],3.27],[[592226,17.427985,49.116359,2],2.65],[[592234,17.388585,49.154219,1],5.73],[[592269,17.516817,49.098647,2],4.04],[[592277,17.800925,48.99393,1],4.13],[[592285,17.665308,48.94107,1],0.49],[[592293,17.407042,49.045476,1],12.56],[[592307,17.416297,49.157681,1],4.81],[[592323,17.457274,49.131767,1],2.58],[[592340,17.781225,48.942882,0],0],[[592366,17.27186,49.049125,1],0],[[592382,17.536075,49.086778,2],1.25],[[592391,17.403508,49.112121,1],9.21],[[592404,17.589225,49.099385,1],0.45],[[592412,17.38152,49.031694,2],3.79],[[592421,17.752313,49.016782,1],2.22],[[592439,17.647683,48.974744,3],0.49],[[592447,17.300934,49.030686,1],0],[[592455,17.467622,48.975689,2],0.84],[[592463,17.436427,49.004438,3],1.2],[[592471,17.249789,49.055871,1],2.04],[[592480,17.644446,49.07963,1],40.57],[[592498,17.850785,49.038403,1],0.78],[[592501,17.529564,49.0409,1],13.44],[[592510,17.340746,49.033999,2],1.89],[[592528,17.527232,49.052651,2],6.07],[[592536,17.633144,49.069003,2],5.21],[[592552,17.737584,49.056153,1],0.57],[[592561,17.342876,49.140618,1],2.67],[[592579,17.611677,48.946995,1],1.91],[[592587,17.277842,49.129212,0],6.81],[[592609,17.86312,48.965972,1],0.98],[[592617,17.706822,48.902257,3],0.85],[[592625,17.307593,49.05671,1],0],[[592633,17.248767,49.117266,0],0],[[592641,17.713899,48.970109,2],0],[[592650,17.452331,49.122346,1],0.94],[[592668,17.62464,49.116539,0],11.49],[[592676,17.72216,49.028682,2],0.97],[[592692,17.544444,49.121967,2],0.63],[[592706,17.436325,49.130976,2],2.88],[[592714,17.331526,49.048213,0],10.46],[[592722,17.369935,49.084369,2],3.84],[[592731,17.649938,49.030373,4],3.52],[[592749,17.389953,48.985657,3],1.75],[[592757,17.272063,49.036216,0],11.26],[[592773,17.843216,48.967992,0],0],[[592781,17.312035,49.034552,1],0],[[592790,17.394372,49.105527,2],2.72],[[592803,17.562531,49.037101,1],4.41],[[592820,17.581938,49.009996,3],1.2],[[592838,17.853445,48.94083,0],5],[[592846,17.779332,49.022764,2],0.93],[[592854,17.628309,49.129954,1],6.45],[[592862,17.379491,49.074059,2],2.57],[[592871,17.880344,48.980354,0],0],[[541630,17.993952,49.339025,5],2.66],[[541648,17.89306,49.461056,1],4.37],[[541711,17.974099,49.415411,2],6.46],[[541800,18.194298,49.455076,2],2.57],[[542644,18.11186,49.201841,2],25],[[542679,18.1476,49.317501,2],1.32],[[542687,18.288701,49.43226,2],1.65],[[542725,18.061103,49.181314,2],2.11],[[542750,17.869548,49.354774,2],20.27],[[542768,18.060734,49.303745,2],1.78],[[542784,18.090479,49.303274,2],1.17],[[542814,18.217836,49.429584,2],3.62],[[542831,17.898722,49.495846,1],3.57],[[542865,17.950317,49.383651,2],5.48],[[542903,17.965972,49.444628,1],14.66],[[542911,18.240174,49.351376,3],7.21],[[542946,17.885865,49.382193,2],9.49],[[542989,17.815441,49.478541,3],1.18],[[542997,17.865253,49.492821,1],1.17],[[543021,17.809991,49.444343,1],2.68],[[543098,18.016608,49.178879,1],3.78],[[544264,17.998777,49.284384,1],0],[[544302,17.930151,49.520653,2],4.05],[[544370,18.051411,49.20313,2],2.1],[[544396,17.921879,49.290608,2],2.34],[[544418,17.832764,49.438791,1],7.18],[[544434,18.019755,49.239886,1],1.08],[[544469,18.04863,49.409504,1],2.08],[[544507,17.925167,49.413614,1],17.6],[[544566,18.198046,49.337068,3],1.68],[[544574,17.917399,49.432567,1],15.38],[[544621,17.867653,49.45682,1],7.86],[[544655,17.955546,49.233333,1],9.28],[[544671,17.961456,49.248001,1],1.72],[[544698,18.252106,49.436192,2],12.12],[[544728,17.942957,49.387569,1],34.57],[[544787,17.915097,49.367793,2],5.4],[[544841,18.143131,49.458626,4],2.81],[[544850,17.995701,49.394052,1],4.02],[[544906,17.96516,49.273311,1],4.61],[[544914,18.097917,49.177303,1],5.76],[[544922,18.056978,49.458663,1],9.27],[[544931,18.083277,49.162525,1],0.94],[[544949,18.109885,49.415172,2],0.82],[[544990,17.996783,49.262249,2],4.27],[[545058,17.971237,49.471904,4],3.49],[[545112,18.053888,49.165971,1],5.88],[[545147,18.035719,49.437895,1],4.44],[[545163,18.283665,49.360736,2],4.73],[[545198,18.094836,49.441612,2],2.52],[[545210,18.184136,49.443885,2],2.91],[[545236,18.044471,49.474196,3],12.59],[[545244,18.077943,49.261068,1],0.76],[[545252,18.092595,49.466126,3],21.64],[[553026,18.11706,49.225377,1],12.08],