{"reg":90010,"towns":[[[513717,15.727458,50.18002,1],5.06],[[530671,15.620991,50.294187,0],0],[[548057,15.757627,50.323032,0],0],[[548065,15.582212,50.161163,1],0],[[548154,15.775579,50.257478,1],1.44],[[548677,16.020182,50.24034,0],0],[[569810,15.825311,50.210461,5],11.25],[[569828,15.585617,50.192196,0],1.49],[[569836,15.56774,50.197698,1],1.33],[[569852,15.942805,50.198081,1],6.17],[[569861,15.736096,50.310292,0],6.45],[[569879,15.930746,50.214011,1],4],[[569887,15.630961,50.203911,1],5.26],[[569917,15.922644,50.262743,2],4.41],[[569925,15.874133,50.318732,2],2.72],[[569933,15.731935,50.28893,0],6.25],[[569941,15.921759,50.239875,0],6.66],[[569968,15.641146,50.147821,1],5.71],[[569976,15.694605,50.287371,1],7.07],[[569984,15.708601,50.239725,1],5.69],[[569992,15.826971,50.326035,1],0],[[570001,15.403364,50.264697,1],0.73],[[570010,15.71623,50.314969,0],1.92],[[570028,15.860186,50.308038,1],6.57],[[570044,15.767421,50.309639,1],3],[[570052,15.675654,50.218662,0],0],[[570087,15.511631,50.226124,1],2.67],[[570109,15.460363,50.154506,3],1.51],[[570125,15.550972,50.149139,1],1.56],[[570133,16.002737,50.22828,1],6.86],[[570150,15.557599,50.153056,0],1.88],[[570168,15.501358,50.125681,1],0.96],[[570176,15.534913,50.179841,1],4],[[570184,15.555822,50.178703,1],0],[[570192,15.53668,50.259542,1],1.44],[[570206,15.607018,50.169243,1],3.33],[[570214,15.636021,50.217617,1],1.72],[[570222,15.942389,50.297761,0],0],[[570231,15.696345,50.172522,1],3.82],[[570249,15.695007,50.191851,1],7.61],[[570257,15.996241,50.244268,0],7.4],[[570265,15.95985,50.242363,1],8],[[570273,15.963989,50.287938,1],10],[[570290,15.408168,50.181052,0],0],[[570303,15.610553,50.270952,1],11.11],[[570311,15.820017,50.272221,1],7.27],[[570320,15.38474,50.165301,1],1.58],[[570354,15.819476,50.33965,0],2.77],[[570362,15.411967,50.213644,1],0],[[570397,15.528273,50.215505,1],0.56],[[570401,15.501571,50.191824,0],0],[[570419,15.68594,50.27513,1],0],[[570427,15.557476,50.297719,0],2.85],[[570435,15.675954,50.296508,1],6.5],[[570443,15.78561,50.27676,1],3.44],[[570451,15.632865,50.237468,2],2.53],[[570478,15.463452,50.192306,1],0.58],[[570494,15.495214,50.147769,1],0],[[570508,15.490926,50.241602,3],3.07],[[570516,15.511087,50.32963,1],0],[[570524,15.445092,50.142363,1],0],[[570532,15.686098,50.142888,1],3.8],[[570541,15.676288,50.143649,0],5.71],[[570567,15.598601,50.289854,1],5.79],[[570575,15.501834,50.15553,1],5.35],[[570648,15.548695,50.238775,1],2.34],[[570656,15.742802,50.17297,2],5.12],[[570672,15.815669,50.256426,2],6.96],[[570681,15.410541,50.151634,1],1.61],[[570702,15.796171,50.315762,0],2.43],[[570711,15.693658,50.209432,0],13.95],[[570729,15.663736,50.20977,0],3.33],[[570745,15.651804,50.176262,1],3.7],[[570796,15.796074,50.289952,1],0.98],[[570800,15.872134,50.27647,1],9.74],[[570834,15.499348,50.268616,2],1.89],[[570851,15.502075,50.257418,1],2.22],[[570869,15.477355,50.291556,2],0],[[570877,15.865181,50.299879,3],5.47],[[570885,15.917943,50.299846,1],3.88],[[570907,15.705857,50.307552,0],6.45],[[570915,15.530668,50.150422,0],0],[[570931,15.748412,50.215821,2],6.72],[[570958,15.64079,50.301628,1],1.01],[[570966,15.718242,50.258368,1],2.36],[[571008,15.662838,50.154859,1],3.53],[[571016,15.542057,50.315142,0],0],[[571024,15.711159,50.207992,1],6.2],[[571041,15.992336,50.201066,3],2.25],[[571059,15.688982,50.265178,1],4.1],[[571083,15.428963,50.289608,1],2.05],[[571091,15.760224,50.255417,2],8.91],[[571105,15.979052,50.269739,1],4.08],[[571113,15.824842,50.153472,2],7.06],[[571130,15.483086,50.211244,0],0],[[573132,15.452434,50.25854,1],5.71],[[573191,15.700009,50.297512,1],7.62],[[573531,15.626417,50.185916,0],2.63],[[573621,15.711346,50.191374,0],16.66],[[573710,15.587203,50.245928,1],8.33],[[573744,15.56176,50.224827,0],1.85],[[573779,15.75893,50.297029,0],4.34],[[576352,16.012785,50.250722,1],0],[[576433,16.04283,50.223913,1],0],[[530735,15.213064,50.386111,0],7.84],[[548855,15.620923,50.316342,0],0],[[548863,15.63112,50.329866,1],7.4],[[548871,15.607452,50.299084,0],15.38],[[548880,15.582808,50.325546,0],13.43],[[548898,15.137489,50.375876,0],8.33],[[548901,15.600604,50.369489,0],25],[[548910,15.30877,50.4497,0],0],[[548928,15.327377,50.381344,0],0],[[548944,15.470916,50.39615,0],2.63],[[548952,15.254641,50.308573,0],0],[[548961,15.219151,50.394226,0],54.54],[[548979,15.654346,50.438962,0],0],[[548995,15.643602,50.39943,0],0],[[549029,15.628263,50.438105,0],10.52],[[549037,15.516036,50.432957,0],3.77],[[549070,15.313367,50.434394,0],0],[[549088,15.286389,50.452243,0],0],[[549096,15.342338,50.40511,1],0],[[549100,15.337606,50.465297,0],2.94],[[549118,15.359434,50.467293,0],20],[[549151,15.32977,50.478592,0],1.42],[[549169,15.350713,50.454929,0],0],[[549185,15.258528,50.454396,0],0],[[549193,15.264128,50.470898,0],0],[[549207,15.493052,50.347043,0],0],[[549223,15.29557,50.387734,0],0],[[549274,15.678023,50.333359,0],6.25],[[549282,15.427515,50.386551,1],1.96],[[549312,15.419326,50.409627,0],0],[[549355,15.280763,50.324828,0],3.12],[[553701,15.15353,50.385047,0],0],[[572047,15.37809,50.494389,0],0],[[572128,15.428878,50.369139,0],0],[[572136,15.374882,50.316531,0],0],[[572144,15.380794,50.286507,0],8.69],[[572187,15.349485,50.308911,0],3.57],[[572659,15.361144,50.435433,4],4.12],[[572667,15.605129,50.334576,0],13.33],[[572675,15.292617,50.31413,1],0],[[572705,15.708485,50.365894,0],2.81],[[572756,15.636457,50.42462,0],8.33],[[572772,15.244218,50.392983,1],5.55],[[572781,15.723633,50.333348,1],3.6],[[572811,15.360429,50.339204,0],0],[[572829,15.170627,50.36818,1],0.97],[[572837,15.602674,50.348096,1],38.16],[[572900,15.320807,50.451706,1],3.08],[[572918,15.577533,50.375381,1],36.52],[[572926,15.63194,50.366189,3],3.68],[[572969,15.496287,50.359371,1],1.27],[[572993,15.680876,50.344654,1],2.29],[[573001,15.337392,50.373176,1],0],[[573043,15.322548,50.493286,1],3.15],[[573051,15.480335,50.402345,1],16.17],[[573060,15.2704,50.330951,2],5.12],[[573086,15.554989,50.336986,0],2.22],[[573094,15.582797,50.428843,3],3.29],[[573108,15.21695,50.375516,2],6.41],[[573116,15.162912,50.490669,1],4.3],[[573124,15.298603,50.498255,1],1.14],[[573141,15.616987,50.395819,1],8.23],[[573159,15.470396,50.431154,1],0.86],[[573167,15.196175,50.430868,1],2.08],[[573175,15.682367,50.403916,1],0.54],[[573183,15.178861,50.401703,0],0],[[573205,15.232724,50.482181,1],3.17],[[573213,15.521712,50.411963,1],5.14],[[573221,15.699658,50.391682,1],2.43],[[573230,15.370126,50.384534,1],0],[[573248,15.515138,50.494593,3],2.17],[[573256,15.562386,50.407609,0],1.4],[[573264,15.159618,50.463947,0],0],[[573272,15.549593,50.372556,2],9.88],[[573281,15.289734,50.443397,0],0],[[573299,15.608329,50.480435,2],3.3],[[573302,15.543039,50.42605,0],3.44],[[573311,15.514528,50.390156,1],5.66],[[573329,15.310632,50.418572,1],1.88],[[573337,15.447215,50.45237,0],0],[[573345,15.340577,50.469069,1],5.06],[[573353,15.294637,50.412586,0],0],[[573361,15.402094,50.463465,0],0],[[573370,15.428693,50.458914,1],1.66],[[573442,15.23502,50.459432,1],3.12],[[573451,15.424479,50.320225,1],2.27],[[573469,15.381502,50.366869,1],4.59],[[573477,15.514931,50.372376,1],5.17],[[573493,15.176299,50.467515,2],2.81],[[573507,15.49455,50.510424,2],1.18],[[573523,15.494647,50.336688,1],6.66],[[573540,15.274587,50.404458,1],4.08],[[573612,15.651767,50.339344,1],0],[[573639,15.469231,50.377493,1],1.4],[[573647,15.417033,50.395077,0],6.89],[[573655,15.47042,50.473031,1],5.6],[[573663,15.261676,50.374485,1],0],[[573671,15.687441,50.427287,0],0],[[573680,15.262655,50.506631,1],3.29],[[573698,15.437401,50.43413,1],7.93],[[573701,15.384989,50.455113,2],4.47],[[573728,15.317707,50.407596,0],0],[[573736,15.565907,50.512639,1],0],[[573752,15.378316,50.393404,1],0],[[573761,15.398381,50.335635,0],0],[[573795,15.323155,50.323952,0],0],[[573809,15.436421,50.331055,1],0.74],[[573825,15.384697,50.472837,2],2.04],[[573833,15.411844,50.353646,1],1.85],[[573841,15.32061,50.295469,0],0],[[573850,15.382081,50.30222,0],2.08],[[505099,16.058927,50.450166,0],0],[[530786,16.016933,