{"reg":151,"towns":[[[551694,17.35708,49.9298,1],0.55],[[551732,17.441174,49.960503,1],0.94],[[551767,17.432173,50.003657,1],0.55],[[551783,17.43824,49.933456,0],0.85],[[551805,17.6409,49.968984,1],0.59],[[551813,17.625765,49.933251,0],1.62],[[551929,17.389192,50.060911,1],0.52],[[551945,17.377529,50.020519,1],0.48],[[551996,17.342351,50.107531,1],1.02],[[569526,17.542152,49.995792,1],0.54],[[597180,17.463794,49.988277,4],0.19],[[597201,17.713963,50.243389,1],0.47],[[597317,17.547725,49.833416,2],0.29],[[597350,17.60273,49.966918,2],0.36],[[597392,17.599627,50.111701,1],0.72],[[597431,17.481294,50.244949,1],0.61],[[597520,17.703168,50.090683,4],0.2],[[597554,17.62651,50.007958,2],0.46],[[597635,17.574913,50.163036,3],0.55],[[597716,17.715337,50.275267,2],0.45],[[597783,17.271873,49.931927,3],0.12],[[597937,17.744838,50.047254,1],0.45],[[597961,17.383262,50.121048,3],0.03],[[507091,18.756984,49.656185,2],0.19],[[507237,18.527882,49.658204,2],0.49],[[507547,18.719541,49.585749,2],0.15],[[512176,18.737315,49.616708,2],0.33],[[512184,18.339222,49.606756,2],0.22],[[512192,18.461438,49.694745,1],0.26],[[549665,18.472974,49.619845,2],0.21],[[552500,18.434339,49.704374,1],0.71],[[552526,18.433859,49.648584,1],0.7],[[552542,18.492374,49.660491,2],0.17],[[552569,18.272916,49.686041,2],0.28],[[552577,18.347648,49.564927,1],0.86],[[552593,18.398071,49.579287,1],0.72],[[552615,18.571008,49.700533,1],0.75],[[552623,18.529296,49.712553,2],0.19],[[554014,18.759182,49.5873,3],0.1],[[554928,18.713186,49.666714,3],0.04],[[556971,18.61356,49.705458,2],0.29],[[568163,18.442932,49.738583,1],1.68],[[568813,18.48628,49.608863,1],0.6],[[568830,18.317179,49.733473,2],0.21],[[598003,18.367422,49.682031,5],0.19],[[598011,18.372443,49.645943,3],0.15],[[598038,18.222205,49.700196,3],0.22],[[598062,18.720488,49.63667,3],0.07],[[598101,18.481063,49.712825,2],0.33],[[598135,18.223315,49.666867,2],0.07],[[598143,18.358605,49.591902,3],0.21],[[598160,18.541393,49.682383,2],0.24],[[598259,18.764694,49.576815,3],0.07],[[598321,18.256672,49.590494,3],0.37],[[598348,18.235519,49.729234,2],0.34],[[598356,18.261235,49.550798,2],0.27],[[598364,18.298465,49.597285,1],0.78],[[598445,18.524824,49.596169,2],0.16],[[598453,18.754281,49.527472,3],0.15],[[598542,18.391751,49.535196,2],0.22],[[598551,18.315185,49.63477,3],0.3],[[598569,18.290478,49.731885,3],0.15],[[598674,18.368797,49.71846,2],0.13],[[598691,18.221998,49.623907,2],0.51],[[598739,0,0,0],0.13],[[598798,0,0,0],0.16],[[598810,18.67089,49.677731,5],0.13],[[598836,0,0,0],0.41],[[598879,0,0,0],0.42],[[552739,18.481997,49.797901,3],0.34],[[555088,18.430725,49.780492,5],0.22],[[555291,18.569232,49.768592,2],0.17],[[568864,18.480287,49.858829,2],0.28],[[598917,18.543319,49.856752,5],0.16],[[598925,18.524545,49.786552,3],0.15],[[598933,18.623896,49.747144,4],0.15],[[598941,18.460901,49.894214,3],0.38],[[598968,18.428262,49.898856,3],0.37],[[599051,18.357074,49.904426,4],0.25],[[599069,18.425108,49.870238,5],0.24],[[599077,18.547898,49.895965,3],0.08],[[599085,18.389513,49.831096,3],0.24],[[599107,18.376369,49.86635,3],0.25],[[599140,18.525286,49.817011,2],0.45],[[599158,18.48302,49.752419,3],0.17],[[500259,18.114362,49.539264,2],0.38],[[500291,0,0,0],0.33],[[547000,18.047353,49.557223,1],0.59],[[554049,0,0,0],0.37],[[554065,17.787781,49.695138,1],0.3],[[554171,18.003387,49.604647,2],0.09],[[554910,17.866773,49.628789,1],1.41],[[554936,18.047592,49.800422,1],1.18],[[555312,17.972636,49.703412,1],0.85],[[556858,18.082863,49.757218,1],0.57],[[568406,17.979978,49.790806,1],0.93],[[568431,18.152729,49.546979,1],0.57],[[568449,0,0,0],0.63],[[568473,18.103114,49.613357,2],0.6],[[568546,17.989756,49.63387,2],0.57],[[568554,18.076024,49.600825,2],0.14],[[568589,17.880249,49.637559,1],0.82],[[568686,18.132574,49.689142,1],0.54],[[568732,18.107297,49.563672,2],0.25],[[568741,18.095627,49.70179,1],0.75],[[568775,18.004007,49.700606,1],0.35],[[569666,17.957475,49.683,1],0.21],[[569755,18.178045,49.684846,1],0.8],[[599191,18.013636,49.594425,4],0.13],[[599212,18.054715,49.66894,2],0.26],[[599247,18.015919,49.756486,3],0.33],[[599344,18.21089,49.548445,4],0.1],[[599352,17.903301,49.712474,3],0.36],[[599409,18.023783,49.53866,2],0.21],[[599468,17.905365,49.61204,2],0.33],[[599506,18.130739,49.754094,2],0.12],[[599549,0,0,0],0.13],[[599565,18.14491,49.59957,4],0.15],[[599689,18.059792,49.536937,3],0.28],[[599701,17.83095,49.662648,3],0.3],[[599743,18.15153,49.707197,2],0.96],[[599808,18.145096,49.641036,3],0.3],[[599832,18.08701,49.657799,2],0.84],[[599867,17.722514,49.704203,1],0.83],[[599905,17.961801,49.576961,3],0.68],[[599921,18.078634,49.723516,3],0.16],[[599930,17.928263,49.65582,3],0.16],[[599948,18.117521,49.591905,3],0.31],[[599956,18.221589,49.570086,2],0.11],[[599964,18.014705,49.792766,1],0.54],[[599999,18.238113,49.520494,3],0.32],[[505927,17.894899,49.94076,5],0.15],[[506192,18.128764,49.942415,2],0.46],[[506214,18.08369,49.951819,3],0.09],[[506451,17.865664,49.791678,2],0.54],[[506460,17.629792,49.79521,3],0.14],[[506702,18.101406,49.923215,3],0.22],[[506711,0,0,0],0.73],[[506753,18.089995,49.899842,3],0.45],[[507016,18.190649,49.896627,4],0.22],[[507105,18.008393,50.00309,2],0.33],[[507261,18.054935,49.882583,2],0.13],[[507270,17.875924,49.871107,3],0.1],[[507334,18.116667,49.986735,2],0.14],[[507504,18.052227,49.98558,3],0.19],[[507580,18.004827,49.93213,3],0.26],[[507920,17.751529,49.90397,1],0.69],[[507971,18.24019,49.89052,3],0.27],[[508128,18.23613,49.906049,2],0.11],[[509574,17.960845,49.991395,2],0.3],[[509612,17.869927,49.916939,2],0.7],[[509647,18.193601,49.978666,2],0.59],[[510131,17.910595,49.818845,2],0.35],[[510289,17.836519,49.9219,2],0.4],[[510297,17.994974,49.988605,1],0.23],[[510432,18.270274,49.926122,2],0.66],[[510483,18.037518,49.95748,3],0.33],[[510491,18.012559,49.914966,2],0.14],[[511021,17.749517,49.774549,3],0.24],[[511161,17.93542,49.884925,1],0.78],[[512745,18.02101,49.814189,1],0.83],[[512869,18.087213,50.002181,1],0.22],[[512893,17.678131,49.862875,0],1.76],[[512907,18.042227,49.832445,1],0.21],[[512923,17.967589,49.959517,2],0.51],[[512974,18.144995,49.972429,1],0.5],[[547131,17.667329,49.793607,1],0.87],[[547182,18.15595,49.9129,2],0.19],[[547191,17.774912,49.923129,0],2.36],[[553042,17.708278,49.898335,0],1.14],[[553051,17.779797,49.897418,2],0.19],[[553158,17.809969,49.992379,1],0.4],[[568210,18.23942,49.94654,3],0.54],[[568228,18.222234,49.936016,2],0.77],[[568236,18.163431,49.869481,1],0.49],[[568244,18.190598,49.945634,2],0.66],[[568279,17.793425,49.877258,1],1.53],[[568317,17.770253,49.825627,1],0.42],[[568333,17.818639,49.880131,1],0.29],[[569101,18.025387,50.046244,0],1.33],[[569500,0,0,0],0.26],[[569909,17.911052,49.885738,1],1.37],[[569950,17.702213,49.782431,1],1.73],[[570036,17.820558,49.780606,1],0.24],[[545911,18.262624,49.821023,5],0.26],[[546046,18.262624,49.821023,4],0.42],[[546135,18.262624,49.821023,6],0.29],[[546224,18.262624,49.821023,5],0.14],[[554219,18.262624,49.821023,2],0.2],[[554227,18.262624,49.821023,3],0.41],[[554235,18.262624,49.821023,3],0.35],[[554243,18.262624,49.821023,2],0.14],[[554286,18.262624,49.821023,4],0.13],[[554308,18.262624,49.821023,3],0.63],[[554324,18.262624,49.821023,2],0.31],[[554332,18.262624,49.821023,2],0.33],[[554367,18.262624,49.821023,1],0.35],[[554375,18.262624,49.821023,2],0.44],[[554430,18.262624,49.821023,3],0.29],[[554537,18.262624,49.821023,3],0.32],[[554561,18.262624,49.821023,3],0.15],[[554588,18.262624,49.821023,3],0.37],[[554685,18.262624,49.821023,3],0.08],[[554715,18.262624,49.821023,2],0.08],[[554821,18.262624,49.821023,6],0.25]],"districts":[["CZ0801",0.19],["CZ0802",0.17],["CZ0803",0.22],["CZ0804",0.27],["CZ0805",0.24],["CZ0806",0.25]],"regions":[["CZ080",0.22]]}