{"reg":175,"towns":[[[500054,14.4379,50.075638,5],0.04],[[500089,14.4379,50.075638,5],0.09],[[500097,14.4379,50.075638,5],0.11],[[500119,14.4379,50.075638,6],0.07],[[500143,14.4379,50.075638,5],0.07],[[500178,14.4379,50.075638,6],0.07],[[500186,14.4379,50.075638,5],0.1],[[500208,14.4379,50.075638,6],0.07],[[500216,14.4379,50.075638,5],0.12],[[500224,14.4379,50.075638,6],0.08],[[538205,14.4379,50.075638,3],0.37],[[538213,14.4379,50.075638,4],0.03],[[538302,14.4379,50.075638,3],0.05],[[538361,14.4379,50.075638,3],0.07],[[538388,14.4379,50.075638,1],0.58],[[538400,14.4379,50.075638,2],0.29],[[538949,14.4379,50.075638,4],0.06],[[539007,14.4379,50.075638,3],0.12],[[539449,14.4379,50.075638,3],0.08],[[539601,14.4379,50.075638,3],0.13],[[539635,14.4379,50.075638,3],0.13],[[539678,14.4379,50.075638,3],0.31],[[539694,14.4379,50.075638,5],0.09],[[539724,14.4379,50.075638,3],0.07],[[539791,14.4379,50.075638,3],0.07],[[539864,14.4379,50.075638,3],0.06],[[539899,14.4379,50.075638,3],0.05],[[547034,14.4379,50.075638,5],0.07],[[547042,14.4379,50.075638,3],0.08],[[547051,14.4379,50.075638,4],0.06],[[547107,14.4379,50.075638,5],0.08],[[547115,14.4379,50.075638,2],0.09],[[547174,14.4379,50.075638,4],0.08],[[547271,14.4379,50.075638,3],0.18],[[547298,14.4379,50.075638,3],0.06],[[547301,14.4379,50.075638,3],0.11],[[547310,14.4379,50.075638,4],0.11],[[547344,14.4379,50.075638,3],0.17],[[547361,14.4379,50.075638,5],0.1],[[547387,14.4379,50.075638,5],0.05],[[547395,14.4379,50.075638,3],0.15],[[547409,14.4379,50.075638,2],0.14],[[547417,14.4379,50.075638,4],0.04],[[554782,14.4379,50.075638,7],0.08]],"districts":[["CZ0100",0.08]],"regions":[["CZ010",0.08]]}