{"reg":1001,"towns":[[[500054,14.4379,50.075638,5],0.05],[[500089,14.4379,50.075638,5],0.02],[[500097,14.4379,50.075638,5],0.05],[[500119,14.4379,50.075638,6],0.05],[[500143,14.4379,50.075638,5],0.01],[[500178,14.4379,50.075638,6],0.05],[[500186,14.4379,50.075638,5],0.03],[[500208,14.4379,50.075638,6],0.02],[[500216,14.4379,50.075638,5],0.04],[[500224,14.4379,50.075638,6],0.04],[[538213,14.4379,50.075638,4],0.11],[[538388,14.4379,50.075638,1],1.61],[[539007,14.4379,50.075638,3],0.13],[[539449,14.4379,50.075638,3],0.18],[[539694,14.4379,50.075638,5],0.03],[[547034,14.4379,50.075638,5],0.05],[[547042,14.4379,50.075638,3],0.06],[[547051,14.4379,50.075638,4],0.17],[[547107,14.4379,50.075638,5],0.04],[[547174,14.4379,50.075638,4],0.02],[[547271,14.4379,50.075638,3],0.07],[[547301,14.4379,50.075638,3],0.25],[[547310,14.4379,50.075638,4],0.06],[[547361,14.4379,50.075638,5],0.06],[[547387,14.4379,50.075638,5],0.08],[[547395,14.4379,50.075638,3],0.09],[[547417,14.4379,50.075638,4],0.07],[[554782,14.4379,50.075638,7],0.04],[[529303,14.68747,49.783882,4],0.08],[[530450,14.777499,49.728144,2],0.63],[[530760,14.801688,49.806208,1],1.03],[[530778,14.992382,49.777164,0],2.5],[[530841,14.58994,49.833579,3],0.12],[[530883,14.89891,49.706428,4],0.06],[[531031,14.840416,49.597236,0],5],[[532151,14.90175,49.822575,0],4],[[532266,14.914341,49.779125,0],5.88],[[531057,14.086384,49.967305,4],0.07],[[531189,13.902789,49.836078,3],0.1],[[531201,14.045712,49.825363,2],0.48],[[531324,13.856467,49.806602,2],0.59],[[531782,14.056714,49.895459,1],1.72],[[532053,14.106846,50.141799,5],0.01],[[532410,13.972409,50.233057,1],2.17],[[532525,14.106343,50.091291,1],0.93],[[532576,14.05469,50.168293,3],0.3],[[532819,14.087044,50.230562,4],0.04],[[533017,14.130183,50.085455,3],0.12],[[533165,15.202828,50.027429,5],0.02],[[533424,14.977137,50.003158,2],0.4],[[533513,14.977728,49.965299,1],2.38],[[533921,15.030686,49.954806,2],0.88],[[537641,15.030275,50.090527,3],0.14],[[537748,15.059361,50.09171,1],2.2],[[533955,15.268754,49.952531,4],0.07],[[534188,15.224443,49.911117,2],0.76],[[531936,14.525934,50.467953,0],2.63],[[534676,14.481881,50.354002,4],0.04],[[534765,14.450352,50.393236,2],0.66],[[534935,14.585628,50.226634,3],0.22],[[534951,14.310745,50.241745,4],0.17],[[535001,14.446855,50.407939,2],0.91],[[535087,14.517703,50.259361,4],0.11],[[535419,14.908538,50.413525,5],0.02],[[535427,14.941596,50.482406,3],0.14],[[535516,15.022906,50.504204,1],1.72],[[535966,15.01488,50.324168,1],1.75],[[536407,15.082414,50.460227,1],4.17],[[570893,15.06372,50.447959,0],1.89],[[534919,15.142899,50.213205,0],2.44],[[537004,15.04376,50.185682,4],0.05],[[537411,15.137929,50.264587,2],0.51],[[537683,15.118988,50.142525,4],0.07],[[533416,14.859324,49.994137,3],0.19],[[534781,14.643653,50.256089,2],0.97],[[538108,14.58829,50.183633,1],2.2],[[538191,14.628327,50.167854,1],0.93],[[538230,14.517993,50.178764,2],0.87],[[538493,14.709175,49.936117,3],0.14],[[538523,14.741654,49.991254,3],0.26],[[538728,14.654376,49.991778,4],0.03],[[538965,14.554314,50.173318,2],1.1],[[538981,14.63945,49.922621,3],0.25],[[539058,14.451284,50.168096,3],0.19],[[539066,14.660805,50.133721,3],0.18],[[598283,14.457979,50.186836,1],1.56],[[513458,14.504981,49.9806,3],0.29],[[539236,14.338894,50.131831,3],0.5],[[539244,14.25867,50.081679,3],0.16],[[539325,14.513602,49.968246,3],0.24],[[539333,14.493434,49.895549,3],0.13],[[539384,14.259214,50.121321,1],0.74],[[539414,14.362784,50.199129,3],0.35],[[539422,14.480724,49.924257,2],0.41],[[599735,14.411028,49.904148,2],0.55],[[540757,14.046103,49.632028,2],0.31],[[540846,14.396667,49.576649,1],1.16],[[540951,14.151959,49.742352,1],1.11],[[541281,14.426744,49.660677,3],0.43],[[541907,13.675205,50.212979,1],1.89],[[541982,13.870474,50.037956,1],0.97],[[542385,13.764601,49.964953,0],2.7],[[544248,13.73647,50.056094,2],0.64],[[598577,13.841132,50.217271,0],4.55],[[544256,14.480355,48.975758,5],0.02],[[544299,14.434092,48.921882,2],0.4],[[544485,14.434371,49.052354,3],0.13],[[545171,14.639338,48.842418,3],0.15],[[545511,14.032672,48.767465,2],0.44],[[545546,14.211239,48.854119,2],0.72],[[545881,15.006239,49.144582,4],0.03],[[546542,14.853256,49.184882,2],0.33],[[546674,14.717374,49.084786,2],0.52],[[547239,15.199439,49.158567,2],0.48],[[547280,14.877056,48.893435,3],0.24],[[547336,14.764232,49.003615,3],0.08],[[562475,15.017172,49.239826,0],4.35],[[562548,15.093296,49.195339,0],7.14],[[549240,14.158129,49.303554,5],0.05],[[549339,14.069328,49.465681,1],0.71],[[550027,14.212649,49.343828,1],0.94],[[550124,13.840431,49.089388,1],1.96],[[550167,13.829161,49.115134,2],2.22],[[550337,13.57968,49.019358,0],2.22],[[550426,14.125165,48.983641,1],2.33],[[550434,14.052436,49.005858,1],1.33],[[550451,13.930124,48.778263,1],1.69],[[550515,13.666687,49.1019,2],0.54],[[550531,13.720476,48.908412,1],2.7],[[550647,13.774586,49.052562,3],0.67],[[550671,13.886674,48.908916,3],0.23],[[536806,14.132576,49.166695,0],3.85],[[550787,13.910408,49.260504,4],0.12],[[550850,13.881864,49.424993,3],0.34],[[550957,13.8038,49.167929,1],0.79],[[551201,13.830458,49.273591,2],0.5],[[551953,14.175231,49.147997,3],0.21],[[552046,14.677566,49.413089,5],0.06],[[552054,14.468202,49.295336,3],0.12],[[552763,14.783071,49.392801,1],1.43],[[552801,14.481477,49.396884,2],0.41],[[553069,14.684908,49.385291,3],0.08],[[553085,14.798253,49.331555,0],2.5],[[563196,14.639125,49.457417,0],3.7],[[553425,12.931243,49.439803,4],0.12],[[553506,12.995414,49.586461,0],16.67],[[553654,13.101403,49.593721,3],0.2],[[553662,13.101163,49.569701,0],2.5],[[553671,12.944527,49.530286,3],0.63],[[566101,13.048969,49.585019,0],8],[[566373,12.914379,49.389227,0],4.76],[[542091,13.558075,49.057721,0],6.45],[[542148,13.499417,49.024173,0],37.5],[[555771,13.295194,49.395655,4],0.12],[[555797,13.312677,49.301709,1],1.02],[[555835,13.361712,49.410002,1],0.82],[[556041,13.171052,49.27441,1],1.64],[[556084,13.378047,49.10524,0],4.55],[[556254,13.701106,49.320794,3],0.12],[[557153,13.520509,49.231776,4],0.06],[[557455,13.29636,49.345613,1],0.62],[[540641,13.524657,49.715159,1],3.92],[[545970,13.373737,49.738531,5],0.03],[[546003,13.373737,49.738531,5],0.04],[[554791,13.373737,49.738531,6],0.02],[[558460,13.509931,49.719174,1],0.74],[[558095,13.62585,49.434661,0],2.38],[[558176,13.683735,49.579685,1],1.92],[[558249,13.333607,49.573091,3],0.1],[[558389,13.164846,49.639199,3],0.27],[[558486,13.382148,49.677894,1],1.16],[[558630,13.489551,49.483512,1],0.76],[[559172,13.181206,49.831183,1],1.49],[[559300,13.204705,49.712816,3],0.14],[[559661,13.225754,49.678509,2],0.46],[[559725,13.578439,49.837107,2],0.37],[[559768,13.763901,49.821968,0],2.94],[[559911,13.539382,49.753546,1],1.52],[[559997,13.658174,49.68793,2],0.38],[[560260,13.772729,49.860345,2],0.85],[[541702,12.692703,49.818772,1],2.13],[[560715,12.636292,49.79888,4],0.07],[[554481,12.369964,50.079633,5],0.03],[[554600,12.624853,50.010693,2],0.61],[[554707,12.445362,50.217131,1],1.49],[[554961,12.872062,50.231952,5],0.03],[[555029,13.045282,50.151007,2],0.53],[[null,0,0,0],1.56],[[555207,13.249179,50.104736,1],1.14],[[538663,12.697409,50.276819,0],5.88],[[560341,12.637158,50.243218,1],2.94],[[560413,12.602422,50.28276,1],1.96],[[560472,12.517588,50.323835,3],0.15],[[560502,12.552602,50.128978,1],1.75],[[555193,14.205036,50.696428,1],3.45],[[562335,14.212861,50.772656,5],0.14],[[562718,14.169817,50.735259,1],1.63],[[562858,14.452699,51.003793,3],0.2],[[562882,14.618348,50.911648,4],0.19],[[562947,14.335423,50.990647,1],0.91],[[562971,13.410837,50.463598,5],0.02],[[563099,13.448885,50.500627,4],0.06],[[563471,13.461343,50.420047,0],0.53],[[564567,14.130646,50.53852,4],0.05],[[564851,14.346588,50.358792,1],0.77],[[564877,14.33511,50.488694,2],1.13],[[565229,14.051142,50.515143,3],0.09],[[565300,14.281839,50.36565,1],0.97],[[565717,14.150658,50.511102,3],0.27],[[565849,13.976864,50.53909,2],0.42],[[565971,13.803455,50.354081,4],0.04],[[566012,13.628683,50.40695,0],2.17],[[566985,13.545886,50.327276,4],0.09],[[567027,