{"reg":167,"towns":[[[500054,14.4379,50.075638,5],0.03],[[500089,14.4379,50.075638,5],0.03],[[500097,14.4379,50.075638,5],0.03],[[500119,14.4379,50.075638,6],0.05],[[500143,14.4379,50.075638,5],0.02],[[500178,14.4379,50.075638,6],0.02],[[500186,14.4379,50.075638,5],0.04],[[500208,14.4379,50.075638,6],0.02],[[500224,14.4379,50.075638,6],0.04],[[538302,14.4379,50.075638,3],0.13],[[538949,14.4379,50.075638,4],0.05],[[539007,14.4379,50.075638,3],0.13],[[539678,14.4379,50.075638,3],0.14],[[539694,14.4379,50.075638,5],0.01],[[539791,14.4379,50.075638,3],0.17],[[547034,14.4379,50.075638,5],0.06],[[547051,14.4379,50.075638,4],0.06],[[547107,14.4379,50.075638,5],0.03],[[547115,14.4379,50.075638,2],0.16],[[547174,14.4379,50.075638,4],0.02],[[547271,14.4379,50.075638,3],0.07],[[547301,14.4379,50.075638,3],0.25],[[547361,14.4379,50.075638,5],0.05],[[547387,14.4379,50.075638,5],0.09],[[547417,14.4379,50.075638,4],0.07],[[554782,14.4379,50.075638,7],0.03],[[529303,14.68747,49.783882,4],0.2],[[529541,14.928256,49.810991,0],3.33],[[529770,14.99586,49.693104,0],9.52],[[530093,15.116995,49.655592,1],0.78],[[530298,14.518381,49.815795,2],0.92],[[531057,14.086384,49.967305,4],0.04],[[531235,13.880406,49.807152,1],1.3],[[531294,14.074092,50.027467,2],0.38],[[531464,14.157959,49.994962,2],0.43],[[531626,13.810119,49.780462,1],3.64],[[531847,13.885465,49.850393,2],0.76],[[532029,13.897457,49.875844,2],0.33],[[533203,14.034561,49.949911,3],0.12],[[534421,13.961126,49.895907,1],2.56],[[513041,14.011917,50.088744,1],0.75],[[532053,14.106846,50.141799,5],0.07],[[532100,14.236267,50.209825,1],1.49],[[532118,14.162098,50.18933,2],0.41],[[532185,14.154895,50.179896,1],0.86],[[532398,14.270238,50.295476,1],2.44],[[532819,14.087044,50.230562,4],0.04],[[532851,14.190956,50.171748,1],1.06],[[532860,13.96356,50.146411,3],0.16],[[532975,14.180749,50.200879,1],1.12],[[533041,14.236266,50.281619,3],0.24],[[533068,14.017251,50.327189,1],0.96],[[533157,14.154001,50.246382,1],1.47],[[541991,13.950519,50.124811,2],0.3],[[533165,15.202828,50.027429,5],0.02],[[533271,14.860919,50.074304,3],0.19],[[533572,15.239607,50.062882,1],1.14],[[533599,15.206086,50.004771,1],0.98],[[537641,15.030275,50.090527,3],0.14],[[530930,15.213391,49.824707,0],5.26],[[533955,15.268754,49.952531,4],0.1],[[533998,15.335153,49.945703,2],0.7],[[534021,15.253438,49.834712,1],1.2],[[532673,14.240487,50.234699,1],1.33],[[534676,14.481881,50.354002,4],0.04],[[534951,14.310745,50.241745,4],0.09],[[535036,14.529687,50.33257,2],0.91],[[535087,14.517703,50.259361,4],0.11],[[535265,14.515362,50.345385,2],0.8],[[535419,14.908538,50.413525,5],0.02],[[535451,14.824612,50.289261,3],0.5],[[535583,15.005584,50.406292,2],0.87],[[535869,14.875505,50.451494,1],0.96],[[535931,14.801624,50.337534,2],1],[[536024,14.944829,50.523509,1],1.18],[[536326,14.972104,50.527029,3],0.08],[[565539,14.787182,50.373175,1],1.72],[[565733,14.846482,50.344973,0],2.33],[[537004,15.04376,50.185682,4],0.05],[[537047,14.841845,50.134028,1],2.38],[[537403,15.114377,50.180061,1],1.35],[[537454,14.832919,50.201532,3],0.13],[[537781,14.871579,50.164267,2],0.93],[[537802,15.326892,50.229948,1],1.41],[[533432,14.814366,49.996652,1],0.97],[[534781,14.643653,50.256089,2],0.97],[[534986,14.65652,50.243309,1],1.23],[[538094,14.659344,50.186426,4],0.04],[[538141,14.583719,50.002617,1],1.54],[[538272,14.699337,50.115879,3],0.24],[[538311,14.411589,50.176091,3],0.19],[[538728,14.654376,49.991778,4],0.03],[[538779,14.557782,50.192538,1],1.28],[[513458,14.504981,49.9806,3],0.57],[[531723,14.234454,50.035128,3],0.23],[[539210,14.458611,49.963314,3],0.14],[[539244,14.25867,50.081679,3],0.08],[[539325,14.513602,49.968246,3],0.08],[[539708,14.234301,50.132287,2],0.81],[[539732,14.405534,49.851197,2],0.32],[[539767,14.282293,50.135539,2],0.68],[[540048,14.384043,49.80341,1],1.04],[[539911,13.999045,49.685532,5],0.02],[[540013,13.950734,49.557739,3],0.46],[[540111,14.167273,49.781238,3],0.07],[[540129,14.169935,49.657558,1],1.06],[[540374,14.138547,49.661146,1],1.85],[[540811,14.23414,49.698546,1],0.78],[[540935,13.947414,49.716261,2],0.52],[[541044,14.337472,49.554366,2],0.47],[[541281,14.426744,49.660677,3],0.26],[[541613,14.085834,49.542353,1],2.27],[[598381,14.07934,49.695809,1],0.74],[[598402,14.047452,49.672735,1],1.56],[[529699,13.551658,50.063738,0],5.56],[[541656,13.739762,50.106223,4],0.14],[[541893,13.610387,50.139748,1],0.98],[[541974,13.775232,50.172357,1],1.45],[[542164,13.900538,50.152823,3],1.02],[[542351,13.808344,50.184992,2],0.62],[[544256,14.480355,48.975758,5],0.03],[[544281,14.642367,48.898704,3],0.16],[[544451,14.631296,49.137304,1],2.27],[[544591,14.387621,49.296087,1],1.02],[[544736,14.618133,48.932311,2],0.28],[[544761,14.352239,48.949581,1],0.86],[[544779,14.608479,49.016073,3],0.15],[[544981,14.541889,48.993496,3],0.27],[[545104,14.508621,48.824139,1],1.25],[[545384,14.510527,49.20382,1],0.95],[[598615,14.525766,49.180142,0],5],[[598976,14.500943,49.233538,0],5.26],[[545392,14.317566,48.812835,4],0.11],[[545511,14.032672,48.767465,2],0.44],[[546674,14.717374,49.084786,2],0.52],[[547263,15.286981,49.185258,2],0.24],[[549240,14.158129,49.303554,5],0.07],[[549517,14.278199,49.517705,2],0.42],[[549771,14.217277,49.199591,3],0.17],[[550787,13.910408,49.260504,4],0.12],[[550850,13.881864,49.424993,3],0.11],[[551741,14.104365,49.186215,0],2],[[551970,13.886339,49.165886,3],0.64],[[552046,14.677566,49.413089,5],0.08],[[553140,14.495169,49.3797,1],1.1],[[553409,14.744794,49.272067,1],3.13],[[599000,14.513589,49.239696,0],3.7],[[553786,13.040638,49.390348,3],0.82],[[553794,12.814835,49.434948,2],0.49],[[554111,12.802721,49.510406,2],1.73],[[554138,12.806891,49.458386,2],0.61],[[554456,12.983339,49.340829,1],2.99],[[599182,12.83793,49.470477,0],3.85],[[542091,13.558075,49.057721,0],3.23],[[555771,13.295194,49.395655,4],0.15],[[555801,13.297971,49.3795,1],0.68],[[556106,13.248222,49.443368,1],0.81],[[556254,13.701106,49.320794,3],0.12],[[556637,13.402993,49.480195,2],0.8],[[557153,13.520509,49.231776,4],0.11],[[557382,13.701518,49.365032,1],1.19],[[539741,13.426875,49.649772,1],1.23],[[545970,13.373737,49.738531,5],0.03],[[546003,13.373737,49.738531,5],0.07],[[554731,13.373737,49.738531,2],0.46],[[554791,13.373737,49.738531,6],0.03],[[558966,13.49369,49.793305,2],0.32],[[559130,13.486312,49.753353,1],0.63],[[557676,13.293177,49.654933,3],0.25],[[558303,13.4146,49.579972,1],0.69],[[530336,13.389711,49.9338,1],1.64],[[559008,13.383058,49.893239,3],0.27],[[559300,13.204705,49.712816,3],0.14],[[559351,13.390465,49.934598,3],0.21],[[559504,13.323963,49.861152,1],0.97],[[559521,13.395104,49.815946,3],0.16],[[559580,13.276386,49.729991,3],0.16],[[559661,13.225754,49.678509,2],0.46],[[559679,13.419093,49.8031,3],0.2],[[566781,13.382322,50.069086,0],3.13],[[559750,13.534766,49.795629,1],0.85],[[559776,13.686921,49.715763,2],0.53],[[560120,13.605812,49.856879,2],0.43],[[560260,13.772729,49.860345,2],0.28],[[560715,12.636292,49.79888,4],0.07],[[560782,12.979175,49.829449,1],6.06],[[560898,12.597568,49.696306,1],3.03],[[560928,12.980021,49.715408,2],0.52],[[561215,13.004203,49.753048,3],0.12],[[554481,12.369964,50.079633,5],0.09],[[506486,12.924571,50.409844,0],1.89],[[554961,12.872062,50.231952,5],0.03],[[560316,12.572766,50.166437,2],1.25],[[560367,12.807697,50.138742,3],0.16],[[560383,12.747709,50.23983,4],0.09],[[560537,12.754163,50.186112,3],0.28],[[560707,12.696593,50.259197,1],3.85],[[562335,14.212861,50.772656,5],0.05],[[562394,14.417784,50.797908,3],0.16],[[562572,14.57519,50.874552,1],0.99],[[562581,14.568449,50.993471,3],0.34],[[562777,14.555255,50.953525,4],0.08],[[562858,14.452699,51.003793,3],0.2],[[562882,14.618348,50.911648,4],0.06],[[562912,14.374393,50.990885,2],1.18],[[563064,13.251454,50.510328,1],3.85],[[563102,13.271422,50.376092,4],0.13],[[563129,13.171393,50.384561,4],0.08],[[563340,13.391931,50.44104,2],0.63],[[564567,14.130646,50.53852,4],0.05],[[564575,14.341026,50.416252,2],0.76],[[564729,13.908578,50.438699,1],2.44],[[565032,14.248831,50.392685,