{"reg":103,"towns":[[[553425,12.931243,49.439803,4],0.24],[[553441,12.717718,49.591261,2],0.2],[[553450,12.989366,49.500115,2],1.06],[[553514,13.116707,49.531701,1],3.33],[[553557,12.786498,49.446373,1],0.71],[[553581,12.872799,49.455812,1],1.91],[[553654,13.101403,49.593721,3],11.58],[[553662,13.101163,49.569701,0],5],[[553671,12.944527,49.530286,3],0.78],[[553689,12.771578,49.559821,2],0.6],[[553735,12.830346,49.418088,1],0.77],[[553786,13.040638,49.390348,3],0.21],[[553794,12.814835,49.434948,2],0.86],[[553816,13.108876,49.486895,1],0.35],[[553824,13.002193,49.402659,2],0.55],[[553841,13.073059,49.590322,1],4.83],[[553859,13.13447,49.366295,0],4.44],[[553913,12.880927,49.505676,2],1.3],[[553948,12.980829,49.467066,1],1.25],[[554022,13.064248,49.597691,0],4.65],[[554111,12.802721,49.510406,2],0.52],[[554138,12.806891,49.458386,2],0.26],[[554260,13.118703,49.508409,1],2.7],[[554294,13.06931,49.553835,3],1.97],[[554341,12.929095,49.40364,1],0.61],[[554359,12.845635,49.420341,1],0.49],[[554456,12.983339,49.340829,1],0.54],[[566098,12.99704,49.615661,0],3.27],[[566101,13.048969,49.585019,0],6.38],[[599182,12.83793,49.470477,0],3.84],[[542024,13.425893,49.34251,0],3.84],[[555771,13.295194,49.395655,4],0.4],[[555801,13.297971,49.3795,1],1.52],[[555941,13.302687,49.265538,1],0.65],[[556076,13.50936,49.196383,1],2.54],[[556181,13.454657,49.169587,2],0.32],[[556254,13.701106,49.320794,3],0.56],[[556301,13.498603,49.261381,2],0.51],[[556319,13.596547,49.323206,1],1.94],[[556394,13.218239,49.345257,2],0.8],[[556432,13.556264,49.143,2],0.24],[[556467,13.439106,49.299057,2],0.22],[[556637,13.402993,49.480195,2],0.27],[[556718,13.357005,49.360477,2],0.79],[[556815,13.612383,49.172674,1],1.9],[[556831,13.143639,49.293979,3],0.92],[[556921,13.440898,49.218758,1],1.52],[[556955,13.471166,49.390036,2],0.66],[[557005,13.354485,49.447575,1],0.36],[[557099,13.684205,49.207905,1],0.79],[[557111,13.480548,49.087292,0],2.77],[[557137,13.246341,49.30337,2],1.09],[[557153,13.520509,49.231776,4],1.8],[[557161,13.739694,49.371445,1],0.68],[[557200,13.284281,49.481466,2],0.15],[[557366,13.389852,49.265299,1],0.38],[[557382,13.701518,49.365032,1],1.32],[[557455,13.29636,49.345613,1],1.7],[[557528,13.235305,49.137543,2],1.45],[[566055,13.271216,49.525544,1],0.93],[[566683,13.607113,49.224775,0],4.16],[[578088,13.230256,49.518156,0],1.78],[[578177,13.606717,49.415936,0],3.03],[[578321,13.457818,49.417621,0],1.81],[[540561,13.465091,49.730543,1],1.5],[[545970,13.373737,49.738531,5],3.64],[[545988,13.373737,49.738531,5],1.78],[[546003,13.373737,49.738531,5],3.08],[[546208,13.373737,49.738531,4],2.47],[[553590,13.477167,49.655024,0],1.16],[[554731,13.373737,49.738531,2],2.98],[[554758,13.373737,49.738531,2],4.7],[[554766,13.373737,49.738531,1],4.65],[[554774,13.373737,49.738531,2],2.87],[[554791,13.373737,49.738531,6],2.86],[[557846,13.476053,49.643095,1],0.47],[[557978,13.373737,49.738531,2],2.39],[[558001,13.448442,49.6693,2],0.33],[[558141,13.519727,49.640535,2],0.51],[[558371,13.47361,49.697786,3],1.11],[[558427,13.504047,49.675659,3],1.12],[[558460,13.509931,49.719174,1],0.43],[[558851,13.491611,49.777455,2],2.21],[[558966,13.49369,49.793305,2],3.25],[[559130,13.486312,49.753353,1],1.57],[[559199,13.373737,49.738531,1],2.46],[[530182,13.530832,49.630078,1],0.68],[[539716,13.532756,49.519592,0],2.56],[[539945,13.393513,49.552967,1],2.85],[[540269,13.292789,49.686066,1],3.57],[[540421,13.368061,49.547925,0],2.22],[[540463,13.223973,49.533675,0],3.7],[[540617,13.164824,49.603604,0],1.96],[[540676,13.603397,49.519054,0],1.29],[[546399,13.725854,49.622664,0],2.66],[[557587,13.540199,49.582303,3],0.28],[[557641,13.397992,49.648043,1],2.43],[[557650,13.683496,49.540479,1],6.64],[[557668,13.264653,49.60493,1],0.82],[[557676,13.293177,49.654933,3],0.49],[[557781,13.313337,49.632666,2],1.59],[[557838,13.202822,49.65419,3],0.57],[[557862,13.740706,49.462805,2],1.3],[[557871,13.365703,49.493815,1],1.85],[[557951,13.455391,49.540003,1],0.53],[[558010,13.608016,49.562286,0],2.94],[[558028,13.315847,49.546752,1],0.38],[[558044,13.198008,49.560538,2],0.62],[[558061,13.735393,49.506411,1],1.13],[[558095,13.62585,49.434661,0],1.31],[[558109,13.582361,49.48627,3],0.54],[[558125,13.515683,49.441098,1],0.34],[[558176,13.683735,49.579685,1],14.1],[[558249,13.333607,49.573091,3],0.41],[[558257,13.33946,49.562138,2],0.58],[[558290,13.249019,49.538655,1],0.78],[[558346,13.239149,49.576294,1],0.47],[[558362,13.605669,49.613815,3],0.79],[[558389,13.164846,49.639199,3],1.03],[[558401,13.458498,49.611889,1],2.66],[[558435,13.399739,49.670623,2],2.55],[[558486,13.382148,49.677894,1],1.61],[[558559,13.618988,49.508064,1],4.71],[[558591,13.186446,49.578482,1],0.86],[[558605,13.572958,49.551092,1],5.4],[[558630,13.489551,49.483512,1],0.34],[[566705,13.690481,49.622087,0],4],[[530221,13.103241,49.728607,0],2],[[546411,13.213823,49.701479,1],2.22],[[558656,13.059113,49.995118,1],0.7],[[558672,13.156096,49.719824,1],0.44],[[558745,13.429819,49.828513,1],3.61],[[558796,13.273369,49.896264,1],1.71],[[558834,13.448829,49.797516,1],2.57],[[558869,13.089275,49.709118,2],0.63],[[558877,13.264218,49.889081,1],0.41],[[558885,13.355689,49.84023,3],1.24],[[558915,13.44157,49.849175,2],0.55],[[558931,13.26323,49.939841,0],1.58],[[558940,13.317774,49.793052,2],0.31],[[558974,13.646002,49.97192,0],1.47],[[558991,13.512774,49.870714,0],1.92],[[559008,13.383058,49.893239,3],1.37],[[559041,13.542516,49.931343,1],0.42],[[559059,13.252214,49.763902,2],2.16],[[559067,13.541176,49.993998,2],0.97],[[559075,13.487584,49.982024,3],0.25],[[559083,13.30535,49.872448,1],0.5],[[559148,13.328535,49.821738,1],1.85],[[559164,13.257039,49.694828,3],0.56],[[559172,13.181206,49.831183,1],2.8],[[559202,13.233304,49.991884,2],0.47],[[559211,13.251189,49.77598,2],0.94],[[559237,13.364505,49.985347,1],0.5],[[559261,13.164739,49.974944,1],1.33],[[559270,13.263246,49.858193,1],3.33],[[559288,13.274982,49.822935,1],1.98],[[559300,13.204705,49.712816,3],0.97],[[559326,13.042079,49.900238,0],1.88],[[559334,13.102822,49.840507,1],1.35],[[559351,13.390465,49.934598,3],0.28],[[559423,13.146015,49.730821,1],1.63],[[559491,13.235453,49.724362,3],0.94],[[559504,13.323963,49.861152,1],0.34],[[559521,13.395104,49.815946,3],2.15],[[559571,13.00429,49.940181,1],1.25],[[559580,13.276386,49.729991,3],1.36],[[559601,13.278711,49.757083,1],0.44],[[559628,13.229541,49.841781,2],1.11],[[559661,13.225754,49.678509,2],0.56],[[559679,13.419093,49.8031,3],1.06],[[559695,13.37513,50.04502,2],0.44],[[559709,13.313289,49.840106,1],0.61],[[566756,13.235291,49.76964,1],3.4],[[566969,13.462671,49.961857,1],0.76],[[578983,13.299824,49.848699,0],1.17],[[506664,13.705369,49.677828,1],1],[[530379,13.725945,49.877208,0],1.61],[[540722,13.512935,49.799216,1],1.2],[[541061,13.688647,49.954183,0],29.16],[[541095,13.596645,49.824389,0],2.32],[[541150,13.618864,49.723772,1],3.72],[[541176,13.648336,49.759974,1],1.7],[[546526,13.698135,49.802297,1],0.7],[[546534,13.794421,49.869348,0],3.15],[[546551,13.56961,49.859837,0],1.28],[[553611,13.56469,49.766543,1],2.77],[[559717,13.592993,49.738197,4],3.83],[[559725,13.578439,49.837107,2],1.63],[[559733,13.596901,49.807642,1],0.97],[[559750,13.534766,49.795629,1],1.7],[[559776,13.686921,49.715763,2],0.93],[[559792,13.514367,49.74619,1],1.62],[[559806,13.643448,49.889578,1],1.19],[[559814,13.692566,49.776089,2],0.57],[[559822,13.65421,49.710027,3],1.66],[[559857,13.785491,49.779032,1],5.53],[[559903,13.781719,49.824356,1],0.56],[[559911,13.539382,49.753546,1],0.62],[[559920,13.631799,49.912977,0],1.66],[[559962,13.806522,49.885111,0],1.58],[[559997,13.658174,49.68793,2],0.14],[[560006,13.696075,49.920399,1],0.74],[[560014,13.734722,49.789152,2],1.39],[[560057,13.59104,49.778115,2],4.85],[[560081,13.704478,49.943339,1],1.07],[[560120,13.605812,49.856879,2],1.54],[[560162,13.757656,49.735624,3],5.84],[[560189,13.796268,49.7513,1],1.12],[[560251,13.623155,49.776171,2],0.73],[[560260,13.772729,49.860345,2],0.99],[[566799,13.560771,49.817992,1],2.85],