{"reg":142,"towns":[[[530417,14.461724,50.888706,0],6.66],[[544647,14.264287,50.820934,1],1.14,8.16,-7.02],[[544680,14.265378,50.860304,1],2],[[544701,14.231709,50.848754,0],2.7],[[545678,14.355383,50.775633,1],1.66,1.76,-0.1],[[545783,14.293376,50.769646,1],1.28,1.47,-0.19],[[545856,14.333391,50.747281,1],1.29,4.58,-3.29],[[545899,14.327018,50.725809,1],2.29,1.04,1.25],[[545929,14.340721,50.762175,1],1.78],[[546330,14.41998,50.818924,1],3.15],[[546496,14.256524,50.794169,1],4.19,3.14,1.05],[[555193,14.205036,50.696428,1],8.33,3.57,4.76],[[562335,14.212861,50.772656,5],2.46,4.86,-2.4],[[562343,14.264055,50.837124,1],2.75,1.58,1.17],[[562351,14.3125,50.741692,3],0.88,2.57,-1.69],[[562394,14.417784,50.797908,3],1.78,2.67,-0.89],[[562408,14.193259,50.714949,1],3.82,4.58,-0.76],[[562432,14.595146,50.879988,2],2.75],[[562441,14.286956,50.982619,2],0.57,1.83,-1.26],[[562483,14.291315,50.726587,1],7.47,3.26,4.21],[[562505,14.545731,50.881485,1],1.47],[[562513,14.242617,50.87451,1],2.08,4.44,-2.36],[[562521,14.303537,50.789539,1],0.97,7.2,-6.23],[[562530,14.483083,50.863346,2],0.9,1.27,-0.37],[[562564,14.103948,50.760925,3],1.87,2.96,-1.09],[[562572,14.57519,50.874552,1],6.32,6.08,0.24],[[562581,14.568449,50.993471,3],1.87,1.42,0.45],[[562611,14.510101,50.913136,3],6.45,4.86,1.59],[[562645,14.53547,50.812746,1],0.73,1.19,-0.46],[[562661,14.360332,51.011146,1],3.59,0.64,2.95],[[562700,14.270704,50.741627,1],5.18,1.8,3.38],[[562718,14.169817,50.735259,1],2.18,4.4,-2.22],[[562751,14.363794,50.965179,2],1.51,1,0.51],[[562777,14.555255,50.953525,4],2.12,1.41,0.71],[[562823,14.496283,50.950546,2],3.55,2.42,1.13],[[562858,14.452699,51.003793,3],1.14,1.33,-0.19],[[562874,14.322006,50.701933,1],3.75],[[562882,14.618348,50.911648,4],1.39,2.21,-0.82],[[562912,14.374393,50.990885,2],1.23,0.3,0.93],[[562921,14.301255,50.661245,2],1.45,1.71,-0.26],[[562947,14.335423,50.990647,1],4.98,1.35,3.63],[[566900,14.293898,50.842265,1],1.92,4.61,-2.69],[[546062,13.484983,50.463315,0],5.4],[[546518,12.986674,50.420711,0],2.7,9.09,-6.39],[[562971,13.410837,50.463598,5],1.89,2.27,-0.38],[[562980,13.50601,50.424657,0],2.56,4.25,-1.69],[[562998,13.358172,50.511799,1],5.67,3.5,2.17],[[563005,13.413447,50.540271,1],2.24,1.49,0.75],[[563013,13.420942,50.40228,2],1.59,2.67,-1.08],[[563021,13.359354,50.447783,1],1.04],[[563056,13.429205,50.430887,1],0.43],[[563072,13.498471,50.387359,1],0.82,1.85,-1.03],[[563081,13.430488,50.332881,1],0.81],[[563099,13.448885,50.500627,4],1.17,3.02,-1.85],[[563102,13.271422,50.376092,4],0.86,1.15,-0.29],[[563129,13.171393,50.384561,4],1.89,1.66,0.23],[[563137,13.053997,50.438324,2],1.68,1.62,0.06],[[563200,13.333493,50.446278,1],1.17,2.08,-0.91],[[563242,13.26742,50.447156,1],0.62,4.95,-4.33],[[563277,13.45081,50.480923,1],2.3,1.42,0.88],[[563285,13.110315,50.381769,2],5.26,0.74,4.52],[[563323,13.284757,50.298139,2],0.58,1.14,-0.56],[[563331,13.29881,50.35328,1],3.27,3.57,-0.3],[[563340,13.391931,50.44104,2],2.15,1.49,0.66],[[563382,13.457492,50.440706,2],1.48,2.09,-0.61],[[563404,13.032237,50.492426,3],0.52,0.63,-0.11],[[563412,13.37473,50.269771,1],1.23],[[563501,13.470366,50.520381,2],1.11,2.83,-1.72],[[505528,14.004486,50.483044,1],3.18,2.94,0.24],[[530506,14.109038,50.553345,0],3.94,9.3,-5.36],[[542407,14.17905,50.543317,1],4.46,2.24,2.22],[[542423,14.307446,50.360924,1],2.8],[[542482,14.32257,50.460172,0],6.12],[[542491,14.082115,50.543636,0],3.12],[[542521,14.082042,50.536682,0],7.69,4.25,3.44],[[542539,14.069206,50.519327,0],3.52,2,1.52],[[546721,14.016401,50.450166,0],2.66],[[546763,14.253325,50.556722,0],5.35],[[546771,14.07749,50.558481,0],4],[[546780,14.213625,50.559879,1],8.75,12,-3.25],[[564567,14.130646,50.53852,4],7.57,9.53,-1.96],[[564575,14.341026,50.416252,2],0.9,0.9,0],[[564591,14.150595,50.493264,3],2.83,1.43,1.4],[[564613,14.141967,50.481073,1],5,1.21,3.79],[[564621,14.145512,50.453763,2],1.17,1.13,0.04],[[564648,14.216366,50.360615,1],3.88,3.52,0.36],[[564656,14.126018,50.404377,2],1.7,0.87,0.83],[[564672,14.307223,50.374801,1],4.59],[[564699,14.059049,50.445046,0],1.92],[[564711,14.028506,50.484284,2],3.87,4,-0.13],[[564729,13.908578,50.438699,1],2.67],[[564745,14.29389,50.437691,1],7.94,0.64,7.3],[[564753,14.16124,50.454991,1],3.73,2.32,1.41],[[564834,14.028989,50.384155,1],1],[[564842,14.10679,50.572465,1],1.13,7.27,-6.14],[[564851,14.346588,50.358792,1],0.79,0.97,-0.18],[[564877,14.33511,50.488694,2],2.54,1.35,1.19],[[564893,14.230906,50.462572,1],0.66,0.83,-0.17],[[564923,14.250171,50.47327,1],0.47,0.72,-0.25],[[564931,13.993372,50.463209,0],6.66],[[564940,14.085254,50.439891,1],4.09],[[564958,14.000996,50.548326,1],2.06,3.84,-1.78],[[565016,14.101914,50.480149,1],3.6],[[565024,14.006583,50.43154,1],1.82,1.36,0.46],[[565032,14.248831,50.392685,1],2.92,1.41,1.51],[[565059,14.333177,50.383135,1],1.7],[[565067,14.301425,50.405474,1],2.58],[[565075,13.980842,50.394622,1],0.85],[[565083,14.21461,50.522692,2],3.55,6.41,-2.86],[[565091,14.285987,50.448307,1],1.94,1.69,0.25],[[565113,14.047429,50.525685,1],2.67,1.38,1.29],[[565121,14.289175,50.568962,2],3.43,2.48,0.95],[[565148,14.342424,50.392532,1],0.68,1.7,-1.02],[[565156,14.039146,50.566669,1],6.39,4.59,1.8],[[565164,14.044498,50.406368,3],3.37,2.21,1.16],[[565172,14.229354,50.477022,1],5.44,4.49,0.95],[[565211,14.263257,50.621676,1],2.85],[[565229,14.051142,50.515143,3],3.62,1.4,2.22],[[565237,14.085804,50.501745,1],1.72,6.41,-4.69],[[565245,14.05484,50.534078,1],1.59,2.92,-1.33],[[565253,14.152928,50.372805,1],2,1.29,0.71],[[565296,14.11933,50.526999,0],2,1.85,0.15],[[565300,14.281839,50.36565,1],2.51,2.53,-0.02],[[565318,14.127166,50.362321,2],2.2,0.64,1.56],[[565342,14.179516,50.447702,1],1.26,1,0.26],[[565393,14.198588,50.56034,1],3.07,7.01,-3.94],[[565415,13.948396,50.472089,1],1.2,2.35,-1.15],[[565431,14.264579,50.50573,2],2.47,3.95,-1.48],[[565474,14.193965,50.403615,1],2.63],[[565482,14.351181,50.461398,1],2.7,3.57,-0.87],[[565521,14.068389,50.41107,1],2.53,1.78,0.75],[[565555,14.260565,50.425305,4],2.69,1.67,1.02],[[565598,14.071012,50.478454,1],4.2],[[565610,14.387857,50.503633,1],2.9,2.61,0.29],[[565679,14.249643,50.363689,2],1.32,1.52,-0.2],[[565695,14.037519,50.498891,1],3.89,2.19,1.7],[[565709,14.374322,50.453087,3],2.28,3.39,-1.11],[[565717,14.150658,50.511102,3],4.89,2.56,2.33],[[565741,14.189878,50.503389,1],2.87,5.33,-2.46],[[565768,13.990159,50.476429,2],4.64,1.37,3.27],[[565776,13.899372,50.45817,1],3.32,1,2.32],[[565792,14.20553,50.599744,1],4.45,1.16,3.29],[[565806,14.035645,50.463202,1],5,3.33,1.67],[[565814,14.34769,50.585804,3],3.56,1.61,1.95],[[565831,14.254008,50.43399,1],2.22,3.76,-1.54],[[565849,13.976864,50.53909,2],2.26,1.43,0.83],[[565857,14.063884,50.539512,1],4.16,5.47,-1.31],[[565865,14.020198,50.510608,1],3.84,2.5,1.34],[[565873,13.955542,50.497071,0],1.66],[[565881,14.268153,50.373533,1],2.08,3.7,-1.62],[[565890,14.286605,50.4833,1],2,2.35,-0.35],[[565903,14.084782,50.462705,1],4.5],[[565911,14.289857,50.502216,1],2.94,3.44,-0.5],[[565946,14.091474,50.523199,1],0.97,3.7,-2.73],[[565954,14.233166,50.446388,1],2.38,1.17,1.21],[[565962,14.156757,50.555387,2],4.72,7.25,-2.53],[[530557,13.784625,50.45686,0],2.27,5.88,-3.61],[[530590,13.513599,50.33349,1],1.14,3.15,-2.01],[[542547,13.852757,50.347086,1],1.31,1.85,-0.54],[[542571,13.812247,50.332834,2],0.58,0.38,0.2],[[542580,13.863081,50.373356,1],0.82,1.04,-0.22],[[542628,13.845324,50.361485,2],1.08,1.21,-0.13],[[543128,13.571151,50.349927,1],3.09,1.52,1.57],[[546011,13.747256,50.320403,1],2.85,1.28,1.57],[[546178,13.949094,50.298161,0],3.84],[[546861,13.794844,50.370197,2],1.6,0.87,0.73],[[546879,13.800031,50.312594,1],0.62,8.24,-7.62],[[546887,13.842119,50.368582,0],3.37,2.56,0.81],[[546895,13.801725,50.295025,0],4.65],[[565971,13.803455,50.354081,4],1.84,1.93,-0.09],[[565997,13.640793,50.37326,1],1.09],[[566004,13.389809,50.097026,1],1.58,3.5,-1.92],[[566012,13.628683,50.40695,0],4.91,1.88,3.03],[[566021,13.471313,50.217441,1],0.7,2.46,-1.76],[[566063,13.721648,50.401253,1],1.36,2.32,-0.96],