{"reg":143,"towns":[[[553450,12.989366,49.500115,2],0.26],[[553549,12.858904,49.369488,1],0.63],[[553581,12.872799,49.455812,1],1.27],[[553654,13.101403,49.593721,3],0.16],[[553671,12.944527,49.530286,3],0.15],[[553689,12.771578,49.559821,2],0.3],[[553786,13.040638,49.390348,3],0.16],[[553948,12.980829,49.467066,1],0.41],[[554006,12.720642,49.436663,1],1.85],[[554111,12.802721,49.510406,2],0.52],[[554138,12.806891,49.458386,2],0.26],[[554189,12.676863,49.512872,0],1.92],[[554294,13.06931,49.553835,3],0.09],[[554413,12.955437,49.623677,0],2.17],[[554464,13.002035,49.434161,1],0.27],[[566179,13.051832,49.464875,0],1.49],[[541753,13.228504,49.491162,0],1.28],[[541923,13.61746,49.348864,0],1.85],[[553522,13.511527,49.335115,0],2.08],[[555771,13.295194,49.395655,4],0.33],[[555801,13.297971,49.3795,1],0.3],[[555835,13.361712,49.410002,1],1.18],[[555894,13.58477,49.283469,1],0.73],[[555941,13.302687,49.265538,1],0.65],[[556076,13.50936,49.196383,1],0.84],[[556394,13.218239,49.345257,2],0.32],[[556629,13.652357,49.330621,1],1.76],[[556718,13.357005,49.360477,2],0.79],[[556734,13.572532,49.414314,1],0.68],[[556751,13.546557,49.331486,2],0.8],[[556831,13.143639,49.293979,3],0.35],[[556955,13.471166,49.390036,2],0.16],[[557005,13.354485,49.447575,1],0.36],[[557129,13.640501,49.179345,1],0.99],[[557153,13.520509,49.231776,4],0.13],[[557200,13.284281,49.481466,2],0.3],[[557374,13.668052,49.299235,1],2.63],[[557382,13.701518,49.365032,1],0.88],[[557455,13.29636,49.345613,1],0.68],[[557463,13.49054,49.337465,1],0.8],[[557528,13.235305,49.137543,2],0.48],[[557536,13.631095,49.215645,1],0.76],[[557544,13.627949,49.267334,1],0.47],[[545970,13.373737,49.738531,5],0.26],[[545988,13.373737,49.738531,5],0.31],[[546003,13.373737,49.738531,5],0.33],[[546208,13.373737,49.738531,4],0.31],[[554758,13.373737,49.738531,2],0.58],[[554774,13.373737,49.738531,2],0.2],[[554791,13.373737,49.738531,6],0.31],[[557978,13.373737,49.738531,2],0.34],[[558001,13.448442,49.6693,2],0.33],[[558371,13.47361,49.697786,3],0.18],[[558427,13.504047,49.675659,3],0.24],[[558460,13.509931,49.719174,1],3.01],[[558966,13.49369,49.793305,2],0.29],[[559130,13.486312,49.753353,1],0.31],[[559199,13.373737,49.738531,1],0.61],[[539821,13.32708,49.612427,1],0.8],[[539937,13.431498,49.510567,0],2.5],[[539945,13.393513,49.552967,1],1.9],[[540528,13.470115,49.584402,0],2.77],[[540633,13.154585,49.672114,1],1.13],[[542296,13.316677,49.531654,0],1.17],[[553565,13.555643,49.435798,0],4.54],[[557676,13.293177,49.654933,3],0.12],[[557781,13.313337,49.632666,2],0.14],[[557871,13.365703,49.493815,1],0.92],[[558028,13.315847,49.546752,1],0.38],[[558044,13.198008,49.560538,2],0.62],[[558061,13.735393,49.506411,1],0.37],[[558109,13.582361,49.48627,3],0.18],[[558249,13.333607,49.573091,3],0.09],[[558257,13.33946,49.562138,2],0.29],[[558311,13.504999,49.588075,1],1.03],[[558362,13.605669,49.613815,3],0.22],[[558389,13.164846,49.639199,3],0.1],[[558435,13.399739,49.670623,2],0.17],[[558486,13.382148,49.677894,1],0.4],[[558494,13.119336,49.661704,1],1.31],[[558567,13.249051,49.645645,1],1.75],[[558591,13.186446,49.578482,1],1.73],[[558630,13.489551,49.483512,1],0.34],[[558745,13.429819,49.828513,1],0.6],[[558788,13.472466,49.807924,1],2.97],[[558834,13.448829,49.797516,1],0.42],[[558869,13.089275,49.709118,2],0.84],[[558940,13.317774,49.793052,2],0.63],[[558982,13.474387,49.872569,0],1.35],[[559008,13.383058,49.893239,3],0.39],[[559024,13.464495,49.943303,0],1.53],[[559059,13.252214,49.763902,2],0.36],[[559075,13.487584,49.982024,3],0.16],[[559083,13.30535,49.872448,1],0.5],[[559121,13.237025,49.862066,0],2.85],[[559148,13.328535,49.821738,1],0.37],[[559164,13.257039,49.694828,3],0.28],[[559211,13.251189,49.77598,2],0.18],[[559237,13.364505,49.985347,1],0.5],[[559288,13.274982,49.822935,1],2.97],[[559300,13.204705,49.712816,3],0.32],[[559318,13.413718,49.889575,1],0.47],[[559351,13.390465,49.934598,3],0.38],[[559369,13.17685,49.774084,1],1.63],[[559491,13.235453,49.724362,3],0.11],[[559521,13.395104,49.815946,3],0.33],[[559555,13.148283,49.760902,1],0.61],[[559571,13.00429,49.940181,1],1.25],[[559580,13.276386,49.729991,3],0.36],[[559628,13.229541,49.841781,2],1.48],[[559661,13.225754,49.678509,2],0.18],[[559679,13.419093,49.8031,3],0.31],[[559695,13.37513,50.04502,2],0.22],[[566446,13.290472,49.893909,1],1.09],[[566543,13.219142,49.748125,0],1.75],[[566594,13.195175,49.788854,0],3.12],[[566756,13.235291,49.76964,1],0.56],[[566781,13.382322,50.069086,0],2.56],[[566969,13.462671,49.961857,1],0.76],[[567086,13.304241,49.811806,1],1.21],[[540803,13.65979,49.935789,0],3.22],[[546551,13.56961,49.859837,0],1.28],[[553611,13.56469,49.766543,1],0.55],[[559717,13.592993,49.738197,4],0.25],[[559750,13.534766,49.795629,1],0.42],[[559768,13.763901,49.821968,0],1.56],[[559776,13.686921,49.715763,2],0.46],[[559792,13.514367,49.74619,1],0.4],[[559814,13.692566,49.776089,2],0.19],[[559822,13.65421,49.710027,3],0.2],[[559903,13.781719,49.824356,1],0.56],[[559997,13.658174,49.68793,2],0.42],[[560006,13.696075,49.920399,1],0.74],[[560014,13.734722,49.789152,2],0.19],[[560057,13.59104,49.778115,2],1.02],[[560081,13.704478,49.943339,1],1.07],[[560227,13.652523,49.868769,0],1.35],[[560260,13.772729,49.860345,2],0.24],[[566837,13.574993,49.877038,0],1.92],[[541362,12.654668,49.890602,1],1.85],[[541494,12.947328,49.878396,1],2.32],[[541681,12.856261,49.772115,0],3.57],[[541702,12.692703,49.818772,1],1.02],[[557081,13.041764,49.739789,1],1.38],[[560715,12.636292,49.79888,4],0.03],[[560758,12.775276,49.711706,3],0.1],[[560812,12.883925,49.816245,2],0.32],[[560839,12.62858,49.768405,1],1.35],[[560898,12.597568,49.696306,1],1.03],[[560901,12.730254,49.893323,2],0.24],[[560928,12.980021,49.715408,2],0.21],[[560979,12.997365,49.80252,0],1.58],[[561134,12.743897,49.868267,3],0.29],[[561215,13.004203,49.753048,3],0.29],[[579467,12.990454,49.657074,0],2.63]],"districts":[["CZ0321",0.12],["CZ0322",0.27],["CZ0323",0.3],["CZ0324",0.17],["CZ0325",0.3],["CZ0326",0.25],["CZ0327",0.19]],"regions":[["CZ032",null]]}