{"reg":164,"towns":[[[530395,14.363559,50.80461,0],1.75],[[530417,14.461724,50.888706,0],2.22],[[544647,14.264287,50.820934,1],1.14],[[544680,14.265378,50.860304,1],5],[[544701,14.231709,50.848754,0],1.35],[[545678,14.355383,50.775633,1],3.33],[[545708,14.314344,51.019574,1],1.47],[[545791,14.339205,50.684307,0],1.72],[[545929,14.340721,50.762175,1],1.78],[[546348,14.352834,50.820458,1],1.11],[[546496,14.256524,50.794169,1],0.76],[[555193,14.205036,50.696428,1],3.47],[[562335,14.212861,50.772656,5],1.56],[[562343,14.264055,50.837124,1],1.83],[[562351,14.3125,50.741692,3],2.22],[[562394,14.417784,50.797908,3],0.92],[[562408,14.193259,50.714949,1],1.91],[[562432,14.595146,50.879988,2],2.2],[[562441,14.286956,50.982619,2],1.44],[[562505,14.545731,50.881485,1],1.96],[[562513,14.242617,50.87451,1],10.41],[[562521,14.303537,50.789539,1],0.97],[[562530,14.483083,50.863346,2],1.5],[[562556,14.394022,50.852494,1],3.12],[[562564,14.103948,50.760925,3],0.86],[[562572,14.57519,50.874552,1],1.68],[[562581,14.568449,50.993471,3],1.64],[[562611,14.510101,50.913136,3],1.17],[[562645,14.53547,50.812746,1],1.47],[[562661,14.360332,51.011146,1],0.59],[[562700,14.270704,50.741627,1],0.74],[[562718,14.169817,50.735259,1],3.05],[[562751,14.363794,50.965179,2],0.86],[[562777,14.555255,50.953525,4],1.65],[[562793,14.515148,50.880068,1],1.17],[[562823,14.496283,50.950546,2],1.97],[[562858,14.452699,51.003793,3],2.5],[[562874,14.322006,50.701933,1],2.5],[[562882,14.618348,50.911648,4],1.51],[[562891,14.396877,50.730538,1],1.88],[[562912,14.374393,50.990885,2],1.73],[[562921,14.301255,50.661245,2],0.97],[[562939,14.37384,50.784784,1],1.21],[[562947,14.335423,50.990647,1],2.29],[[566900,14.293898,50.842265,1],0.96],[[562971,13.410837,50.463598,5],0.53],[[562980,13.50601,50.424657,0],3.84],[[563013,13.420942,50.40228,2],0.63],[[563021,13.359354,50.447783,1],0.52],[[563056,13.429205,50.430887,1],0.86],[[563081,13.430488,50.332881,1],0.81],[[563099,13.448885,50.500627,4],0.87],[[563102,13.271422,50.376092,4],1.15],[[563111,13.322071,50.577837,0],1.86],[[563129,13.171393,50.384561,4],1.27],[[563137,13.053997,50.438324,2],1.01],[[563218,13.280572,50.262382,1],1.58],[[563242,13.26742,50.447156,1],1.25],[[563277,13.45081,50.480923,1],0.38],[[563285,13.110315,50.381769,2],1.05],[[563293,13.349824,50.321219,0],1.66],[[563323,13.284757,50.298139,2],0.29],[[563340,13.391931,50.44104,2],1.34],[[563358,13.530649,50.471126,1],0.41],[[563382,13.457492,50.440706,2],0.29],[[563404,13.032237,50.492426,3],0.92],[[563439,13.312156,50.301078,1],1.86],[[563471,13.461343,50.420047,0],2.22],[[563501,13.470366,50.520381,2],0.55],[[505528,14.004486,50.483044,1],3.18],[[542407,14.17905,50.543317,1],3.57],[[542423,14.307446,50.360924,1],2.8],[[542491,14.082115,50.543636,0],1.56],[[546691,13.969778,50.443126,0],1.35],[[546721,14.016401,50.450166,0],2.66],[[546755,14.301296,50.461941,0],3.84],[[546810,14.187346,50.583028,0],6.66],[[546852,14.243217,50.454495,0],1.42],[[564567,14.130646,50.53852,4],1.54],[[564575,14.341026,50.416252,2],1.2],[[564591,14.150595,50.493264,3],0.73],[[564613,14.141967,50.481073,1],3.33],[[564648,14.216366,50.360615,1],0.97],[[564656,14.126018,50.404377,2],1.28],[[564672,14.307223,50.374801,1],2.29],[[564711,14.028506,50.484284,2],1.93],[[564729,13.908578,50.438699,1],1.78],[[564745,14.29389,50.437691,1],0.83],[[564753,14.16124,50.454991,1],1.49],[[564770,14.320808,50.525222,1],5.33],[[564818,14.190273,50.424637,1],4.68],[[564842,14.10679,50.572465,1],1.13],[[564851,14.346588,50.358792,1],1.58],[[564877,14.33511,50.488694,2],1.17],[[564923,14.250171,50.47327,1],0.94],[[564931,13.993372,50.463209,0],1.66],[[564940,14.085254,50.439891,1],0.81],[[564958,14.000996,50.548326,1],2.06],[[565024,14.006583,50.43154,1],0.91],[[565032,14.248831,50.392685,1],0.58],[[565059,14.333177,50.383135,1],0.85],[[565067,14.301425,50.405474,1],1.47],[[565075,13.980842,50.394622,1],2.56],[[565083,14.21461,50.522692,2],2.51],[[565105,14.284017,50.613935,0],2],[[565121,14.289175,50.568962,2],1.58],[[565148,14.342424,50.392532,1],2.04],[[565156,14.039146,50.566669,1],1.36],[[565164,14.044498,50.406368,3],1.51],[[565172,14.229354,50.477022,1],1.36],[[565211,14.263257,50.621676,1],0.71],[[565229,14.051142,50.515143,3],1.79],[[565245,14.05484,50.534078,1],0.63],[[565253,14.152928,50.372805,1],4],[[565296,14.11933,50.526999,0],4],[[565300,14.281839,50.36565,1],2.51],[[565318,14.127166,50.362321,2],2.2],[[565342,14.179516,50.447702,1],1.89],[[565415,13.948396,50.472089,1],1.2],[[565431,14.264579,50.50573,2],1.23],[[565458,14.032075,50.569522,1],1],[[565474,14.193965,50.403615,1],2.63],[[565482,14.351181,50.461398,1],0.9],[[565491,14.218727,50.373201,1],2.6],[[565521,14.068389,50.41107,1],5.06],[[565555,14.260565,50.425305,4],2.57],[[565598,14.071012,50.478454,1],2.52],[[565610,14.387857,50.503633,1],2.07],[[565679,14.249643,50.363689,2],2.12],[[565695,14.037519,50.498891,1],1.94],[[565709,14.374322,50.453087,3],3.07],[[565717,14.150658,50.511102,3],2.32],[[565741,14.189878,50.503389,1],1.14],[[565768,13.990159,50.476429,2],3.31],[[565776,13.899372,50.45817,1],1.81],[[565792,14.20553,50.599744,1],5.73],[[565814,14.34769,50.585804,3],1.65],[[565831,14.254008,50.43399,1],0.63],[[565849,13.976864,50.53909,2],1.32],[[565857,14.063884,50.539512,1],3.12],[[565865,14.020198,50.510608,1],1.92],[[565881,14.268153,50.373533,1],5.55],[[565903,14.084782,50.462705,1],1.8],[[565938,14.091136,50.413264,1],2.7],[[565954,14.233166,50.446388,1],0.79],[[565962,14.156757,50.555387,2],3.07],[[530565,13.876828,50.464261,0],3.03],[[530581,13.494015,50.308851,1],1.25],[[530590,13.513599,50.33349,1],0.57],[[530603,13.604272,50.321307,0],3.44],[[542547,13.852757,50.347086,1],1.31],[[542628,13.845324,50.361485,2],0.86],[[543128,13.571151,50.349927,1],0.51],[[546011,13.747256,50.320403,1],1.42],[[546178,13.949094,50.298161,0],7.69],[[546861,13.794844,50.370197,2],0.6],[[546879,13.800031,50.312594,1],1.25],[[565971,13.803455,50.354081,4],0.42],[[566021,13.471313,50.217441,1],1.06],[[566063,13.721648,50.401253,1],1.36],[[566187,13.563098,50.277534,1],1.29],[[566241,13.859103,50.39887,1],1.73],[[566284,13.944037,50.403319,1],0.51],[[566314,13.426708,50.174477,2],0.97],[[566349,13.838289,50.452574,1],0.8],[[566357,13.621573,50.293667,1],1.38],[[566438,13.313301,50.132182,2],0.67],[[566454,13.537482,50.26677,2],0.91],[[566501,13.313325,50.218181,1],1.83],[[566519,13.474941,50.339745,1],0.69],[[566535,13.917056,50.295028,1],0.86],[[566551,13.959969,50.342609,2],1.23],[[566560,13.446526,50.127625,1],1.22],[[566616,13.41203,50.229475,3],0.45],[[566624,13.70302,50.359895,3],1.16],[[566713,13.907818,50.350713,1],1.45],[[566721,13.848572,50.308774,1],0.64],[[566870,13.563783,50.402684,1],3.27],[[566896,13.875325,50.353316,1],1.66],[[566918,13.822865,50.265764,0],1.14],[[566934,13.37997,50.180096,2],0.45],[[566951,13.670442,50.394975,1],3.73],[[566977,13.766026,50.299412,1],0.82],[[566985,13.545886,50.327276,4],1.34],[[546437,13.690498,50.434989,0],2.7],[[567027,13.633012,50.501655,5],1.27],[[567043,13.717955,50.449824,2],0.42],[[567051,13.762928,50.449262,0],1.49],[[567060,13.700283,50.543055,2],0.89],[[567078,13.390831,50.63211,0],0.94],[[567108,13.547489,50.70759,0],5.71],[[567141,13.598881,50.450149,1],2.27],[[567167,13.436834,50.606416,1],2.05],[[567175,13.547284,50.5732,2],0.37],[[567191,13.548232,50.638349,0],5.26],[[567256,13.610342,50.598526,4],3.53],[[567264,13.657403,50.593384,3],4.07],[[567272,13.636592,50.587967,1],0.93],[[567299,13.560308,50.462594,0],1.26],[[567302,13.665101,50.574142,1],5.62],[[567311,13.598813,50.62126,3],1.77],[[567329,13.482558,50.594847,1],1.93],[[567337,13.695511,50.505083,2],0.89],[[567353,13.652795,50.444544,0],4.12],[[567361,13.754506,50.465729,0],4.54],[[567426,13.726169,50.527718,1],1.44],[[546909,13.885519,50.528228,0],3.17],[[567442,13.835384,50.644558,5],3.12],[[567451,13.775459,50.548647,4],1.13],[[567469,13.929313,50.579462,1],4.37],[[567477,13.8643,50.628776,2],3.73],[[567485,13.879624,50.589151,1],