{"reg":172,"towns":[[[553425,12.931243,49.439803,4],0.44],[[553441,12.717718,49.591261,2],1.04],[[553450,12.989366,49.500115,2],1.06],[[553549,12.858904,49.369488,1],0.63],[[553573,12.758259,49.52424,0],3.84],[[553581,12.872799,49.455812,1],0.63],[[553654,13.101403,49.593721,3],0.97],[[553671,12.944527,49.530286,3],0.46],[[553689,12.771578,49.559821,2],0.91],[[553727,13.13077,49.467282,0],1.75],[[553735,12.830346,49.418088,1],1.55],[[553743,13.083271,49.358456,1],0.75],[[553786,13.040638,49.390348,3],0.27],[[553794,12.814835,49.434948,2],0.43],[[553816,13.108876,49.486895,1],0.7],[[553832,13.021618,49.53926,0],5.26],[[553841,13.073059,49.590322,1],3.22],[[553859,13.13447,49.366295,0],6.66],[[553867,13.112222,49.367168,0],1.92],[[553891,12.897685,49.458913,1],1.43],[[553913,12.880927,49.505676,2],0.86],[[553921,13.103952,49.411826,0],1.96],[[553930,12.905124,49.624867,0],1.92],[[553948,12.980829,49.467066,1],1.67],[[553956,12.881612,49.589255,1],1.31],[[553981,12.951311,49.403252,2],0.25],[[554090,12.831288,49.398684,0],1.14],[[554111,12.802721,49.510406,2],0.26],[[554120,13.133597,49.343523,1],1.47],[[554138,12.806891,49.458386,2],0.53],[[554154,13.019504,49.553725,1],2.19],[[554251,12.987415,49.414624,0],1.09],[[554294,13.06931,49.553835,3],0.94],[[554341,12.929095,49.40364,1],0.61],[[554383,12.869668,49.435642,1],1.63],[[554405,13.127071,49.396955,0],2.77],[[554464,13.002035,49.434161,1],1.09],[[554472,12.854517,49.461029,0],1.51],[[566080,13.021847,49.585171,0],5.88],[[566098,12.99704,49.615661,0],1.63],[[566136,13.04969,49.382698,1],2.27],[[566144,13.072809,49.475118,0],3.44],[[566276,12.739958,49.518986,0],6.06],[[566365,13.131214,49.527617,1],5],[[566373,12.914379,49.389227,0],10],[[541788,13.176854,49.425079,1],1.33],[[541796,13.6748,49.28948,0],6.25],[[541826,13.694293,49.266995,0],6.34],[[541851,13.233291,49.333543,0],4.76],[[541885,13.264018,49.347334,1],1.68],[[541931,13.642076,49.413124,0],1.66],[[541958,13.627031,49.400933,0],3.57],[[542024,13.425893,49.34251,0],1.92],[[542083,13.48178,49.361927,0],3.33],[[542091,13.558075,49.057721,0],3.57],[[542148,13.499417,49.024173,0],8.57],[[542172,13.294553,49.501992,0],1.08],[[553522,13.511527,49.335115,0],2.08],[[555771,13.295194,49.395655,4],0.92],[[555797,13.312677,49.301709,1],2.37],[[555801,13.297971,49.3795,1],3.66],[[555835,13.361712,49.410002,1],1.97],[[555894,13.58477,49.283469,1],1.47],[[555941,13.302687,49.265538,1],1.3],[[556041,13.171052,49.27441,1],1.8],[[556076,13.50936,49.196383,1],1.27],[[556084,13.378047,49.10524,0],5.88],[[556106,13.248222,49.443368,1],1.68],[[556254,13.701106,49.320794,3],1.07],[[556319,13.596547,49.323206,1],1.94],[[556335,13.717463,49.405001,1],1.09],[[556378,13.17397,49.466785,1],0.44],[[556386,13.100904,49.29315,1],2.01],[[556394,13.218239,49.345257,2],0.8],[[556432,13.556264,49.143,2],0.73],[[556467,13.439106,49.299057,2],0.22],[[556629,13.652357,49.330621,1],1.17],[[556637,13.402993,49.480195,2],1.64],[[556718,13.357005,49.360477,2],1.19],[[556734,13.572532,49.414314,1],0.68],[[556751,13.546557,49.331486,2],1.33],[[556815,13.612383,49.172674,1],0.95],[[556831,13.143639,49.293979,3],1.2],[[556912,13.632835,49.373007,1],0.64],[[556955,13.471166,49.390036,2],0.99],[[557005,13.354485,49.447575,1],0.36],[[557013,13.617715,49.280848,1],1.44],[[557099,13.684205,49.207905,1],1.58],[[557129,13.640501,49.179345,1],1.98],[[557137,13.246341,49.30337,2],0.82],[[557153,13.520509,49.231776,4],0.63],[[557161,13.739694,49.371445,1],0.68],[[557200,13.284281,49.481466,2],0.91],[[557366,13.389852,49.265299,1],0.77],[[557382,13.701518,49.365032,1],3.53],[[557455,13.29636,49.345613,1],0.68],[[557463,13.49054,49.337465,1],0.8],[[557528,13.235305,49.137543,2],0.72],[[557536,13.631095,49.215645,1],0.38],[[557544,13.627949,49.267334,1],0.47],[[566055,13.271216,49.525544,1],3.73],[[566683,13.607113,49.224775,0],12.5],[[578088,13.230256,49.518156,0],3.57],[[578240,13.160547,49.215418,0],3.33],[[578312,13.515763,49.381199,0],2.43],[[578321,13.457818,49.417621,0],1.81],[[578410,13.653942,49.393065,0],5],[[578436,13.744269,49.38787,0],3.63],[[578461,13.254671,49.488506,0],4.76],[[578495,13.605991,49.253746,0],5.55],[[540561,13.465091,49.730543,1],2.5],[[540641,13.524657,49.715159,1],3.79],[[545970,13.373737,49.738531,5],0.85],[[545988,13.373737,49.738531,5],0.65],[[546003,13.373737,49.738531,5],0.86],[[546208,13.373737,49.738531,4],0.82],[[554731,13.373737,49.738531,2],0.39],[[554758,13.373737,49.738531,2],1.37],[[554766,13.373737,49.738531,1],1.16],[[554774,13.373737,49.738531,2],1.02],[[554791,13.373737,49.738531,6],0.82],[[557846,13.476053,49.643095,1],0.47],[[557978,13.373737,49.738531,2],2.39],[[558001,13.448442,49.6693,2],1.65],[[558141,13.519727,49.640535,2],0.51],[[558371,13.47361,49.697786,3],1.11],[[558427,13.504047,49.675659,3],1.62],[[558460,13.509931,49.719174,1],0.86],[[558851,13.491611,49.777455,2],1.77],[[558966,13.49369,49.793305,2],0.59],[[559130,13.486312,49.753353,1],0.31],[[578606,13.52891,49.70137,0],1.4],[[530140,13.566047,49.643171,0],1.4],[[530182,13.530832,49.630078,1],3.42],[[539716,13.532756,49.519592,0],1.28],[[539783,13.274335,49.579961,1],0.72],[[539821,13.32708,49.612427,1],0.8],[[539937,13.431498,49.510567,0],1.25],[[539945,13.393513,49.552967,1],0.95],[[540251,13.47254,49.557261,0],1.92],[[540269,13.292789,49.686066,1],5.95],[[540293,13.220352,49.544137,0],3.57],[[540340,13.429246,49.630199,1],1.65],[[540412,13.396669,49.624495,0],1.14],[[540421,13.368061,49.547925,0],2.22],[[540617,13.164824,49.603604,0],3.92],[[540633,13.154585,49.672114,1],3.4],[[540676,13.603397,49.519054,0],1.29],[[542156,13.302442,49.525208,0],0.97],[[542296,13.316677,49.531654,0],1.17],[[546372,13.158861,49.537495,0],2.56],[[557587,13.540199,49.582303,3],0.28],[[557641,13.397992,49.648043,1],1.46],[[557650,13.683496,49.540479,1],0.73],[[557668,13.264653,49.60493,1],2.46],[[557676,13.293177,49.654933,3],0.93],[[557684,13.34434,49.602031,1],3.1],[[557731,13.121483,49.635159,1],0.56],[[557781,13.313337,49.632666,2],0.86],[[557803,13.520152,49.547648,1],2.4],[[557838,13.202822,49.65419,3],1.72],[[557862,13.740706,49.462805,2],0.18],[[557871,13.365703,49.493815,1],0.92],[[557951,13.455391,49.540003,1],0.53],[[558028,13.315847,49.546752,1],1.14],[[558044,13.198008,49.560538,2],1.88],[[558052,13.605014,49.469232,1],3.59],[[558061,13.735393,49.506411,1],0.75],[[558109,13.582361,49.48627,3],0.99],[[558176,13.683735,49.579685,1],1.28],[[558249,13.333607,49.573091,3],1.07],[[558257,13.33946,49.562138,2],1.17],[[558265,13.18506,49.531607,0],1.25],[[558290,13.249019,49.538655,1],2.34],[[558303,13.4146,49.579972,1],1.97],[[558311,13.504999,49.588075,1],2.06],[[558346,13.239149,49.576294,1],2.83],[[558362,13.605669,49.613815,3],0.45],[[558389,13.164846,49.639199,3],2.18],[[558401,13.458498,49.611889,1],0.66],[[558435,13.399739,49.670623,2],0.68],[[558486,13.382148,49.677894,1],2.02],[[558494,13.119336,49.661704,1],2.63],[[558559,13.618988,49.508064,1],2.83],[[558567,13.249051,49.645645,1],1.75],[[558583,13.519921,49.607059,1],2.2],[[558591,13.186446,49.578482,1],0.86],[[558630,13.489551,49.483512,1],0.34],[[566691,13.360356,49.511993,0],2.85],[[578568,13.654594,49.488923,0],2.32],[[578592,13.612175,49.483479,0],6.66],[[530247,13.399461,50.016105,0],4.76],[[530336,13.389711,49.9338,1],2.75],[[546411,13.213823,49.701479,1],2.22],[[553603,13.643134,49.960729,0],3.7],[[558656,13.059113,49.995118,1],7.8],[[558672,13.156096,49.719824,1],1.79],[[558699,13.302879,49.885275,0],1.58],[[558711,13.253217,49.80007,1],0.98],[[558745,13.429819,49.828513,1],2.4],[[558796,13.273369,49.896264,1],1.14],[[558834,13.448829,49.797516,1],1.28],[[558869,13.089275,49.709118,2],2.31],[[558877,13.264218,49.889081,1],0.83],[[558885,13.355689,49.84023,3],8.94],[[558915,13.44157,49.849175,2],3.58],[[558940,13.317774,49.793052,2],1.59],[[558982,13.474387,49.872569,0],2.7],[[558991,13.512774,49.870714,0],3.84],[[559008,13.383058,49.893239,3],1.17],[[559024,13.464495,49.943303,0],1.53],[[559032,13.474862,49.900611,0],2],