{"reg":197,"towns":[[[544701,14.231709,50.848754,0],2.7],[[545538,14.360479,50.715168,0],2.17],[[545678,14.355383,50.775633,1],0.55],[[545708,14.314344,51.019574,1],2.94],[[545783,14.293376,50.769646,1],2.56],[[545791,14.339205,50.684307,0],1.72],[[545856,14.333391,50.747281,1],1.29],[[545899,14.327018,50.725809,1],1.52],[[546348,14.352834,50.820458,1],1.11],[[546496,14.256524,50.794169,1],0.76],[[555193,14.205036,50.696428,1],1.38],[[562335,14.212861,50.772656,5],0.85],[[562351,14.3125,50.741692,3],1],[[562394,14.417784,50.797908,3],0.79],[[562408,14.193259,50.714949,1],0.63],[[562432,14.595146,50.879988,2],0.27],[[562441,14.286956,50.982619,2],0.28],[[562483,14.291315,50.726587,1],1.86],[[562505,14.545731,50.881485,1],1.96],[[562513,14.242617,50.87451,1],2.08],[[562521,14.303537,50.789539,1],1.46],[[562530,14.483083,50.863346,2],1.2],[[562556,14.394022,50.852494,1],0.78],[[562564,14.103948,50.760925,3],0.71],[[562572,14.57519,50.874552,1],2.1],[[562581,14.568449,50.993471,3],0.82],[[562611,14.510101,50.913136,3],1.29],[[562661,14.360332,51.011146,1],0.59],[[562700,14.270704,50.741627,1],1.48],[[562718,14.169817,50.735259,1],0.87],[[562751,14.363794,50.965179,2],1.51],[[562777,14.555255,50.953525,4],0.71],[[562823,14.496283,50.950546,2],1.18],[[562858,14.452699,51.003793,3],0.83],[[562882,14.618348,50.911648,4],0.63],[[562912,14.374393,50.990885,2],1.73],[[562921,14.301255,50.661245,2],1.45],[[562939,14.37384,50.784784,1],1.21],[[566900,14.293898,50.842265,1],0.96],[[546062,13.484983,50.463315,0],2.7],[[546071,13.364964,50.30526,1],1.7],[[546518,12.986674,50.420711,0],2.7],[[562971,13.410837,50.463598,5],4.29],[[562980,13.50601,50.424657,0],6.41],[[562998,13.358172,50.511799,1],4.96],[[563005,13.413447,50.540271,1],1.12],[[563013,13.420942,50.40228,2],3.51],[[563021,13.359354,50.447783,1],2.08],[[563056,13.429205,50.430887,1],6.49],[[563072,13.498471,50.387359,1],3.3],[[563081,13.430488,50.332881,1],2.45],[[563099,13.448885,50.500627,4],3.34],[[563102,13.271422,50.376092,4],1.02],[[563111,13.322071,50.577837,0],0.93],[[563129,13.171393,50.384561,4],1.15],[[563137,13.053997,50.438324,2],1.01],[[563200,13.333493,50.446278,1],3.13],[[563218,13.280572,50.262382,1],3.17],[[563226,13.115541,50.421723,0],4.25],[[563242,13.26742,50.447156,1],5],[[563277,13.45081,50.480923,1],6.15],[[563285,13.110315,50.381769,2],1.57],[[563323,13.284757,50.298139,2],5.55],[[563331,13.29881,50.35328,1],3.27],[[563340,13.391931,50.44104,2],4.58],[[563358,13.530649,50.471126,1],1.24],[[563382,13.457492,50.440706,2],3.27],[[563404,13.032237,50.492426,3],1.45],[[563439,13.312156,50.301078,1],6.83],[[563471,13.461343,50.420047,0],6.66],[[563498,13.237511,50.466591,1],3.37],[[563501,13.470366,50.520381,2],3.06],[[505528,14.004486,50.483044,1],1.27],[[542423,14.307446,50.360924,1],0.93],[[546721,14.016401,50.450166,0],1.33],[[546780,14.213625,50.559879,1],3.75],[[553646,14.162716,50.472956,1],0.9],[[564567,14.130646,50.53852,4],0.32],[[564575,14.341026,50.416252,2],0.3],[[564591,14.150595,50.493264,3],0.86],[[564613,14.141967,50.481073,1],0.83],[[564621,14.145512,50.453763,2],0.7],[[564648,14.216366,50.360615,1],2.91],[[564656,14.126018,50.404377,2],0.71],[[564672,14.307223,50.374801,1],1.14],[[564711,14.028506,50.484284,2],3.04],[[564737,13.96506,50.465654,0],1.78],[[564745,14.29389,50.437691,1],0.41],[[564753,14.16124,50.454991,1],0.74],[[564770,14.320808,50.525222,1],2.66],[[564851,14.346588,50.358792,1],0.79],[[564877,14.33511,50.488694,2],0.19],[[564893,14.230906,50.462572,1],0.66],[[564958,14.000996,50.548326,1],1.03],[[565059,14.333177,50.383135,1],0.85],[[565067,14.301425,50.405474,1],0.36],[[565083,14.21461,50.522692,2],1.04],[[565091,14.285987,50.448307,1],0.97],[[565113,14.047429,50.525685,1],3.57],[[565121,14.289175,50.568962,2],1.31],[[565148,14.342424,50.392532,1],2.72],[[565164,14.044498,50.406368,3],1.09],[[565172,14.229354,50.477022,1],1.36],[[565229,14.051142,50.515143,3],0.53],[[565245,14.05484,50.534078,1],1.27],[[565253,14.152928,50.372805,1],1.2],[[565300,14.281839,50.36565,1],1.5],[[565318,14.127166,50.362321,2],0.91],[[565342,14.179516,50.447702,1],1.26],[[565393,14.198588,50.56034,1],1.53],[[565415,13.948396,50.472089,1],0.9],[[565431,14.264579,50.50573,2],0.3],[[565491,14.218727,50.373201,1],3.47],[[565555,14.260565,50.425305,4],0.29],[[565598,14.071012,50.478454,1],0.84],[[565610,14.387857,50.503633,1],0.82],[[565695,14.037519,50.498891,1],0.77],[[565709,14.374322,50.453087,3],0.54],[[565717,14.150658,50.511102,3],1.34],[[565741,14.189878,50.503389,1],0.57],[[565768,13.990159,50.476429,2],0.16],[[565792,14.20553,50.599744,1],2.54],[[565814,14.34769,50.585804,3],0.76],[[565849,13.976864,50.53909,2],0.94],[[565857,14.063884,50.539512,1],1.04],[[565865,14.020198,50.510608,1],0.96],[[565881,14.268153,50.373533,1],0.69],[[565890,14.286605,50.4833,1],0.66],[[565946,14.091474,50.523199,1],0.97],[[565962,14.156757,50.555387,2],0.7],[[530557,13.784625,50.45686,0],2.27],[[530590,13.513599,50.33349,1],1.14],[[542547,13.852757,50.347086,1],2.63],[[542555,13.735342,50.311585,0],2.38],[[542571,13.812247,50.332834,2],3.24],[[542580,13.863081,50.373356,1],3.3],[[542628,13.845324,50.361485,2],1.51],[[543012,13.912212,50.286331,0],1.61],[[543128,13.571151,50.349927,1],2.06],[[546011,13.747256,50.320403,1],2.38],[[546178,13.949094,50.298161,0],3.84],[[546861,13.794844,50.370197,2],1],[[546879,13.800031,50.312594,1],1.25],[[546887,13.842119,50.368582,0],2.24],[[546895,13.801725,50.295025,0],2.32],[[565971,13.803455,50.354081,4],1.53],[[565997,13.640793,50.37326,1],1.09],[[566004,13.389809,50.097026,1],1.05],[[566012,13.628683,50.40695,0],3.27],[[566021,13.471313,50.217441,1],0.7],[[566063,13.721648,50.401253,1],4.1],[[566128,13.609915,50.230738,0],1.56],[[566152,13.729627,50.234257,1],1.21],[[566187,13.563098,50.277534,1],1.29],[[566195,13.864363,50.291438,1],0.81],[[566217,13.730349,50.288215,1],0.91],[[566233,13.843328,50.335042,1],1.27],[[566241,13.859103,50.39887,1],4.34],[[566284,13.944037,50.403319,1],1.03],[[566306,13.367878,50.254271,1],0.51],[[566314,13.426708,50.174477,2],0.81],[[566322,13.766007,50.375267,2],1.83],[[566349,13.838289,50.452574,1],1.2],[[566357,13.621573,50.293667,1],0.92],[[566381,13.515189,50.254811,1],1.14],[[566403,13.680972,50.300702,1],0.76],[[566411,13.642025,50.344465,0],3.27],[[566438,13.313301,50.132182,2],0.44],[[566454,13.537482,50.26677,2],1.21],[[566501,13.313325,50.218181,1],1.83],[[566519,13.474941,50.339745,1],0.69],[[566535,13.917056,50.295028,1],1.73],[[566551,13.959969,50.342609,2],1.78],[[566560,13.446526,50.127625,1],1.22],[[566586,13.887909,50.371926,1],2.04],[[566616,13.41203,50.229475,3],0.39],[[566624,13.70302,50.359895,3],0.67],[[566667,13.774466,50.253498,1],4.12],[[566713,13.907818,50.350713,1],2.18],[[566721,13.848572,50.308774,1],3.89],[[566829,13.886229,50.315391,1],1.42],[[566853,13.662622,50.28475,1],0.86],[[566896,13.875325,50.353316,1],2.5],[[566918,13.822865,50.265764,0],1.14],[[566926,13.907083,50.32262,0],4.83],[[566934,13.37997,50.180096,2],0.91],[[566951,13.670442,50.394975,1],0.74],[[566977,13.766026,50.299412,1],4.13],[[566985,13.545886,50.327276,4],0.6],[[567027,13.633012,50.501655,5],0.75],[[567043,13.717955,50.449824,2],1.06],[[567051,13.762928,50.449262,0],1.49],[[567060,13.700283,50.543055,2],0.89],[[567078,13.390831,50.63211,0],0.94],[[567108,13.547489,50.70759,0],2.85],[[567167,13.436834,50.606416,1],0.68],[[567175,13.547284,50.5732,2],8.31],[[567221,13.723088,50.478686,0],1.26],[[567256,13.610342,50.598526,4],0.57],[[567264,13.657403,50.593384,3],1.99],[[567272,13.636592,50.587967,1],0.93],[[567299,13.560308,50.462594,0],1.26],[[567302,13.665101,50.574142,1],1.25],[[567311,13.598813,50.62126,3],0.53],[[567337,13.695511,50.505083,2],1.79],[[567345,13.705297,50.499915,1],3.37],[[567353,13.652795,50.444544,0],1.03],[[567361,13.754506,50.465729,0],2.27],[[567426,13.726169,50.527718,1],0.72],[[567442,13.835384,50.644558,5],0.41],[[567451,13.775459,50.548647,4],0.52],[[567477,13.8643,50.628776,2],0.17],