{"reg":2,"towns":[[[561380,14.539799,50.67862,5],0.08,0.01,0.07],[[561398,14.722084,50.533742,1],1.35],[[561479,14.633019,50.777293,3],0.25,0.1,0.15],[[561681,14.472979,50.773693,3],0.29,0.22,0.07],[[561746,14.678722,50.768777,1],0.59],[[561835,14.724956,50.655768,3],0.06],[[561860,14.555664,50.757714,4],0.02,0.11,-0.09],[[561878,14.442254,50.765514,1],0.62],[[562050,14.588922,50.739037,1],0.51],[[562076,14.532396,50.655151,1],0.35],[[562220,14.453036,50.730204,1],0.96],[[546585,15.26303,50.755788,1],1.21,0.76,0.45],[[563510,15.170414,50.722153,5],0.1,0.11,-0.01],[[563552,15.313862,50.75481,3],0.55],[[563595,15.169244,50.772141,2],3.03,0.75,2.28],[[563609,15.136637,50.627796,2],0.34],[[563749,15.236038,50.687791,2],0.16],[[563790,15.149898,50.683891,3],0.14,0.38,-0.24],[[563811,15.246502,50.738301,3],0.48,1.15,-0.67],[[563820,15.307982,50.737629,3],0.77,0.27,0.5],[[563846,15.311826,50.664974,0],1.96,2.32,-0.36],[[563854,15.27004,50.697784,1],3.02,2.69,0.33],[[563871,15.254186,50.64284,3],0.27,0.1,0.17],[[544531,15.100281,50.592605,1],1.49],[[544582,15.082181,50.626455,1],0.74],[[545953,15.113636,50.619335,1],1.69],[[561631,14.760633,50.765382,3],0.2],[[563889,15.054439,50.76638,6],0.03,0.09,-0.06],[[563960,14.996287,50.661116,3],0.19],[[564028,15.079851,50.921496,3],0.15],[[564061,15.08996,50.665963,3],0.23],[[564095,14.844658,50.852892,3],0.04,0.07,-0.03],[[564133,15.249643,50.960916,1],0.66],[[564290,14.921485,50.69499,2],0.33],[[564354,15.084005,50.578232,2],0.25,0.36,-0.11],[[564371,15.114757,50.904256,3],0.29,0.23,0.06],[[564451,15.088809,50.626916,0],1.66],[[564541,14.876403,50.765065,1],1.04],[[576964,15.328241,50.605258,3],0.03,1.16,-1.13],[[576981,15.548272,50.666433,2],0.23],[[577014,15.396332,50.488672,0],2.59],[[577073,15.421312,50.613238,1],0.43,1.21,-0.78],[[577120,15.571571,50.608357,2],0.17],[[577146,15.200342,50.544906,1],0.52],[[577162,15.429698,50.703569,2],0.16,0.35,-0.19],[[577171,15.338516,50.660595,1],0.51,0.7,-0.19],[[577219,15.20728,50.561843,1],0.34],[[577308,15.373517,50.530724,3],0.05,0.24,-0.19],[[577367,15.119305,50.545045,0],1.08],[[577456,15.448787,50.729228,3],0.1,0.24,-0.14],[[577529,15.329787,50.580911,1],0.46],[[577545,15.358086,50.550949,1],0.86,0.95,-0.09],[[577626,15.156909,50.587385,4],0.12,0.16,-0.04]],"districts":[["CZ0511",0.09,0.07,0.02],["CZ0512",0.27,0.23,0.04],["CZ0513",0.07,0.08,-0.01],["CZ0514",0.09,0.43,-0.34]],"regions":[["CZ051",null,0.17,null]]}