{"reg":200,"towns":[[[530697,15.677746,49.919564,0],2.04],[[571164,15.795158,49.949824,4],0.07],[[571229,15.925435,49.97695,0],1.47],[[571385,15.665028,49.94717,3],0.19],[[571393,15.907661,49.762231,3],0.1],[[571539,15.934067,49.902149,3],0.1],[[571776,16.028604,49.893513,3],0.11],[[571873,15.709072,49.934791,1],0.39],[[572080,16.11631,49.805994,2],0.13],[[572161,15.531541,49.888353,2],0.34],[[572241,15.996654,49.843567,3],0.24],[[572268,15.813873,49.921196,3],0.14],[[572331,15.813804,49.890007,1],0.59],[[572390,15.816049,49.786894,1],0.31],[[572462,15.884462,49.817781,1],0.52],[[572501,15.973606,49.788649,1],1.34],[[555134,15.781299,50.034409,5],0.12],[[573035,15.486111,50.001981,0],1.78],[[574198,15.822517,50.042269,1],0.49],[[574767,15.67989,50.075702,3],0.18],[[574856,15.773339,50.13312,2],0.28],[[574899,15.912545,50.028543,2],0.18],[[574911,15.967844,50.029373,2],2.36],[[574988,15.986005,50.06611,3],0.14],[[575011,15.958886,50.076611,2],0.32],[[575071,15.418562,50.034532,3],0.23],[[575089,15.937327,50.109676,1],0.51],[[575372,15.775487,49.989526,2],0.28],[[575399,15.940811,50.00105,2],0.31],[[575437,15.805408,49.993525,2],0.6],[[575500,15.560413,50.039948,3],0.1],[[575551,15.606265,50.106311,1],0.46],[[575577,15.889408,50.104773,1],0.86],[[575607,15.477455,50.03599,2],0.4],[[575666,15.556821,50.093704,1],1.13],[[575682,15.763532,50.084994,2],0.22],[[575704,15.778951,50.065498,2],0.24],[[575810,15.445738,50.080585,0],3.33],[[572438,16.160009,49.837637,0],4.16],[[572586,16.482734,49.640287,1],0.65],[[572624,16.64466,49.728486,1],1.06],[[572683,16.710609,49.787241,0],1.21],[[572691,16.480687,49.71153,2],0.19],[[572713,16.427483,49.782812,1],0.74],[[574333,16.741584,49.734468,0],2.38],[[577731,16.469286,49.755263,4],0.16],[[577839,16.162337,49.741782,2],1.42],[[577863,16.522125,49.627449,2],0.42],[[577871,16.619713,49.651038,1],0.7],[[577987,16.641393,49.700947,1],0.71],[[577995,16.25471,49.82572,2],0.55],[[578100,16.189972,49.823356,0],2.12],[[578193,16.71136,49.632295,3],0.11],[[578207,16.233812,49.707979,1],0.5],[[578258,16.245888,49.67142,1],0.38],[[578282,16.627737,49.794652,2],0.57],[[578347,16.311162,49.870623,4],0.19],[[578380,16.727541,49.709363,2],0.18],[[578444,16.663631,49.757697,4],0.95],[[578452,16.301003,49.630695,0],4.34],[[578479,16.19381,49.727227,1],0.95],[[578509,16.28477,49.843645,2],0.23],[[578576,16.265977,49.715034,3],0.24],[[578584,16.317396,49.710361,2],0.31],[[578649,16.1351,49.714822,0],2.98],[[578657,16.431386,49.699586,2],0.3],[[578690,16.720164,49.735067,0],0.97],[[578711,16.640214,49.829244,1],1.25],[[578720,16.225728,49.692663,1],0.63],[[578746,16.274918,49.893977,0],1.51],[[578789,16.675033,49.794091,2],0.6],[[578819,16.366914,49.866605,0],1.53],[[578908,16.702624,49.829794,1],1.04],[[578975,16.825363,49.710743,1],0.82],[[580325,16.330377,49.920923,2],0.17],[[580694,16.343315,49.890679,1],0.35],[[547972,16.338406,49.968309,0],5.4],[[547981,16.644801,49.927643,1],0.68],[[571920,16.143909,49.851778,1],2.4],[[572306,16.065657,49.97246,0],1.88],[[579891,16.399762,49.97228,4],0.25],[[580031,16.447385,49.901982,4],0.12],[[580058,16.371803,50.029927,1],1.69],[[580074,16.560355,49.871344,1],0.39],[[580112,16.564857,49.979635,2],0.21],[[580121,16.497763,49.992831,3],0.65],[[580147,16.38914,50.005575,2],0.35],[[580341,16.197832,49.91361,1],0.74],[[580350,16.223131,50.001704,3],0.13],[[580392,16.633004,50.039685,1],2.18],[[580422,16.435011,50.120278,1],0.86],[[580431,16.554593,50.111702,1],0.37],[[580511,16.612597,49.912141,4],0.12],[[580538,16.500231,50.036122,3],0.12],[[580627,16.482177,50.060386,2],0.79],[[580716,16.35071,50.00342,1],1.98],[[580872,16.38133,49.945893,1],0.44],[[580945,16.163803,49.978184,1],0.6],[[580961,16.345368,50.059141,1],0.33],[[580988,16.71062,49.911309,0],2.38],[[581054,16.618015,50.065031,1],0.39],[[581062,16.224633,49.936258,1],0.42],[[581186,16.164268,49.954364,4],0.18],[[581208,16.376348,50.095447,1],0.93],[[581232,16.246224,49.993208,0],1.56],[[581259,16.465301,50.087401,3],0.47],[[551724,17.477161,49.958602,1],1.72],[[551732,17.441174,49.960503,1],0.74],[[551767,17.432173,50.003657,1],10.38],[[551783,17.43824,49.933456,0],1.47],[[551813,17.625765,49.933251,0],2.08],[[551821,17.178202,49.895592,0],1.01],[[551848,17.448488,50.239024,0],1.72],[[551864,17.633923,50.243942,1],1.47],[[551872,17.672253,50.280106,0],1.88],[[551881,17.700802,50.309757,0],1.88],[[551902,17.341559,49.9515,0],14.03],[[551911,17.236572,49.958482,1],5.2],[[551929,17.389192,50.060911,1],11.76],[[551945,17.377529,50.020519,1],3.9],[[551996,17.342351,50.107531,1],23.07],[[552003,17.548483,50.051137,1],3.26],[[569526,17.542152,49.995792,1],3.09],[[569551,17.5283,50.023575,1],3.4],[[569577,17.497004,50.003161,1],3.06],[[597180,17.463794,49.988277,4],5.42],[[597198,17.565611,49.869715,0],1.26],[[597201,17.713963,50.243389,1],1.49],[[597210,17.629214,50.063603,2],1.57],[[597228,17.371179,49.911767,3],1.35],[[597252,17.401831,49.834288,1],0.83],[[597287,17.32237,49.978038,1],1.29],[[597317,17.547725,49.833416,2],2.34],[[597325,17.397871,50.193392,1],1.61],[[597350,17.60273,49.966918,2],3.4],[[597368,17.211221,49.908546,1],1.35],[[597392,17.599627,50.111701,1],2.22],[[597431,17.481294,50.244949,1],3.5],[[597449,17.519131,50.251932,2],1.86],[[597457,17.277651,49.854028,1],6.84],[[597473,17.30696,50.073193,0],13.26],[[597481,17.445738,50.105736,1],11.11],[[597511,17.546206,50.091869,1],2.17],[[597520,17.703168,50.090683,4],0.9],[[597546,17.574652,49.905954,1],3.3],[[597554,17.62651,50.007958,2],0.69],[[597571,17.605521,50.222367,1],2.98],[[597589,17.415174,49.871099,1],3.05],[[597601,17.311666,50.021157,1],6.96],[[597635,17.574913,50.163036,3],2.81],[[597716,17.715337,50.275267,2],1.56],[[597724,17.532102,49.931401,1],1.96],[[597741,17.513637,49.896091,0],2.35],[[597775,17.734323,50.209884,0],4.68],[[597783,17.271873,49.931927,3],2.26],[[597791,17.358331,49.875695,1],1.05],[[597813,17.681129,50.207003,1],7.37],[[597872,17.399982,50.046192,2],5.66],[[597881,17.674365,49.946147,1],4.44],[[597899,17.480203,50.063922,1],14.97],[[597911,17.57542,50.20503,1],2.57],[[597937,17.744838,50.047254,1],0.37],[[597945,17.371834,49.979799,1],3.4],[[597961,17.383262,50.121048,3],8.49],[[597988,17.593061,50.034227,2],1.36],[[507181,18.361716,49.613573,2],0.73],[[507237,18.527882,49.658204,2],0.23],[[507423,18.406126,49.621505,2],0.37],[[507547,18.719541,49.585749,2],0.22],[[511951,18.706198,49.547928,1],0.42],[[512028,18.80242,49.55934,2],0.37],[[512176,18.737315,49.616708,2],0.19],[[512184,18.339222,49.606756,2],0.35],[[512192,18.461438,49.694745,1],0.86],[[549665,18.472974,49.619845,2],0.84],[[549673,18.481485,49.582088,1],0.48],[[552488,18.468124,49.68244,1],0.51],[[552518,18.426436,49.660825,2],0.32],[[552542,18.492374,49.660491,2],0.89],[[552551,18.363604,49.670019,2],0.66],[[552569,18.272916,49.686041,2],0.82],[[552577,18.347648,49.564927,1],0.33],[[552615,18.571008,49.700533,1],0.96],[[552623,18.529296,49.712553,2],0.26],[[552631,18.505428,49.692472,1],1.85],[[552682,18.457023,49.635907,1],1.41],[[552691,18.304316,49.708875,1],0.38],[[554014,18.759182,49.5873,3],0.39],[[554928,18.713186,49.666714,3],0.07],[[556971,18.61356,49.705458,2],0.21],[[568163,18.442932,49.738583,1],1.38],[[568813,18.48628,49.608863,1],0.35],[[568830,18.317179,49.733473,2],0.96],[[569631,18.327726,49.689354,2],0.17],[[598003,18.367422,49.682031,5],0.34],[[598011,18.372443,49.645943,3],0.3],[[598020,18.453037,49.442171,1],1.11],[[598038,18.222205,49.700196,3],0.5],[[598062,18.720488,49.63667,3],0.44],[[598071,18.337697,49.548829,3],0.63],[[598089,18.414037,49.673927,3],0.18],[[598101,18.481063,49.712825,2],0.52],[[598135,18.223315,49.666867,2],0.47],[[598143,18.358605,49.591902,3],0.34],[[598160,18.541393,49.682383,2],0.21],[[598259,18.764694,49.576815,3],0.06],[[598275,18.39622,49.744405,1],0.9],[[598321,18.256672,49.590494,3],0.55],[[598356,18.261235,49.550798,2],0.29],[[598364,18.298465,49.597285,1],1.32],[[598445,18.524824,49.596169,2],0.23],[[598453,18.754281,