{"reg":626,"towns":[[[514195,14.624388,50.515564,0],6.25],[[544337,14.838293,50.702975,1],1.05],[[561380,14.539799,50.67862,5],0.17],[[561398,14.722084,50.533742,1],2.7],[[561444,14.703495,50.729288,2],0.36],[[561479,14.633019,50.777293,3],0.16],[[561495,14.654377,50.565945,3],1.06],[[561592,14.493538,50.712584,1],0.59],[[561606,14.404106,50.704219,1],0.5],[[561614,14.562772,50.578538,0],1.78],[[561681,14.472979,50.773693,3],0.19],[[561720,14.392521,50.632503,1],0.54],[[561835,14.724956,50.655768,3],0.13],[[561860,14.555664,50.757714,4],0.22],[[561886,14.671066,50.527594,1],0.98],[[561894,14.527685,50.766932,1],0.45],[[562017,14.80363,50.58629,2],0.35],[[562025,14.53067,50.745217,2],0.56],[[562262,14.645335,50.684854,3],0.28],[[546577,15.167986,50.675488,1],0.87],[[563510,15.170414,50.722153,5],0.33],[[563552,15.313862,50.75481,3],0.55],[[563609,15.136637,50.627796,2],2.42],[[563633,15.231574,50.782016,1],0.33],[[563641,15.228332,50.62476,2],0.21],[[563668,15.365424,50.759359,1],0.29],[[563684,15.2678,50.679747,0],1.9],[[563692,15.220572,50.741456,2],0.6],[[563706,15.195534,50.646408,2],0.21],[[563749,15.236038,50.687791,2],0.5],[[563757,15.317471,50.703338,2],1.59],[[563773,15.277749,50.672861,0],1.03],[[563781,15.115859,50.698552,1],0.45],[[563790,15.149898,50.683891,3],0.43],[[563803,15.213411,50.676103,1],1.05],[[563811,15.246502,50.738301,3],0.86],[[563820,15.307982,50.737629,3],0.49],[[563838,15.315498,50.713834,3],0.48],[[563854,15.27004,50.697784,1],0.27],[[563871,15.254186,50.64284,3],0.23],[[544477,15.026936,50.791093,2],0.27],[[545937,15.109852,50.601,0],2.59],[[546631,15.222203,50.873842,1],1.36],[[546658,14.940408,50.704656,0],2.04],[[561631,14.760633,50.765382,3],0.41],[[563889,15.054439,50.76638,6],0.28],[[563901,15.035522,50.664931,1],0.38],[[563935,15.12367,50.971244,1],0.93],[[563943,14.917705,50.644523,0],1.85],[[564028,15.079851,50.921496,3],0.2],[[564044,15.181785,50.877301,3],0.13],[[564061,15.08996,50.665963,3],0.34],[[564095,14.844658,50.852892,3],0.19],[[564109,14.869039,50.83632,2],0.32],[[564117,14.968947,50.817027,3],0.27],[[564133,15.249643,50.960916,1],0.66],[[564206,15.190471,50.890241,1],0.83],[[564231,15.056405,50.831733,2],0.47],[[564265,15.229539,50.925011,3],0.33],[[564281,15.083777,50.849733,1],0.46],[[564290,14.921485,50.69499,2],0.33],[[564303,15.076196,50.594968,1],0.79],[[564354,15.084005,50.578232,2],0.51],[[564427,14.986005,50.711344,1],0.29],[[564451,15.088809,50.626916,0],1.66],[[564460,15.052732,50.706477,2],0.43],[[564532,14.95149,50.64615,1],0.51],[[564541,14.876403,50.765065,1],1.04],[[547484,15.246847,50.519937,0],1.33],[[573418,15.533412,50.580946,1],0.48],[[576964,15.328241,50.605258,3],0.82],[[576981,15.548272,50.666433,2],0.95],[[577006,15.337206,50.640171,1],0.48],[[577073,15.421312,50.613238,1],3.05],[[577081,15.431521,50.772186,2],0.64],[[577120,15.571571,50.608357,2],0.85],[[577146,15.200342,50.544906,1],0.52],[[577162,15.429698,50.703569,2],0.5],[[577171,15.338516,50.660595,1],6.73],[[577189,15.491835,50.680618,0],5.06],[[577197,15.506637,50.608996,3],1.49],[[577201,15.14538,50.550769,0],1.56],[[577219,15.20728,50.561843,1],0.68],[[577235,15.404135,50.571751,2],0.18],[[577294,15.416037,50.559503,1],1.03],[[577308,15.373517,50.530724,3],0.25],[[577316,15.19435,50.591643,2],0.54],[[577324,15.119437,50.574176,1],1.31],[[577332,15.468897,50.600813,1],1.44],[[577359,15.126071,50.597745,2],0.8],[[577367,15.119305,50.545045,0],3.26],[[577391,15.44404,50.619384,1],9.58],[[577405,15.463395,50.661618,2],0.83],[[577413,15.112901,50.583032,1],0.29],[[577421,15.364623,50.625029,0],0.9],[[577430,15.245541,50.577589,1],1.39],[[577456,15.448787,50.729228,3],0.95],[[577464,15.422263,50.647554,1],1.68],[[577472,15.259515,50.535418,2],0.71],[[577481,15.371639,50.65855,0],1.49],[[577499,15.499852,50.563887,2],0.3],[[577529,15.329787,50.580911,1],0.92],[[577545,15.358086,50.550949,1],0.86],[[577553,15.54947,50.553543,2],0.63],[[577596,15.273268,50.571343,1],0.48],[[577600,15.22242,50.511687,0],3.38],[[577626,15.156909,50.587385,4],1.04],[[577651,15.487779,50.630181,1],3.37],[[577677,15.105323,50.557553,1],0.83],[[577693,15.401633,50.685688,2],0.23],[[577707,15.274194,50.61161,1],1.07],[[577723,15.26975,50.556845,0],2.32]],"districts":[["CZ0511",0.25],["CZ0512",0.41],["CZ0513",0.27],["CZ0514",0.89]],"regions":[["CZ051",null]]}