{"reg":627,"towns":[[[514195,14.624388,50.515564,0],3.12],[[544337,14.838293,50.702975,1],2.1],[[546267,14.467408,50.536579,1],3.12],[[546275,14.482593,50.735875,0],2.17],[[546283,14.599127,50.719575,0],1.49],[[561380,14.539799,50.67862,5],1.66],[[561410,14.396598,50.608503,1],1.86],[[561444,14.703495,50.729288,2],1.45],[[561479,14.633019,50.777293,3],2.35],[[561495,14.654377,50.565945,3],2.12],[[561533,14.540343,50.540444,2],2.38],[[561541,14.808823,50.726074,1],0.51],[[561592,14.493538,50.712584,1],5.32],[[561606,14.404106,50.704219,1],1.51],[[561614,14.562772,50.578538,0],1.78],[[561665,14.584657,50.608694,1],1.18],[[561681,14.472979,50.773693,3],2.68],[[561720,14.392521,50.632503,1],1.08],[[561738,14.701621,50.828174,0],4],[[561746,14.678722,50.768777,1],1.19],[[561827,14.678659,50.807507,1],5.31],[[561835,14.724956,50.655768,3],1.85],[[561851,14.746964,50.692151,1],2.22],[[561860,14.555664,50.757714,4],1.52],[[561886,14.671066,50.527594,1],2.94],[[561959,14.533028,50.786771,1],3.6],[[561983,14.601372,50.617925,1],0.66],[[562017,14.80363,50.58629,2],1.41],[[562025,14.53067,50.745217,2],1.13],[[562050,14.588922,50.739037,1],1.03],[[562076,14.532396,50.655151,1],4.65],[[562092,14.801127,50.702903,3],2.2],[[562131,14.596917,50.7919,1],3.42],[[562238,14.57122,50.55324,0],3.44],[[562246,14.524708,50.634208,1],0.68],[[562262,14.645335,50.684854,3],2.83],[[562297,14.396344,50.714039,2],2.27],[[530425,15.184679,50.681858,0],9.52],[[546577,15.167986,50.675488,1],3.5],[[546585,15.26303,50.755788,1],0.6],[[563510,15.170414,50.722153,5],4.35],[[563528,15.275813,50.7624,1],3],[[563536,15.142571,50.791188,1],4.54],[[563552,15.313862,50.75481,3],2.34],[[563561,15.303285,50.68764,1],3.48],[[563579,15.158867,50.652357,1],2.64],[[563595,15.169244,50.772141,2],3.63],[[563609,15.136637,50.627796,2],2.07],[[563633,15.231574,50.782016,1],4.62],[[563641,15.228332,50.62476,2],2.11],[[563668,15.365424,50.759359,1],0.58],[[563676,15.212313,50.64567,1],2.6],[[563684,15.2678,50.679747,0],1.9],[[563692,15.220572,50.741456,2],4.46],[[563706,15.195534,50.646408,2],2.85],[[563714,15.198577,50.696455,1],1.36],[[563731,15.214758,50.72524,1],1],[[563749,15.236038,50.687791,2],3.21],[[563757,15.317471,50.703338,2],2.54],[[563773,15.277749,50.672861,0],5.15],[[563781,15.115859,50.698552,1],6.78],[[563790,15.149898,50.683891,3],5.21],[[563803,15.213411,50.676103,1],5.82],[[563811,15.246502,50.738301,3],4.92],[[563820,15.307982,50.737629,3],2.92],[[563838,15.315498,50.713834,3],3.85],[[563846,15.311826,50.664974,0],1.96],[[563854,15.27004,50.697784,1],3.57],[[563862,15.353616,50.708647,1],2.18],[[563871,15.254186,50.64284,3],3.94],[[530433,15.026152,50.921515,1],2.15],[[530468,15.075978,50.711714,1],1.61],[[530484,15.09393,50.699666,1],5.1],[[544345,15.017139,50.701762,1],3.16],[[544477,15.026936,50.791093,2],2.08],[[544531,15.100281,50.592605,1],1.49],[[544582,15.082181,50.626455,1],1.48],[[544604,15.111598,50.640548,0],2.08],[[545937,15.109852,50.601,0],5.19],[[545953,15.113636,50.619335,1],3.38],[[545996,15.050573,51.004564,1],1.76],[[546593,15.001175,50.831607,1],1.98],[[546631,15.222203,50.873842,1],4.79],[[561631,14.760633,50.765382,3],1.67],[[561657,14.824344,50.762974,0],9.09],[[563889,15.054439,50.76638,6],3.75],[[563901,15.035522,50.664931,1],6.56],[[563919,14.924507,50.823246,1],1.52],[[563935,15.12367,50.971244,1],0.46],[[563960,14.996287,50.661116,3],16.34],[[563994,15.168786,50.945787,1],1.01],[[564028,15.079851,50.921496,3],2.87],[[564036,15.065266,51.019134,1],2.32],[[564044,15.181785,50.877301,3],1.91],[[564052,14.926704,50.631998,0],8.43],[[564061,15.08996,50.665963,3],13.1],[[564095,14.844658,50.852892,3],1.66],[[564109,14.869039,50.83632,2],0.32],[[564117,14.968947,50.817027,3],2.97],[[564133,15.249643,50.960916,1],5.33],[[564141,15.004443,50.610271,1],3.09],[[564168,15.127667,50.940324,1],0.71],[[564176,14.933501,50.774549,1],4.91],[[564184,14.901417,50.73858,1],0.5],[[564206,15.190471,50.890241,1],7.5],[[564231,15.056405,50.831733,2],3.35],[[564265,15.229539,50.925011,3],1.55],[[564281,15.083777,50.849733,1],5.09],[[564290,14.921485,50.69499,2],2.02],[[564303,15.076196,50.594968,1],3.17],[[564354,15.084005,50.578232,2],1.55],[[564371,15.114757,50.904256,3],1.64],[[564397,14.818942,50.789106,1],1.61],[[564401,15.034217,50.605,0],6.89],[[564427,14.986005,50.711344,1],4.41],[[564435,15.043456,50.587332,1],3.84],[[564443,15.063976,50.572684,1],2.15],[[564451,15.088809,50.626916,0],3.33],[[564460,15.052732,50.706477,2],1.75],[[564494,15.02506,50.966732,2],5.27],[[564516,15.052112,50.618816,1],0.97],[[564532,14.95149,50.64615,1],4.12],[[564541,14.876403,50.765065,1],7.29],[[547476,15.400555,50.724065,1],8.25],[[547484,15.246847,50.519937,0],9.33],[[573400,15.218593,50.617659,0],10.34],[[573418,15.533412,50.580946,1],16.9],[[574201,15.57583,50.52618,0],14.28],[[576964,15.328241,50.605258,3],1.81],[[576972,15.445427,50.534417,1],6],[[576981,15.548272,50.666433,2],16.78],[[576999,15.368478,50.603258,1],1.5],[[577006,15.337206,50.640171,1],8.65],[[577014,15.396332,50.488672,0],3.89],[[577031,15.58394,50.542694,0],18.84],[[577057,15.60765,50.5317,1],10.42],[[577073,15.421312,50.613238,1],7.86],[[577081,15.431521,50.772186,2],2.99],[[577111,15.300548,50.520473,0],2.7],[[577120,15.571571,50.608357,2],7.14],[[577146,15.200342,50.544906,1],3.7],[[577154,15.300449,50.602387,1],4.94],[[577162,15.429698,50.703569,2],13.68],[[577171,15.338516,50.660595,1],1.55],[[577189,15.491835,50.680618,0],8.86],[[577197,15.506637,50.608996,3],12.48],[[577201,15.14538,50.550769,0],3.12],[[577219,15.20728,50.561843,1],2.72],[[577227,15.221716,50.599761,0],1.63],[[577235,15.404135,50.571751,2],1.8],[[577243,15.480245,50.565638,1],8.86],[[577294,15.416037,50.559503,1],5.16],[[577308,15.373517,50.530724,3],5.22],[[577316,15.19435,50.591643,2],3.8],[[577324,15.119437,50.574176,1],1.31],[[577332,15.468897,50.600813,1],6.52],[[577341,15.411952,50.52041,1],4.95],[[577359,15.126071,50.597745,2],2.66],[[577375,15.540814,50.528307,1],16.52],[[577391,15.44404,50.619384,1],12.32],[[577405,15.463395,50.661618,2],9.69],[[577413,15.112901,50.583032,1],1.47],[[577430,15.245541,50.577589,1],13.98],[[577448,15.187647,50.620425,0],3.7],[[577456,15.448787,50.729228,3],5.62],[[577464,15.422263,50.647554,1],3.36],[[577472,15.259515,50.535418,2],3.08],[[577481,15.371639,50.65855,0],2.98],[[577499,15.499852,50.563887,2],10.42],[[577529,15.329787,50.580911,1],5.06],[[577545,15.358086,50.550949,1],2.6],[[577553,15.54947,50.553543,2],31.75],[[577561,15.455663,50.553516,0],10.2],[[577596,15.273268,50.571343,1],1.44],[[577600,15.22242,50.511687,0],3.38],[[577626,15.156909,50.587385,4],3.15],[[577642,15.308967,50.546714,0],1.21],[[577651,15.487779,50.630181,1],8.01],[[577669,15.531308,50.679115,1],7.61],[[577677,15.105323,50.557553,1],2.08],[[577685,15.15805,50.529406,1],1.45],[[577693,15.401633,50.685688,2],10.51],[[577707,15.274194,50.61161,1],6.45]],"districts":[["CZ0511",1.78],["CZ0512",3.88],["CZ0513",3.74],["CZ0514",6.16]],"regions":[["CZ051",null]]}