{"reg":630,"towns":[[[538795,12.168117,50.234889,1],4.54],[[538817,12.201857,50.255461,0],1.58],[[538868,12.279652,50.086208,1],7.5],[[538906,12.547716,50.055886,1],4.05],[[539023,12.400268,50.128744,1],4.27],[[539074,12.317021,50.166294,0],1.4],[[539112,12.59591,49.991631,1],1.01],[[539279,12.666767,49.966767,2],4.29],[[539376,12.739122,49.948927,0],4.16],[[539431,12.744072,49.971876,1],2.29],[[539473,12.779206,49.953112,0],3.44],[[539554,12.48425,50.103171,1],1.56],[[539619,12.522102,50.08412,0],4],[[554481,12.369964,50.079633,5],3.44],[[554499,12.195113,50.223983,4],1.92],[[554502,12.551125,50.018055,2],4.74],[[554511,12.665618,49.93907,1],13.5],[[554529,12.349781,50.120159,3],3.52],[[554545,12.272617,50.156457,2],7.84],[[554553,12.175894,50.304702,2],2.02],[[554596,12.393172,50.194269,1],5.55],[[554600,12.624853,50.010693,2],2.31],[[554618,12.230943,50.128275,1],3.46],[[554626,12.448928,50.036398,1],0.72],[[554634,12.406065,50.252592,2],3.92],[[554642,12.701298,49.964699,4],3.78],[[554677,12.787043,50.03698,1],5.88],[[554693,12.472085,50.115352,1],3.89],[[554707,12.445362,50.217131,1],8.27],[[554740,12.34681,50.220815,2],12.14],[[554812,12.361561,50.170411,2],5.06],[[554880,12.616745,49.942277,1],3.09],[[555631,12.86316,49.981953,3],4.71],[[578002,12.372344,50.19907,0],14.28],[[506486,12.924571,50.409844,0],7.92],[[506494,12.719531,50.360145,1],5.76],[[506621,13.17119,50.12436,0],6.66],[[537845,12.85168,50.148702,0],8.82],[[537870,12.870986,50.197494,1],2.41],[[537918,12.895923,50.247898,2],4.25],[[537926,12.800046,50.226649,1],15.74],[[537934,12.770109,50.237288,1],18.91],[[537969,12.871721,50.25545,1],6.17],[[538001,12.962918,50.20449,1],2.24],[[538019,12.711084,50.291365,1],7.89],[[538027,12.765442,50.291579,0],3.57],[[538116,12.814015,50.294681,1],5.26],[[538159,12.919811,50.283247,1],4.37],[[551651,12.789994,50.213854,1],10.34],[[554961,12.872062,50.231952,5],3.65],[[554979,12.818377,50.368855,2],12.84],[[554995,12.838429,50.083561,1],21.05],[[555029,13.045282,50.151007,2],29.18],[[555045,12.769752,50.258843,1],10.62],[[555169,12.771048,50.390493,1],5.45],[[null,0,0,0],3.03],[[555185,12.871918,50.309508,2],22.14],[[555207,13.249179,50.104736,1],13.44],[[555215,12.934767,50.358573,3],3.42],[[555258,12.903449,50.187545,1],2.71],[[555304,12.921351,50.072448,1],6.48],[[555347,13.000007,50.262803,1],1.38],[[555363,12.863613,50.32819,1],19.01],[[555380,12.729474,50.322529,3],6.76],[[555398,12.784334,50.271028,3],6.83],[[555428,12.939183,50.306035,4],4.85],[[555444,12.892407,50.032393,1],19.19],[[555452,12.783825,50.365797,1],9.26],[[555479,12.736597,50.428273,1],3.29],[[555525,13.170783,50.051663,1],3.07],[[555533,12.897194,50.267226,2],4.9],[[555550,12.874064,50.165217,1],3.38],[[555584,13.051067,50.337331,1],11.24],[[555592,13.005785,50.183216,1],14.89],[[555614,12.976213,50.237016,1],1.17],[[555622,13.114279,50.058313,1],12.5],[[555657,12.985171,50.060604,3],8.66],[[555681,12.954852,50.070847,1],6.07],[[555690,13.254676,50.174239,1],8.23],[[555703,13.009826,50.284179,1],6.09],[[555711,13.173868,50.14131,1],5.76],[[555738,13.016307,50.303424,1],2.43],[[555762,13.163084,50.092028,2],13.09],[[556947,12.925973,50.179793,1],2.66],[[566675,13.233839,50.14965,0],15.38],[[578011,12.863016,50.068626,0],13.04],[[578029,12.696743,50.348275,1],10],[[578045,13.002857,50.344955,1],11.62],[[511587,12.579546,50.211627,1],2.56],[[538337,12.786342,50.109287,1],10.71],[[538396,12.582432,50.135748,1],1.69],[[538434,12.625358,50.192341,2],5.19],[[538591,12.645192,50.164731,2],4.52],[[538663,12.697409,50.276819,0],8.47],[[560286,12.659992,50.174629,4],3],[[560294,12.643488,50.145752,3],2.79],[[560308,12.505287,50.374494,1],29.35],[[560316,12.572766,50.166437,2],4.79],[[560324,12.61344,50.162671,1],2.94],[[560332,12.567344,50.146566,1],2.1],[[560341,12.637158,50.243218,1],5.43],[[560359,12.550653,50.183078,3],2.14],[[560367,12.807697,50.138742,3],2.62],[[560375,12.535762,50.149949,1],7.69],[[560383,12.747709,50.23983,4],25.12],[[560413,12.602422,50.28276,1],15.55],[[560421,12.504505,50.14885,1],0.82],[[560456,12.534192,50.216079,1],4.83],[[560464,12.67954,50.19412,1],6.82],[[560472,12.517588,50.323835,3],11.74],[[560499,12.530388,50.119038,3],3.42],[[560502,12.552602,50.128978,1],0.67],[[560537,12.754163,50.186112,3],4.29],[[560545,12.632789,50.211851,2],4.49],[[560561,12.775287,50.084201,0],8.82],[[560570,12.738121,50.206578,3],6.13],[[560588,12.558884,50.251243,2],11.87],[[560596,12.620158,50.36589,0],6.06],[[560600,12.573526,50.29638,3],6.06],[[560618,12.668852,50.104512,1],6.84],[[560642,12.719941,50.181807,1],2.44],[[560651,12.526519,50.356766,1],29.72],[[560677,12.603439,50.318764,1],11.22],[[560685,12.717598,50.233928,2],29.87],[[560707,12.696593,50.259197,1],14.89],[[579360,12.676998,50.182307,0],10.44]],"districts":[["CZ0411",3.69],["CZ0412",5.93],["CZ0413",8.17]],"regions":[["CZ041",null]]}