{"reg":631,"towns":[[[551694,17.35708,49.9298,1],0.8],[[551767,17.432173,50.003657,1],0.43],[[551848,17.448488,50.239024,0],1.72],[[551911,17.236572,49.958482,1],0.57],[[551929,17.389192,50.060911,1],3.36],[[551945,17.377529,50.020519,1],0.78],[[569577,17.497004,50.003161,1],2.04],[[597180,17.463794,49.988277,4],0.23],[[597198,17.565611,49.869715,0],1.26],[[597201,17.713963,50.243389,1],0.74],[[597228,17.371179,49.911767,3],0.41],[[597252,17.401831,49.834288,1],0.83],[[597317,17.547725,49.833416,2],1.56],[[597341,17.486079,50.156849,1],0.48],[[597350,17.60273,49.966918,2],0.32],[[597368,17.211221,49.908546,1],0.9],[[597431,17.481294,50.244949,1],2.63],[[597449,17.519131,50.251932,2],0.93],[[597481,17.445738,50.105736,1],1.46],[[597520,17.703168,50.090683,4],0.33],[[597538,17.51114,49.850911,1],1.26],[[597546,17.574652,49.905954,1],0.82],[[597554,17.62651,50.007958,2],0.34],[[597601,17.311666,50.021157,1],1.49],[[597635,17.574913,50.163036,3],0.25],[[597716,17.715337,50.275267,2],0.78],[[597724,17.532102,49.931401,1],1.3],[[597775,17.734323,50.209884,0],1.56],[[597783,17.271873,49.931927,3],0.19],[[597813,17.681129,50.207003,1],2.45],[[597872,17.399982,50.046192,2],0.73],[[597899,17.480203,50.063922,1],1.06],[[597911,17.57542,50.20503,1],0.32],[[597945,17.371834,49.979799,1],0.56],[[597961,17.383262,50.121048,3],0.65],[[597988,17.593061,50.034227,2],0.34],[[507091,18.756984,49.656185,2],0.67],[[507181,18.361716,49.613573,2],0.36],[[507423,18.406126,49.621505,2],0.93],[[507458,18.69578,49.589496,1],0.81],[[507547,18.719541,49.585749,2],0.91],[[511633,18.738514,49.569174,1],1.57],[[511935,18.821553,49.556686,2],0.4],[[511951,18.706198,49.547928,1],0.84],[[511986,18.637844,49.527977,1],1.35],[[512028,18.80242,49.55934,2],0.93],[[512176,18.737315,49.616708,2],0.78],[[512184,18.339222,49.606756,2],1.07],[[512192,18.461438,49.694745,1],0.86],[[549665,18.472974,49.619845,2],0.84],[[549673,18.481485,49.582088,1],2.91],[[552488,18.468124,49.68244,1],1.02],[[552518,18.426436,49.660825,2],0.32],[[552542,18.492374,49.660491,2],0.29],[[552551,18.363604,49.670019,2],0.89],[[552569,18.272916,49.686041,2],0.16],[[552577,18.347648,49.564927,1],0.66],[[552593,18.398071,49.579287,1],0.52],[[552607,18.488568,49.684257,1],1.14],[[552623,18.529296,49.712553,2],0.53],[[552640,18.571511,49.641202,1],1.26],[[552682,18.457023,49.635907,1],1.77],[[552691,18.304316,49.708875,1],0.38],[[554014,18.759182,49.5873,3],0.87],[[554928,18.713186,49.666714,3],0.28],[[556971,18.61356,49.705458,2],1.05],[[557226,18.787469,49.57477,2],2.02],[[568791,18.4663,49.724989,1],0.28],[[568813,18.48628,49.608863,1],0.35],[[568830,18.317179,49.733473,2],0.64],[[569631,18.327726,49.689354,2],0.53],[[598003,18.367422,49.682031,5],0.38],[[598011,18.372443,49.645943,3],0.46],[[598038,18.222205,49.700196,3],0.31],[[598046,18.409749,49.717092,1],1.8],[[598062,18.720488,49.63667,3],0.32],[[598071,18.337697,49.548829,3],0.84],[[598089,18.414037,49.673927,3],0.45],[[598101,18.481063,49.712825,2],0.26],[[598135,18.223315,49.666867,2],0.35],[[598143,18.358605,49.591902,3],0.6],[[598160,18.541393,49.682383,2],0.21],[[598259,18.764694,49.576815,3],1.09],[[598275,18.39622,49.744405,1],1.81],[[598321,18.256672,49.590494,3],1.1],[[598348,18.235519,49.729234,2],0.73],[[598356,18.261235,49.550798,2],1.77],[[598399,18.449769,49.716011,2],0.71],[[598445,18.524824,49.596169,2],0.23],[[598453,18.754281,49.527472,3],0.7],[[598542,18.391751,49.535196,2],0.67],[[598551,18.315185,49.63477,3],0.17],[[598569,18.290478,49.731885,3],0.33],[[598674,18.368797,49.71846,2],1.17],[[598691,18.221998,49.623907,2],0.99],[[598747,18.44589,49.472486,1],1.69],[[598810,18.67089,49.677731,5],0.29],[[552739,18.481997,49.797901,3],0.3],[[555088,18.430725,49.780492,5],0.3],[[555291,18.569232,49.768592,2],1.29],[[598178,18.436881,49.749749,2],0.42],[[598917,18.543319,49.856752,5],0.14],[[598925,18.524545,49.786552,3],0.07],[[598933,18.623896,49.747144,4],0.69],[[598941,18.460901,49.894214,3],0.07],[[598968,18.428262,49.898856,3],0.19],[[599051,18.357074,49.904426,4],0.14],[[599069,18.425108,49.870238,5],0.3],[[599077,18.547898,49.895965,3],0.31],[[599085,18.389513,49.831096,3],0.09],[[599107,18.376369,49.86635,3],0.16],[[599140,18.525286,49.817011,2],0.31],[[599158,18.48302,49.752419,3],0.56],[[500259,18.114362,49.539264,2],0.82],[[546984,18.001712,49.73417,1],1.24],[[554065,17.787781,49.695138,1],3.91],[[554171,18.003387,49.604647,2],0.16],[[554910,17.866773,49.628789,1],1.99],[[554936,18.047592,49.800422,1],4.34],[[555312,17.972636,49.703412,1],1.37],[[556858,18.082863,49.757218,1],0.81],[[568406,17.979978,49.790806,1],0.32],[[568431,18.152729,49.546979,1],4.34],[[568473,18.103114,49.613357,2],1.14],[[568481,17.947885,49.610207,1],1.12],[[568546,17.989756,49.63387,2],0.86],[[568554,18.076024,49.600825,2],0.67],[[568562,17.805443,49.713775,1],26.96],[[568571,17.768413,49.707069,0],19.14],[[568643,18.188284,49.669288,1],0.43],[[568686,18.132574,49.689142,1],0.37],[[568716,18.134051,49.657664,1],0.78],[[568732,18.107297,49.563672,2],0.37],[[568741,18.095627,49.70179,1],1.81],[[568775,18.004007,49.700606,1],0.43],[[569666,17.957475,49.683,1],3.42],[[569747,17.871191,49.75108,0],1.92],[[569755,18.178045,49.684846,1],0.39],[[599191,18.013636,49.594425,4],0.53],[[599212,18.054715,49.66894,2],0.81],[[599247,18.015919,49.756486,3],0.47],[[599344,18.21089,49.548445,4],0.45],[[599352,17.903301,49.712474,3],1.47],[[599409,18.023783,49.53866,2],0.74],[[599468,17.905365,49.61204,2],0.61],[[599506,18.130739,49.754094,2],0.36],[[599565,18.14491,49.59957,4],0.28],[[599603,18.170051,49.563651,2],0.34],[[599646,17.706584,49.688754,1],12.8],[[599689,18.059792,49.536937,3],1.02],[[599701,17.83095,49.662648,3],0.89],[[599743,18.15153,49.707197,2],1.5],[[599808,18.145096,49.641036,3],0.53],[[599832,18.08701,49.657799,2],2.09],[[599867,17.722514,49.704203,1],7.2],[[599905,17.961801,49.576961,3],1.08],[[599921,18.078634,49.723516,3],0.57],[[599930,17.928263,49.65582,3],1.22],[[599948,18.117521,49.591905,3],0.32],[[599956,18.221589,49.570086,2],0.63],[[599964,18.014705,49.792766,1],1.12],[[599999,18.238113,49.520494,3],0.8],[[505927,17.894899,49.94076,5],0.48],[[506192,18.128764,49.942415,2],0.59],[[506214,18.08369,49.951819,3],0.33],[[506320,17.749685,50.015393,2],1.1],[[506451,17.865664,49.791678,2],2.09],[[506460,17.629792,49.79521,3],0.37],[[506702,18.101406,49.923215,3],0.45],[[506753,18.089995,49.899842,3],0.21],[[507016,18.190649,49.896627,4],0.3],[[507105,18.008393,50.00309,2],0.94],[[507113,17.808573,49.998525,2],1.89],[[507261,18.054935,49.882583,2],1.05],[[507270,17.875924,49.871107,3],1.15],[[507377,17.684108,49.915196,2],1.24],[[507504,18.052227,49.98558,3],0.41],[[507580,18.004827,49.93213,3],0.63],[[507920,17.751529,49.90397,1],3.15],[[507971,18.24019,49.89052,3],0.18],[[508128,18.23613,49.906049,2],0.36],[[508144,17.757906,49.850024,1],1.26],[[508373,18.029644,49.904714,2],0.42],[[509574,17.960845,49.991395,2],1.55],[[509612,17.869927,49.916939,2],1.23],[[509647,18.193601,49.978666,2],0.94],[[509736,17.998005,49.849271,2],1.36],[[510289,17.836519,49.9219,2],0.31],[[510297,17.994974,49.988605,1],2],[[510343,17.805574,49.937181,2],1.38],[[510378,18.068504,50.031637,1],1.27],[[510483,18.037518,49.95748,3],1.27],[[510939,17.973904,49.936189,2],0.75],[[511021,17.749517,49.774549,3],1.99],[[511161,17.93542,49.884925,1],1.13],[[512745,18.02101,49.814189,1],0.98],[[512869,18.087213,50.002181,1],0.41],[[512893,17.678131,49.862875,0],3.84],[[512923,17.967589,49.959517,2],0.27],[[512974,18.144995,49.972429,1],0.8],[[547131,17.667329,49.793607,1],3.03],[[547182,18.15595,49.9129,2],0.33],[[547191,17.774912,49.923129,0],3.44],[[553042,17.708278,49.898335,0],5.55],[[553051,17.779797,49.897418,2],3.57],[[553093,17.727963,49.924487,1],3.5],[[553115,17.730857,49.872905,0],2.08],[[553158,17.809969,49.992379,1],0.29],[[553492,18.165759,49.954135,1],0.54],[[554197,17.882754,49.888057,2],2.72],[[555274,18.001326,49.902222,1],1.61],[[568180,17.683296,49.831881,0],1.23],