{"reg":633,"towns":[[[535206,14.525035,48.968311,3],1.05],[[535281,14.35445,49.091233,1],1.81],[[535494,14.507364,49.01349,1],0.85],[[535541,14.307773,48.980659,1],1.07],[[535575,14.334947,48.948248,0],1.75],[[535664,14.510822,48.935899,1],0.93],[[535681,14.519089,48.912174,0],2.12],[[535737,14.494749,48.926848,1],1.96],[[535753,14.541183,49.006592,1],2.64],[[535761,14.569321,48.99562,1],0.91],[[535796,14.527017,48.988054,1],5.74],[[535826,14.539603,49.000624,1],0.51],[[535877,14.545763,48.878549,1],0.85],[[535893,14.545974,49.089591,1],0.81],[[535958,14.546683,49.124437,1],5.94],[[535991,14.335259,49.045975,1],0.99],[[544256,14.480355,48.975758,5],0.51],[[544272,14.500984,49.023491,2],0.91],[[544281,14.642367,48.898704,3],1.19],[[544299,14.434092,48.921882,2],0.53],[[544329,14.383008,49.014436,1],1.03],[[544361,14.309399,49.108733,1],0.48],[[544388,14.58137,49.170963,2],1.36],[[544426,14.346061,49.142904,2],0.42],[[544442,14.360478,48.976295,2],0.21],[[544485,14.434371,49.052354,3],0.43],[[544493,14.429572,48.939,2],0.47],[[544515,14.735114,48.761347,2],0.9],[[544523,14.476024,49.037403,1],0.41],[[544540,14.868392,48.83852,0],1.72],[[544558,14.478672,49.019035,2],0.16],[[544639,14.726899,48.889587,1],0.82],[[544663,14.446481,48.897635,2],0.23],[[544736,14.618133,48.932311,2],0.59],[[544761,14.352239,48.949581,1],0.45],[[544779,14.608479,49.016073,3],0.15],[[544809,14.527609,48.824304,1],0.43],[[544817,14.69925,48.940569,1],2.43],[[544825,14.515037,48.928509,1],2.56],[[544868,14.778483,48.789733,3],0.56],[[544884,14.704931,48.84133,1],0.41],[[544892,14.363919,49.107235,1],0.81],[[544973,14.487539,48.934985,2],1.47],[[544981,14.541889,48.993496,3],0.23],[[545015,14.286606,49.072931,1],0.51],[[545066,14.541407,48.948161,3],0.16],[[545074,14.521073,48.945486,2],0.7],[[545091,14.527777,48.890503,0],2.59],[[545104,14.508621,48.824139,1],1.14],[[545121,14.572298,49.100158,2],0.4],[[545139,14.653443,49.00193,1],0.93],[[545171,14.639338,48.842418,3],0.33],[[545201,14.42067,49.223502,3],0.46],[[545228,14.453933,48.923831,2],1.19],[[545261,14.376014,48.917453,1],0.47],[[545287,14.35799,49.217064,2],0.91],[[545341,14.366234,49.066188,3],0.32],[[545384,14.510527,49.20382,1],0.45],[[598607,14.56456,48.983725,1],1.94],[[513661,14.24726,48.948418,1],0.69],[[536245,14.343803,48.845115,1],4],[[545392,14.317566,48.812835,4],0.37],[[545406,14.627471,48.729507,2],0.88],[[545431,14.218667,48.92998,2],0.31],[[545473,14.409805,48.855526,2],0.29],[[545481,14.165732,48.661044,2],0.59],[[545503,14.405822,48.603883,1],0.86],[[545511,14.032672,48.767465,2],0.34],[[545546,14.211239,48.854119,2],0.37],[[545554,14.258692,48.810921,2],0.23],[[545562,14.496373,48.738589,3],0.81],[[545571,14.305777,48.90507,3],0.23],[[545597,14.22942,48.639427,1],1.33],[[545601,14.257565,48.620292,2],0.53],[[545619,14.576875,48.686212,2],0.64],[[545660,14.443732,48.725918,1],1.57],[[545732,14.345507,48.833173,0],1.16],[[545767,14.365259,48.654353,1],0.77],[[545821,14.462614,48.829589,3],0.08],[[545830,14.286258,48.774351,3],0.33],[[545864,14.369638,48.854873,1],1.61],[[545872,14.40728,48.794137,1],2.14],[[507652,14.841334,49.219107,0],13.15],[[509078,14.904124,49.084695,1],0.62],[[509141,14.900629,48.852822,1],1.04],[[545881,15.006239,49.144582,4],0.11],[[546089,14.963775,48.768608,3],0.49],[[546127,15.434304,49.07992,3],0.19],[[546151,14.924058,49.265237,1],0.87],[[546291,14.911134,49.108751,0],1.36],[[546364,15.042397,49.104515,1],0.62],[[546381,15.005828,49.25718,0],1.25],[[546461,14.928089,48.96245,2],0.14],[[546500,15.06744,49.189995,2],0.62],[[546542,14.853256,49.184882,2],0.31],[[546674,14.717374,49.084786,2],0.17],[[546798,15.103258,49.019361,3],0.27],[[546801,15.072705,49.239453,2],0.16],[[546917,15.462488,48.965043,1],1.88],[[546992,15.184019,49.213683,1],0.68],[[547166,15.351639,48.997636,2],0.12],[[547239,15.199439,49.158567,2],0.49],[[547247,14.878351,49.029989,1],1.74],[[547263,15.286981,49.185258,2],0.23],[[547280,14.877056,48.893435,3],0.27],[[547336,14.764232,49.003615,3],0.39],[[561053,15.144034,49.210179,0],1.49],[[561711,15.096553,49.142295,1],0.89],[[562360,14.925675,48.810739,1],1.17],[[562378,14.952798,48.979627,0],1.51],[[562386,14.913529,48.949506,1],1.01],[[562599,14.937594,49.177749,0],1.51],[[549240,14.158129,49.303554,5],0.31],[[549266,14.381118,49.368999,2],0.68],[[549339,14.069328,49.465681,1],0.65],[[549347,14.093158,49.356861,2],0.89],[[549363,14.048531,49.29535,1],1.25],[[549452,14.427673,49.52356,2],1.68],[[549517,14.278199,49.517705,2],0.42],[[549525,14.110652,49.495809,0],2.81],[[549576,14.360109,49.450998,3],0.42],[[549584,14.037078,49.429185,2],0.72],[[549592,14.035924,49.515657,2],0.4],[[549771,14.217277,49.199591,3],0.15],[[549991,14.12798,49.383148,1],0.93],[[562289,14.177156,49.35378,0],2.56],[[598852,14.441291,49.481012,0],2.32],[[529923,13.899419,49.046302,0],3.33],[[537136,13.928608,49.020356,0],2.7],[[537144,13.946255,49.039499,0],5.88],[[537241,14.237677,49.024865,0],2.94],[[537381,14.256061,49.047948,0],4.44],[[537420,14.231802,49.01045,0],2.22],[[550094,14.0001,49.01101,4],0.43],[[550159,13.934788,49.115542,1],1.07],[[550167,13.829161,49.115134,2],2.51],[[550205,13.758797,48.957149,1],2.29],[[550221,14.088637,49.0589,1],0.85],[[550230,13.987074,49.055065,2],0.75],[[550248,13.965462,49.06667,1],2.24],[[550264,14.067078,48.956632,1],0.77],[[550329,14.132752,48.917082,1],0.87],[[550418,14.225863,49.091285,1],0.87],[[550434,14.052436,49.005858,1],0.61],[[550442,14.197098,49.049406,3],0.37],[[550531,13.720476,48.908412,1],1.49],[[550540,14.055317,49.084131,2],0.24],[[550621,13.729209,49.13697,2],0.41],[[550647,13.774586,49.052562,3],0.34],[[550655,14.073468,49.046493,1],1.23],[[550663,13.958519,49.081457,2],0.68],[[550671,13.886674,48.908916,3],0.55],[[550698,13.894683,49.10755,1],1],[[561649,13.850712,49.114639,0],4.68],[[536482,13.817615,49.208759,0],3.33],[[536563,13.830176,49.302187,0],1.16],[[536601,13.827677,49.465172,0],3.38],[[536644,13.962118,49.238537,0],8.33],[[536822,13.989092,49.410552,0],3.12],[[536831,13.862757,49.219149,0],2.63],[[536849,13.933539,49.280612,1],0.9],[[536881,13.782924,49.286063,1],1.76],[[536920,13.765623,49.255508,0],4.05],[[537063,13.842454,49.365361,0],3.22],[[550787,13.910408,49.260504,4],1.3],[[550809,14.079028,49.121951,2],0.26],[[550817,13.875856,49.502517,1],0.33],[[550850,13.881864,49.424993,3],0.46],[[550906,14.029493,49.215169,1],1.31],[[550922,14.020488,49.25292,1],1.73],[[550957,13.8038,49.167929,1],1.21],[[550981,13.862024,49.352117,1],1.01],[[551163,13.982656,49.227879,0],3.7],[[551180,13.774881,49.402831,1],1.65],[[551201,13.830458,49.273591,2],1.11],[[551261,13.804051,49.227936,0],2.66],[[551350,13.784168,49.458006,1],0.57],[[551392,13.812134,49.347873,1],1.19],[[551473,13.97019,49.453257,1],2.15],[[551520,13.861812,49.188367,1],1.47],[[551554,13.797628,49.26277,1],7.4],[[551562,13.963291,49.318408,1],0.72],[[551619,13.849231,49.257287,1],3.75],[[551635,13.935156,49.132138,1],2.43],[[551643,13.974442,49.277278,1],1.36],[[551660,13.930344,49.31645,2],0.81],[[551678,13.898673,49.233625,1],1.03],[[551716,13.939059,49.377258,2],0.27],[[551759,13.868628,49.232155,1],1.42],[[551775,13.729712,49.202554,0],1.12],[[551791,13.75606,49.297703,1],0.44],[[551856,14.005988,49.267249,1],0.41],[[551899,13.861096,49.33264,1],2.72],[[551953,14.175231,49.147997,3],0.26],[[551961,13.747986,49.252497,1],6.41],[[551970,13.886339,49.165886,3],1.17],[[560201,13.733768,49.187495,0],2.38],[[598887,14.069728,49.177594,0],2.08],[[549631,14.479339,49.502815,1],1.95],[[551601,14.769036,49.378459,1],0.97],[[552046,14.677566,49.413089,5],0.58],[[552054,14.468202,49.295336,3],0.45],[[552101,14.61307,49.505132,1],0.52],[[552208,14.844867,49.242967,1],0.68],[[552283,14.640682,49.415254,1],2.41],[[552291,14.59882,49.399131,0],6],[[552461,14.677049,49.478132,2],0.19],[[552496,14.811319,49.406872,2],0.23],[[552534,14.527704,49.485634,2],0.65],[[552666,14.578788,49.364014,2],0.77],[[552704,14.808669,49.53323,3],0.14],[[552721,14.7457,49.299224,