{"reg":634,"towns":[[[581283,16.647855,49.36495,4],0.1],[[581356,16.671585,49.581447,1],0.6],[[581372,16.660076,49.487612,4],0.16],[[581496,16.581502,49.413707,2],0.29],[[581534,16.628098,49.502996,0],5.33],[[581542,16.629473,49.436736,2],0.2],[[581682,16.756055,49.344631,3],0.09],[[581739,16.69513,49.539688,1],1.14],[[581755,16.754045,49.530418,1],0.92],[[581992,16.526068,49.396274,0],1.78],[[582018,16.537263,49.451697,2],0.25],[[582131,16.732103,49.507604,1],0.39],[[582158,16.421795,49.557654,2],0.45],[[582182,16.762786,49.382462,2],0.25],[[582204,16.489694,49.533771,0],1.61],[[582239,16.640964,49.410419,3],0.07],[[582336,16.603686,49.481246,1],3.96],[[582433,16.576,49.334534,1],2.47],[[582484,16.751985,49.410633,1],0.35],[[582557,16.543917,49.370995,1],1.01],[[586005,16.57215,49.375272,0],2.56],[[550973,16.606937,49.19516,5],0.29],[[550990,16.606937,49.19516,4],0.38],[[551007,16.606937,49.19516,4],0.55],[[551031,16.606937,49.19516,5],0.32],[[551058,16.606937,49.19516,4],0.26],[[551066,16.606937,49.19516,3],0.27],[[551074,16.606937,49.19516,3],0.21],[[551082,16.606937,49.19516,4],0.32],[[551091,16.606937,49.19516,4],0.15],[[551112,16.606937,49.19516,4],0.2],[[551147,16.606937,49.19516,4],0.28],[[551171,16.606937,49.19516,3],0.18],[[551198,16.606937,49.19516,4],0.25],[[551210,16.606937,49.19516,2],1.09],[[551228,16.606937,49.19516,3],0.13],[[551236,16.606937,49.19516,3],0.68],[[551244,16.606937,49.19516,4],0.35],[[551252,16.606937,49.19516,3],0.47],[[551279,16.606937,49.19516,4],0.3],[[551287,16.606937,49.19516,5],0.34],[[551295,16.606937,49.19516,3],0.07],[[551309,16.606937,49.19516,3],0.53],[[551317,16.606937,49.19516,3],0.09],[[551325,16.606937,49.19516,2],0.11],[[551368,16.606937,49.19516,3],0.74],[[551406,16.606937,49.19516,2],0.23],[[582786,16.606937,49.19516,6],0.32],[[549789,16.355945,49.233025,1],0.81],[[550272,16.514581,48.993768,1],1.4],[[581429,16.755163,49.282167,2],0.41],[[582123,16.394338,49.425693,0],1.42],[[582824,16.672575,49.247178,3],0.17],[[582859,16.644601,49.055066,2],0.36],[[582921,16.56551,49.280178,2],0.31],[[582930,16.278687,49.137181,1],0.6],[[582956,16.465024,49.070212,2],0.16],[[583057,16.776652,49.236641,1],0.97],[[583065,16.442271,49.327964,1],1.55],[[583081,16.59439,49.038731,3],0.39],[[583090,16.425292,49.247005,1],0.99],[[583120,16.377622,49.101545,3],0.06],[[583201,16.26264,49.159216,1],1.65],[[583235,16.376457,49.156753,1],12.1],[[583251,16.531546,49.298618,4],0.02],[[583286,16.578848,49.291537,2],0.14],[[583383,16.694343,49.082495,2],0.24],[[583391,16.614517,49.12799,3],0.21],[[583405,16.751677,49.22287,3],0.11],[[583545,16.451834,49.170033,1],0.8],[[583588,16.336633,49.123447,3],0.06],[[583596,16.54559,49.161102,2],0.34],[[583600,16.409562,49.210924,1],0.45],[[583634,16.72095,49.190524,2],0.86],[[583715,16.299175,49.195583,1],1.79],[[583723,16.266436,49.278696,1],0.66],[[583782,16.387975,49.18242,3],8.93],[[583821,16.694045,49.257564,1],1.75],[[583839,16.393723,49.215075,2],0.15],[[583880,16.557396,49.059999,1],0.76],[[583898,16.721665,49.11402,2],0.33],[[583901,16.253595,49.239197,1],0.7],[[583910,16.50409,49.152312,3],0.09],[[583936,16.546565,49.079913,2],1.05],[[583952,16.727418,49.168729,3],0.62],[[583987,16.405736,49.170348,2],3.87],[[584002,16.424485,49.348818,3],0.06],[[584118,16.401931,49.236997,1],0.74],[[584177,16.284964,49.183126,1],1.08],[[584185,16.32536,49.170641,1],0.37],[[584207,16.363201,49.188096,3],0.23],[[584215,16.294251,49.221653,2],1.33],[[584231,16.602677,49.011697,2],0.3],[[584266,16.581479,49.116986,2],0.81],[[584274,16.45055,49.359718,1],0.69],[[584282,16.618911,49.039624,3],0.2],[[584517,16.575843,48.929811,1],1.5],[[584720,16.654416,49.013902,2],0.55],[[584801,16.524557,48.981287,3],2.33],[[584843,16.57344,48.961724,2],2.2],[[585025,16.484529,48.933846,1],0.53],[[585033,16.606707,48.966097,2],0.72],[[591661,16.244551,49.124447,1],0.64],[[595314,16.361217,49.400915,1],0.68],[[558443,16.872412,48.805496,2],0.25],[[584291,16.882617,48.75324,4],0.16],[[584304,16.622349,48.834789,1],2.54],[[584347,16.853168,48.913124,2],0.38],[[584428,16.592933,48.854571,2],0.47],[[584452,16.762404,48.774086,2],0.9],[[584487,16.97415,48.792823,2],0.6],[[584495,16.737726,48.940946,3],0.05],[[584550,16.859619,48.995112,2],0.27],[[584568,16.891691,48.932959,2],0.29],[[584584,16.910379,48.989106,2],0.63],[[584622,16.967053,48.724531,3],0.09],[[584631,16.803498,48.800018,2],0.32],[[584649,16.637788,48.805383,3],0.25],[[584797,16.848324,48.82564,3],0.12],[[584860,16.813408,48.858211,2],0.57],[[584908,16.775476,48.907566,1],1.33],[[584959,17.013324,48.779531,2],0.6],[[584975,16.755094,48.74079,3],0.1],[[584991,16.870336,49.033238,1],0.59],[[585009,16.672186,48.991777,2],0.17],[[585017,16.816155,48.904792,3],0.1],[[585041,16.897893,48.915184,2],0.36],[[586021,17.126102,48.853039,4],0.16],[[586030,17.004911,49.043689,1],0.36],[[586081,17.266959,48.973463,3],0.08],[[586099,16.965214,48.946631,2],0.46],[[586129,16.917678,49.038383,2],0.27],[[586137,17.028691,48.858707,3],0.1],[[586161,17.090148,48.917038,3],0.26],[[586170,16.993562,48.95503,2],0.25],[[586285,17.399733,48.918744,1],0.58],[[586293,17.488933,48.859737,1],0.68],[[586307,17.12261,49.009967,4],0.15],[[586358,17.071145,48.841077,3],0.12],[[586412,17.02928,48.904228,3],0.19],[[586480,17.278203,48.882055,2],0.25],[[586498,16.980787,48.828498,2],0.63],[[586510,17.165713,48.920114,3],0.23],[[586528,17.183408,48.880497,3],0.54],[[586552,17.079041,49.01974,1],0.34],[[586561,16.981633,48.878704,1],0.35],[[586587,17.31691,48.901117,3],0.17],[[586668,17.265026,49.00165,1],1.29],[[586676,16.942659,48.955636,1],6.8],[[586722,17.381015,48.952477,4],0.3],[[586757,17.350609,48.931064,3],0.25],[[586765,17.211104,48.975328,3],0.08],[[550132,16.86616,49.248136,1],0.68],[[550825,16.812243,49.177588,2],0.34],[[592889,16.996199,49.277552,4],0.14],[[593044,16.913792,49.141595,2],0.33],[[593117,17.093537,49.305518,3],0.11],[[593150,17.026237,49.171903,1],1.16],[[593168,16.906888,49.216446,1],0.51],[[593214,16.829426,49.142261,2],0.15],[[593265,16.850309,49.068009,1],0.93],[[593346,17.090766,49.257021,1],0.47],[[593486,17.010822,49.365845,0],1.08],[[593494,17.063799,49.258521,1],0.46],[[593508,17.02803,49.322614,2],0.2],[[593516,16.872942,49.276006,2],0.3],[[593524,17.003932,49.323013,1],0.62],[[593559,16.882252,49.201381,3],0.17],[[593613,16.803613,49.117564,2],0.32],[[593648,16.918474,49.233446,1],0.62],[[593656,17.050332,49.244453,1],1.45],[[593664,16.857178,49.128919,1],0.4],[[546941,16.085512,48.848447,2],0.14],[[555231,16.089121,48.866218,2],0.28],[[587729,16.060675,48.830248,2],0.64],[[593711,16.054368,48.856011,5],0.29],[[593851,15.964567,48.884055,1],0.6],[[594041,16.025651,48.923757,1],0.43],[[594067,16.163476,48.8369,2],0.23],[[594156,16.40281,48.830008,3],0.12],[[594172,16.082449,48.786677,1],0.73],[[594202,15.990027,48.987465,2],0.26],[[594261,15.986425,48.921596,1],0.67],[[594458,16.312624,48.94777,3],0.1],[[594482,16.311798,49.049031,3],0.1],[[595004,15.630477,48.913336,1],3.19],[[595098,15.812799,48.894799,1],0.37],[[595187,16.168847,48.92681,1],1.85]],"districts":[["CZ0641",0.13],["CZ0642",0.32],["CZ0643",0.52],["CZ0644",0.17],["CZ0645",0.18],["CZ0646",0.12],["CZ0647",0.16]],"regions":[["CZ064",null]]}