{"reg":637,"towns":[[[506737,17.711595,49.389281,2],0.94],[[542318,17.645401,49.44257,0],1.11],[[542393,17.413233,49.228329,0],3.94],[[549690,17.564472,49.361618,0],5.26],[[549720,17.616021,49.320079,1],3.2],[[557188,17.36013,49.254875,1],5.93],[[587257,17.23521,49.149944,0],24],[[587354,17.43461,49.230694,1],1.03],[[587397,17.186821,49.268795,0],0.96],[[588296,17.39948,49.291758,5],3.75],[[588300,17.426201,49.245527,1],1.16],[[588326,17.334894,49.329903,1],2.65],[[588377,17.660807,49.36344,1],1.25],[[588385,17.440825,49.351167,1],4.68],[[588393,17.674121,49.399337,3],1.67],[[588458,17.57843,49.33341,4],5.89],[[588474,17.617522,49.301023,1],2.56],[[588482,17.233888,49.208645,0],1.75],[[588491,17.463848,49.316992,3],3.05],[[588504,17.645513,49.362473,1],1.61],[[588512,17.364618,49.35654,3],1.82],[[588521,17.382954,49.203174,1],1.95],[[588547,17.231009,49.166079,0],3.15],[[588555,17.618744,49.35638,1],3.22],[[588563,17.377672,49.267176,1],1.04],[[588601,17.164435,49.10649,3],1.24],[[588610,17.511445,49.374174,1],0.77],[[588636,17.515668,49.289235,1],4.46],[[588644,17.469853,49.242324,2],1.86],[[588652,17.402164,49.377252,1],3.7],[[588661,17.588001,49.273774,1],1.09],[[588695,17.208524,49.202303,1],2.12],[[588709,17.721131,49.421886,1],0.74],[[588717,17.398055,49.220846,1],3.49],[[588725,17.540777,49.299616,1],2.73],[[588733,17.344491,49.301479,1],0.87],[[588741,17.601188,49.310408,1],3.48],[[588750,17.549103,49.276669,1],6.11],[[588768,17.209733,49.249941,3],2.56],[[588784,17.497843,49.364766,1],2.52],[[588806,17.166004,49.203726,0],4.41],[[588814,17.453821,49.210212,1],3.46],[[588822,17.751607,49.431087,1],5.73],[[588849,17.169012,49.25977,1],1.84],[[588865,17.228235,49.271262,1],0.78],[[588873,17.79516,49.420849,1],4.48],[[588890,17.495591,49.324587,1],4.19],[[588903,17.587212,49.379083,2],4.28],[[588920,17.813268,49.413088,1],2.5],[[588938,17.335656,49.2714,2],2.75],[[588946,17.538595,49.367004,1],0.37],[[588954,17.286157,49.188888,1],1.87],[[588962,17.689193,49.348527,1],2.95],[[588971,17.526316,49.342008,1],4.07],[[588997,17.670437,49.377245,1],3.31],[[589004,17.359592,49.233688,1],2.18],[[589039,17.211177,49.142634,1],3.01],[[589047,17.449702,49.257184,1],6.84],[[589080,17.268275,49.230501,1],1.44],[[589098,17.519351,49.319485,1],13.04],[[589128,17.281547,49.28519,1],0.73],[[589136,17.693071,49.447233,1],4.41],[[589152,17.560195,49.304651,1],3.78],[[589161,17.352936,49.382726,1],2.21],[[589187,17.284751,49.248989,2],2.9],[[589195,17.319096,49.227808,2],1.65],[[589217,17.312714,49.301917,1],7.2],[[589225,17.436042,49.372004,1],3.78],[[589233,17.604528,49.291574,1],4.44],[[550744,17.470215,49.045088,3],1.77],[[550752,17.433488,49.075248,3],2.19],[[592005,17.49595,49.059897,5],2.07],[[592013,17.476827,49.123859,2],5.51],[[592021,17.717631,48.988113,2],0.45],[[592030,17.549716,49.099749,2],2.52],[[592048,17.814983,49.038744,3],0.68],[[592056,17.571104,48.934962,1],0.42],[[592064,17.350953,49.062643,2],1.62],[[592081,17.580451,49.121484,2],3.72],[[592099,17.742769,48.922188,2],0.71],[[592102,17.338628,49.086371,2],2.24],[[592111,17.764159,48.974921,1],3.19],[[592137,17.619917,49.10453,1],3.9],[[592145,17.585962,48.968468,3],1.49],[[592153,17.600184,49.047152,1],1.64],[[592170,17.526788,48.988219,3],1.36],[[592200,17.582201,49.049868,2],3.45],[[592218,17.464577,49.108271,1],2.75],[[592226,17.427985,49.116359,2],1.09],[[592234,17.388585,49.154219,1],1.12],[[592269,17.516817,49.098647,2],1.17],[[592277,17.800925,48.99393,1],1.34],[[592285,17.665308,48.94107,1],0.72],[[592293,17.407042,49.045476,1],0.96],[[592307,17.416297,49.157681,1],2.14],[[592323,17.457274,49.131767,1],1.44],[[592340,17.781225,48.942882,0],1.81],[[592382,17.536075,49.086778,2],0.67],[[592391,17.403508,49.112121,1],1.03],[[592404,17.589225,49.099385,1],1.76],[[592412,17.38152,49.031694,2],0.54],[[592421,17.752313,49.016782,1],4.9],[[592439,17.647683,48.974744,3],0.47],[[592447,17.300934,49.030686,1],1.21],[[592455,17.467622,48.975689,2],1.09],[[592463,17.436427,49.004438,3],0.85],[[592471,17.249789,49.055871,1],1.3],[[592480,17.644446,49.07963,1],6.07],[[592498,17.850785,49.038403,1],0.44],[[592501,17.529564,49.0409,1],2.38],[[592510,17.340746,49.033999,2],1.47],[[592528,17.527232,49.052651,2],1.99],[[592536,17.633144,49.069003,2],3.69],[[592579,17.611677,48.946995,1],0.4],[[592587,17.277842,49.129212,0],1.63],[[592609,17.86312,48.965972,1],2.6],[[592617,17.706822,48.902257,3],2.91],[[592625,17.307593,49.05671,1],1.73],[[592633,17.248767,49.117266,0],1.38],[[592641,17.713899,48.970109,2],0.19],[[592650,17.452331,49.122346,1],1.49],[[592668,17.62464,49.116539,0],0.94],[[592676,17.72216,49.028682,2],0.63],[[592692,17.544444,49.121967,2],3.52],[[592706,17.436325,49.130976,2],1.93],[[592714,17.331526,49.048213,0],1.16],[[592722,17.369935,49.084369,2],1.97],[[592731,17.649938,49.030373,4],1.41],[[592749,17.389953,48.985657,3],1.09],[[592757,17.272063,49.036216,0],2.27],[[592781,17.312035,49.034552,1],2],[[592790,17.394372,49.105527,2],2.03],[[592803,17.562531,49.037101,1],0.9],[[592820,17.581938,49.009996,3],2.54],[[592846,17.779332,49.022764,2],0.24],[[592854,17.628309,49.129954,1],1.92],[[592862,17.379491,49.074059,2],0.8],[[592871,17.880344,48.980354,0],1.85],[[541630,17.993952,49.339025,5],3.45],[[541648,17.89306,49.461056,1],1.71],[[541711,17.974099,49.415411,2],1.17],[[541800,18.194298,49.455076,2],1.44],[[542644,18.11186,49.201841,2],1.98],[[542679,18.1476,49.317501,2],3.47],[[542687,18.288701,49.43226,2],2.01],[[542725,18.061103,49.181314,2],2.16],[[542750,17.869548,49.354774,2],3.44],[[542768,18.060734,49.303745,2],4.48],[[542784,18.090479,49.303274,2],2.14],[[542814,18.217836,49.429584,2],1.94],[[542831,17.898722,49.495846,1],3.59],[[542865,17.950317,49.383651,2],4.14],[[542903,17.965972,49.444628,1],0.84],[[542911,18.240174,49.351376,3],2.38],[[542946,17.885865,49.382193,2],2.08],[[542989,17.815441,49.478541,3],2.74],[[542997,17.865253,49.492821,1],4.67],[[543021,17.809991,49.444343,1],1.36],[[543098,18.016608,49.178879,1],2.54],[[544264,17.998777,49.284384,1],2.65],[[544302,17.930151,49.520653,2],1.4],[[544370,18.051411,49.20313,2],1.61],[[544396,17.921879,49.290608,2],2.45],[[544418,17.832764,49.438791,1],6.03],[[544434,18.019755,49.239886,1],1.43],[[544469,18.04863,49.409504,1],2.65],[[544507,17.925167,49.413614,1],2.45],[[544566,18.198046,49.337068,3],0.79],[[544574,17.917399,49.432567,1],1.27],[[544655,17.955546,49.233333,1],0.62],[[544671,17.961456,49.248001,1],2.31],[[544698,18.252106,49.436192,2],1.6],[[544728,17.942957,49.387569,1],0.44],[[544787,17.915097,49.367793,2],1.86],[[544841,18.143131,49.458626,4],2.12],[[544850,17.995701,49.394052,1],4.33],[[544914,18.097917,49.177303,1],3.48],[[544922,18.056978,49.458663,1],1.12],[[544931,18.083277,49.162525,1],2.9],[[544949,18.109885,49.415172,2],1.99],[[544990,17.996783,49.262249,2],3.39],[[545058,17.971237,49.471904,4],3.65],[[545112,18.053888,49.165971,1],3.77],[[545147,18.035719,49.437895,1],1.27],[[545163,18.283665,49.360736,2],1.65],[[545198,18.094836,49.441612,2],0.68],[[545210,18.184136,49.443885,2],1.27],[[545236,18.044471,49.474196,3],1.46],[[545244,18.077943,49.261068,1],1.19],[[545252,18.092595,49.466126,3],1.52],[[553026,18.11706,49.225377,1],5.38],[[556866,17.958094,49.304675,1],1.49],[[569496,17.857251,49.430358,1],1.85],[[570346,18.020158,49.312144,1],7.17],[[570371,18.003211,49.308336,1],9.52],[[534811,17.77407,49.140048,0],1.36],[[535184,17.982741,49.177486,1],1.41],[[538744,17.656742,49.184965,2],7.61],[[549401,17.769364,49.129313,2],2.83],[[549436,17.568861,49.150786,1],10.79],[[549444,17.561448,49.181867,1],2.73],[[549461,17.537954,49.176665,1],4.12],[[549533,18.035541,49.154482,1],2.39],[[549622,17.768842,49.215383,1],2.2],[[549649,17.587443,49.221167,2],5.82],[[556874,17.810083,49.105005,1],2.5],[[557102,17.926421,49.090273,1],4.06],[[557145,17.668809,49.30359,1],4.63],[[557170,17.76694,49.271025,1],2.24],[[573434,17.602533,49.169435,1],5.24],[[585068,17.662863,49.224537,5],4.75],[[585076,17.710527,