{"reg":642,"towns":[[[548189,15.293094,49.648891,0],5],[[548197,15.600679,49.744607,0],6.25],[[548260,15.618547,49.601128,0],1.26],[[548278,15.612697,49.631361,0],1.51],[[548308,15.623325,49.629564,0],1.44],[[548316,15.524426,49.577036,0],2.56],[[548341,15.452365,49.514827,0],10.52],[[548359,15.301494,49.693104,0],1.72],[[548413,15.58347,49.713475,0],1.75],[[548529,15.540336,49.534276,0],2.27],[[548570,15.431616,49.707561,0],3.7],[[548596,15.54733,49.82401,0],3.57],[[548634,15.767847,49.721628,0],1.26],[[555266,15.437793,49.648874,1],1.91],[[568414,15.579755,49.604436,4],0.41],[[568457,15.286899,49.667888,1],2.02],[[568465,15.590083,49.791915,0],1.61],[[568503,15.691066,49.643015,2],0.58],[[568520,15.33518,49.741853,1],2.19],[[568601,15.382401,49.627806,1],1.42],[[568619,15.410323,49.69888,0],2.81],[[568635,15.476967,49.816361,3],1.06],[[568651,15.484963,49.756128,2],1.79],[[568660,15.781671,49.635883,1],0.27],[[568678,15.457184,49.530935,2],1.13],[[568694,15.202877,49.685299,1],5.59],[[568708,15.588589,49.672094,1],0.91],[[568724,15.295565,49.707329,0],4.49],[[568759,15.671142,49.720714,3],0.48],[[568767,15.443719,49.767642,0],4],[[568805,15.641764,49.792454,1],0.86],[[568821,15.519989,49.711957,1],3.47],[[568848,15.275344,49.643905,1],6.41],[[568881,15.658186,49.657213,0],2.53],[[568899,15.293073,49.734658,0],7.14],[[568902,15.253313,49.670414,1],6.25],[[568937,15.684616,49.625837,0],2.08],[[568945,15.852171,49.688511,2],0.51],[[568988,15.277827,49.695269,3],7.08],[[569011,15.39771,49.761453,1],5.71],[[569020,15.704338,49.745023,1],0.29],[[569038,15.542919,49.554584,2],0.73],[[569046,15.413664,49.613125,1],0.46],[[569062,15.496764,49.662406,1],1.02],[[569071,15.465269,49.688715,0],2.35],[[569089,15.676917,49.772128,1],0.36],[[569127,15.770401,49.608287,0],1.11],[[569151,15.404017,49.785954,0],1.81],[[569186,15.490933,49.630014,2],0.65],[[569216,15.547785,49.68167,1],0.82],[[569241,15.332621,49.699317,0],1.92],[[569291,15.648156,49.606211,1],0.76],[[569313,15.323639,49.724592,0],1.78],[[569321,15.73865,49.576939,3],0.55],[[569348,15.425737,49.670936,1],2.15],[[569364,15.545004,49.661841,0],1.72],[[569402,15.683152,49.791978,0],1.11],[[569429,15.411535,49.734505,1],3.96],[[569461,15.487779,49.843818,0],1.35],[[569488,15.780817,49.742924,1],0.65],[[569569,15.404038,49.66811,3],1.28],[[569585,15.657789,49.542525,1],0.81],[[569593,15.588733,49.502586,2],1.46],[[569615,15.493338,49.705057,1],2.3],[[569623,15.332281,49.655284,0],1.33],[[569640,15.585655,49.768087,1],1.44],[[569658,15.502573,49.5143,1],2.01],[[569682,15.526155,49.639737,1],0.53],[[569712,15.53594,49.815761,1],0.52],[[569721,15.321935,49.686513,1],0.77],[[569780,15.813706,49.696057,3],0.48],[[569801,15.735236,49.610734,1],1.43],[[573558,15.447573,49.54715,0],3.57],[[573566,15.240686,49.754546,0],3.26],[[573574,15.216372,49.716741,0],1.66],[[573582,15.652667,49.770412,0],1.17],[[506729,15.490478,49.375465,0],3.48],[[550299,15.537956,49.471478,1],1.62],[[586846,15.595469,49.41586,5],2.61],[[586854,15.823702,49.436298,0],1.72],[[586862,15.410734,49.290179,2],0.94],[[586889,15.560205,49.417417,1],3.96],[[586897,15.734153,49.368136,1],1.96],[[586943,15.676522,49.307047,3],1.32],[[586951,15.72724,49.526068,1],1.23],[[586986,15.587278,49.334875,0],4.87],[[587028,15.650023,49.478429,2],0.79],[[587036,15.73659,49.462343,1],1.19],[[587044,15.456651,49.344588,2],0.99],[[587061,15.520541,49.135989,0],4.87],[[587079,15.434721,49.236937,0],5],[[587087,15.39771,49.451107,0],3.5],[[587095,15.432836,49.408817,1],2.2],[[587125,15.611458,49.214727,0],2.04],[[587150,15.413786,49.389244,0],2.72],[[587168,15.317105,49.259681,1],0.87],[[587222,15.469125,49.392193,0],1.38],[[587249,15.723948,49.431232,1],0.59],[[587265,15.830768,49.421358,0],4],[[587273,15.484258,49.323203,0],6.97],[[587290,15.292576,49.261225,0],1.21],[[587346,15.780333,49.366688,2],0.73],[[587362,15.652675,49.51005,0],1.29],[[587389,15.604156,49.094109,0],3.65],[[587401,15.490771,49.3614,1],1.52],[[587419,15.42899,49.147908,0],4.54],[[587427,15.700567,49.413143,1],1.24],[[587435,15.414923,49.181877,1],1.03],[[587443,15.616146,49.11513,0],1.33],[[587478,15.702039,49.374132,3],2.68],[[587486,15.637796,49.396595,1],2.03],[[587494,15.617202,49.178289,0],1.44],[[587508,15.657133,49.437406,1],1.28],[[587524,15.393119,49.395568,0],1.85],[[587541,15.376196,49.189556,1],0.32],[[587559,15.389524,49.142671,0],2.12],[[587591,15.563696,49.13951,1],0.34],[[587621,15.394379,49.431128,0],3.09],[[587648,15.569796,49.2666,0],7.5],[[587656,15.515001,49.252661,0],2],[[587702,15.53837,49.42009,0],7.69],[[587711,15.718914,49.487099,3],2.69],[[587761,15.475336,49.145306,1],2.98],[[587788,15.515264,49.408348,1],6.08],[[587800,15.616703,49.155992,0],12.72],[[587915,15.803502,49.458085,0],2.94],[[587923,15.594868,49.179652,1],1.53],[[587931,15.585729,49.282212,2],0.62],[[587982,15.577541,49.301108,1],1.2],[[587991,15.635608,49.166246,0],11.53],[[588008,15.450115,49.458171,0],3.44],[[588024,15.454373,49.183338,3],0.59],[[588032,15.483401,49.290971,3],0.9],[[588041,15.453316,49.245602,0],2.32],[[588067,15.514113,49.214457,0],1.69],[[588075,15.414883,49.47362,0],2.08],[[588113,15.667107,49.405141,2],2.5],[[588121,15.478957,49.475877,1],2.39],[[588148,15.70555,49.46043,0],2.43],[[588156,15.576862,49.334609,1],6.49],[[588172,15.508243,49.419455,1],2.36],[[588202,15.756929,49.486751,1],1.09],[[588211,15.422783,49.443804,0],1.25],[[588229,15.480494,49.48738,0],4.34],[[588253,15.771449,49.4427,1],2.43],[[588288,15.678575,49.454999,1],0.72],[[590371,15.624317,49.237281,0],4.16],[[590681,15.680298,49.255545,0],11.11],[[590843,15.672268,49.27088,2],1.89],[[509388,15.117873,49.53161,0],2.32],[[509418,14.947722,49.310234,0],3.57],[[537594,15.126619,49.364014,0],2.12],[[537608,15.16866,49.382588,0],0.87],[[537730,15.099772,49.460685,0],2.22],[[547492,15.223083,49.430721,4],1.29],[[547549,15.015943,49.307781,0],1.49],[[547581,15.155899,49.362207,1],0.82],[[547603,15.001328,49.516554,0],3.7],[[547689,15.00285,49.592512,0],1.36],[[547760,14.960993,49.372757,2],0.96],[[547778,15.178468,49.511334,2],0.92],[[547913,15.327794,49.320362,2],1.59],[[547956,15.185502,49.599362,0],1.26],[[547999,15.359423,49.541624,4],0.32],[[548081,15.31844,49.55332,1],0.35],[[548090,15.304162,49.5927,1],1.73],[[548111,15.075292,49.303136,3],0.32],[[548146,15.262965,49.587669,0],1.53],[[548227,15.043819,49.581824,0],1.85],[[548332,14.990517,49.565511,1],0.52],[[548383,15.335272,49.491565,1],3.22],[[548456,15.116849,49.417337,2],0.67],[[548464,15.36629,49.383617,2],0.83],[[548472,14.943589,49.425159,1],2.39],[[548502,15.136477,49.578327,0],1.07],[[548511,15.001783,49.470865,3],1.01],[[548561,15.240324,49.260301,3],1.31],[[548600,15.042352,49.458874,0],0.9],[[548766,15.256443,49.515243,0],3.17],[[549011,15.037368,49.511858,1],1.12],[[549053,15.226841,49.319162,0],1],[[549134,15.040579,49.554788,0],1.26],[[549142,15.365624,49.428265,1],1.2],[[549215,15.221912,49.529938,2],0.5],[[549231,15.18834,49.253284,3],0.64],[[561142,15.314148,49.344066,0],2.5],[[561312,15.066329,49.552815,0],1.12],[[561321,15.10003,49.586467,0],3.57],[[561452,15.222001,49.237781,0],2.27],[[561762,15.02781,49.40438,0],3.03],[[561797,15.348901,49.51978,1],0.91],[[561967,15.263754,49.445848,1],2.23],[[561975,15.258087,49.378057,0],1.03],[[562009,15.234826,49.389706,1],1.35],[[562033,15.0292,49.538607,0],2.27],[[598666,15.058658,49.423554,0],4.54],[[598712,15.255999,49.476052,1],0.7],[[598763,15.232792,49.495694,0],4.44],[[599239,15.219887,49.395631,0],2.85],[[510556,15.785165,49.012392,1],8.33],[[510980,16.125399,49.233244,1],4],[[511081,16.134773,49.167674,0],2.35],[[511242,16.126096,49.202721,1],0.75],[[544752,15.935004,49.073941,1],1.08],[[544833,15.589,48.965699,0],2.94],[[545040,15.590214,48.980111,0],3.12],[[545180,15.624453,49.004391,0],1.09],[[545309,15.922024,49.199963,1],9.62],[[546933,15.852076,49.25948,0],10.76],[[550302,16.210217,49.154432,0],3.94],[[550311,16.082925,49.180335,0],15.55],[[550370,15.742458,49.219742,0],8.69],