{"reg":643,"towns":[[[506737,17.711595,49.389281,2],26.08],[[542318,17.645401,49.44257,0],25.55],[[542342,17.253216,49.203806,0],8.33],[[542393,17.413233,49.228329,0],21.05],[[549690,17.564472,49.361618,0],9.21],[[549720,17.616021,49.320079,1],7.87],[[553905,17.678364,49.428534,1],21.73],[[557188,17.36013,49.254875,1],9.32],[[587257,17.23521,49.149944,0],20],[[587354,17.43461,49.230694,1],6.18],[[587397,17.186821,49.268795,0],14.42],[[588296,17.39948,49.291758,5],6.47],[[588300,17.426201,49.245527,1],13.95],[[588326,17.334894,49.329903,1],7.97],[[588377,17.660807,49.36344,1],9.37],[[588385,17.440825,49.351167,1],11.56],[[588393,17.674121,49.399337,3],23.8],[[588407,17.261484,49.172391,0],32.3],[[588431,17.233486,49.292989,1],9.86],[[588458,17.57843,49.33341,4],7.85],[[588474,17.617522,49.301023,1],12.82],[[588482,17.233888,49.208645,0],8.77],[[588491,17.463848,49.316992,3],3.13],[[588504,17.645513,49.362473,1],14.51],[[588512,17.364618,49.35654,3],6.22],[[588521,17.382954,49.203174,1],7.31],[[588547,17.231009,49.166079,0],12.63],[[588555,17.618744,49.35638,1],19.35],[[588563,17.377672,49.267176,1],4.16],[[588598,17.780479,49.434675,1],32.65],[[588601,17.164435,49.10649,3],4.97],[[588610,17.511445,49.374174,1],6.2],[[588628,17.174357,49.182821,0],3.84],[[588636,17.515668,49.289235,1],1.78],[[588644,17.469853,49.242324,2],4.3],[[588652,17.402164,49.377252,1],11.11],[[588661,17.588001,49.273774,1],47.54],[[588695,17.208524,49.202303,1],27.65],[[588709,17.721131,49.421886,1],17.97],[[588717,17.398055,49.220846,1],5.59],[[588725,17.540777,49.299616,1],8.74],[[588733,17.344491,49.301479,1],6.55],[[588741,17.601188,49.310408,1],8.52],[[588750,17.549103,49.276669,1],11.66],[[588768,17.209733,49.249941,3],29.95],[[588784,17.497843,49.364766,1],2.52],[[588806,17.166004,49.203726,0],11.76],[[588814,17.453821,49.210212,1],8.09],[[588822,17.751607,49.431087,1],14.64],[[588831,17.56585,49.379562,0],14.7],[[588849,17.169012,49.25977,1],16.92],[[588865,17.228235,49.271262,1],15.23],[[588873,17.79516,49.420849,1],10.25],[[588890,17.495591,49.324587,1],9.92],[[588903,17.587212,49.379083,2],9.52],[[588920,17.813268,49.413088,1],15],[[588938,17.335656,49.2714,2],6.88],[[588946,17.538595,49.367004,1],11.52],[[588954,17.286157,49.188888,1],13.14],[[588962,17.689193,49.348527,1],5.41],[[588971,17.526316,49.342008,1],8.59],[[588989,17.417495,49.332412,1],6.47],[[588997,17.670437,49.377245,1],11.04],[[589004,17.359592,49.233688,1],21.16],[[589039,17.211177,49.142634,1],7.75],[[589047,17.449702,49.257184,1],12.32],[[589055,17.422982,49.226782,0],10.95],[[589080,17.268275,49.230501,1],26.92],[[589098,17.519351,49.319485,1],10.86],[[589110,17.201536,49.281835,0],16.92],[[589128,17.281547,49.28519,1],16.91],[[589136,17.693071,49.447233,1],14.7],[[589152,17.560195,49.304651,1],9.09],[[589161,17.352936,49.382726,1],13.28],[[589187,17.284751,49.248989,2],14.09],[[589195,17.319096,49.227808,2],20.93],[[589217,17.312714,49.301917,1],4.95],[[589225,17.436042,49.372004,1],14.7],[[589233,17.604528,49.291574,1],12.88],[[550736,17.879516,49.050017,0],5.92],[[550744,17.470215,49.045088,3],24.7],[[550752,17.433488,49.075248,3],7.16],[[592005,17.49595,49.059897,5],11.3],[[592013,17.476827,49.123859,2],8.45],[[592021,17.717631,48.988113,2],29.41],[[592030,17.549716,49.099749,2],6.68],[[592048,17.814983,49.038744,3],3.63],[[592056,17.571104,48.934962,1],2.95],[[592064,17.350953,49.062643,2],7.95],[[592072,17.356023,49.094985,1],8.94],[[592081,17.580451,49.121484,2],12.05],[[592099,17.742769,48.922188,2],22.85],[[592102,17.338628,49.086371,2],8.31],[[592111,17.764159,48.974921,1],26.19],[[592137,17.619917,49.10453,1],6.25],[[592145,17.585962,48.968468,3],16.95],[[592153,17.600184,49.047152,1],6.04],[[592170,17.526788,48.988219,3],7.68],[[592188,17.624276,48.933273,1],21.27],[[592196,17.257265,49.040274,0],21.05],[[592200,17.582201,49.049868,2],15.8],[[592218,17.464577,49.108271,1],13.77],[[592226,17.427985,49.116359,2],20.72],[[592234,17.388585,49.154219,1],15.73],[[592269,17.516817,49.098647,2],8.94],[[592277,17.800925,48.99393,1],13],[[592285,17.665308,48.94107,1],38.04],[[592293,17.407042,49.045476,1],15.38],[[592307,17.416297,49.157681,1],15.71],[[592323,17.457274,49.131767,1],17.75],[[592340,17.781225,48.942882,0],21.81],[[592366,17.27186,49.049125,1],17.74],[[592382,17.536075,49.086778,2],10.06],[[592391,17.403508,49.112121,1],29.89],[[592404,17.589225,49.099385,1],6],[[592412,17.38152,49.031694,2],14.65],[[592421,17.752313,49.016782,1],9.8],[[592439,17.647683,48.974744,3],21.1],[[592447,17.300934,49.030686,1],12.14],[[592455,17.467622,48.975689,2],6.77],[[592463,17.436427,49.004438,3],6.24],[[592471,17.249789,49.055871,1],34.85],[[592480,17.644446,49.07963,1],17.67],[[592498,17.850785,49.038403,1],2.42],[[592501,17.529564,49.0409,1],17.61],[[592510,17.340746,49.033999,2],32.94],[[592528,17.527232,49.052651,2],12.25],[[592536,17.633144,49.069003,2],18.12],[[592552,17.737584,49.056153,1],6.79],[[592561,17.342876,49.140618,1],7.63],[[592579,17.611677,48.946995,1],15.98],[[592587,17.277842,49.129212,0],18.03],[[592609,17.86312,48.965972,1],2.97],[[592617,17.706822,48.902257,3],3.79],[[592625,17.307593,49.05671,1],19.13],[[592633,17.248767,49.117266,0],4.16],[[592641,17.713899,48.970109,2],81.44],[[592650,17.452331,49.122346,1],22.38],[[592668,17.62464,49.116539,0],7.54],[[592676,17.72216,49.028682,2],24.8],[[592692,17.544444,49.121967,2],11.93],[[592706,17.436325,49.130976,2],26.59],[[592714,17.331526,49.048213,0],16.27],[[592722,17.369935,49.084369,2],12.11],[[592731,17.649938,49.030373,4],10.73],[[592749,17.389953,48.985657,3],6.58],[[592757,17.272063,49.036216,0],10.22],[[592773,17.843216,48.967992,0],17.14],[[592781,17.312035,49.034552,1],31.33],[[592790,17.394372,49.105527,2],9.75],[[592803,17.562531,49.037101,1],12.61],[[592820,17.581938,49.009996,3],11.81],[[592838,17.853445,48.94083,0],22.22],[[592846,17.779332,49.022764,2],8.1],[[592854,17.628309,49.129954,1],7.05],[[592862,17.379491,49.074059,2],6.47],[[592871,17.880344,48.980354,0],1.85],[[541630,17.993952,49.339025,5],3.07],[[541648,17.89306,49.461056,1],8.15],[[541711,17.974099,49.415411,2],7.03],[[541800,18.194298,49.455076,2],5.37],[[542644,18.11186,49.201841,2],5.7],[[542679,18.1476,49.317501,2],6.04],[[542687,18.288701,49.43226,2],7.33],[[542725,18.061103,49.181314,2],4.32],[[542750,17.869548,49.354774,2],23.07],[[542768,18.060734,49.303745,2],10.88],[[542784,18.090479,49.303274,2],19.27],[[542814,18.217836,49.429584,2],8.99],[[542831,17.898722,49.495846,1],5.98],[[542865,17.950317,49.383651,2],3.66],[[542903,17.965972,49.444628,1],12.28],[[542911,18.240174,49.351376,3],6.17],[[542946,17.885865,49.382193,2],12.08],[[542989,17.815441,49.478541,3],5.62],[[542997,17.865253,49.492821,1],10.28],[[543021,17.809991,49.444343,1],7.27],[[543098,18.016608,49.178879,1],4.66],[[544264,17.998777,49.284384,1],14.36],[[544302,17.930151,49.520653,2],8.4],[[544370,18.051411,49.20313,2],2.42],[[544396,17.921879,49.290608,2],10.42],[[544418,17.832764,49.438791,1],7.75],[[544434,18.019755,49.239886,1],4.31],[[544469,18.04863,49.409504,1],11.5],[[544507,17.925167,49.413614,1],7.36],[[544566,18.198046,49.337068,3],2.91],[[544574,17.917399,49.432567,1],14.64],[[544621,17.867653,49.45682,1],7.63],[[544655,17.955546,49.233333,1],42.13],[[544671,17.961456,49.248001,1],26.01],[[544698,18.252106,49.436192,2],14.2],[[544728,17.942957,49.387569,1],13.77],[[544787,17.915097,49.367793,2],8.28],[[544841,18.143131,49.458626,4],10.22],[[544850,17.995701,49.394052,1],8.66],[[544906,17.96516,49.273311,1],24.76],[[544914,18.097917,49.177303,1],3.48],[[544922,18.056978,49.458663,1],19.92],[[544931,18.083277,49.162525,1],4.06],[[544949,18.109885,49.415172,2],7.39],[[544990,17.996783,49.262249,2],11.72],[[545058,17.971237,49.471904,4],4.12],[[545112,18.053888,49.165971,1],7.54],[[545147,18.035719,49.437895,1],8.28],[[545163,18.283665,49.360736,2],28.45],[[545198,18.094836,49.441612,2],6.51],[[545210,18.184136,49.443885,2],8.62],[[545236,18.044471,49.474196,3],