{"reg":645,"towns":[[[553425,12.931243,49.439803,4],0.77],[[553433,12.862893,49.398761,1],0.9],[[553441,12.717718,49.591261,2],1.04],[[553450,12.989366,49.500115,2],2.4],[[553506,12.995414,49.586461,0],5.4],[[553549,12.858904,49.369488,1],1.27],[[553557,12.786498,49.446373,1],0.71],[[553654,13.101403,49.593721,3],1.53],[[553662,13.101163,49.569701,0],4],[[553671,12.944527,49.530286,3],1.4],[[553689,12.771578,49.559821,2],0.6],[[553735,12.830346,49.418088,1],1.55],[[553751,12.956921,49.453663,1],0.96],[[553786,13.040638,49.390348,3],1.2],[[553794,12.814835,49.434948,2],1.5],[[553816,13.108876,49.486895,1],1.4],[[553824,13.002193,49.402659,2],1.11],[[553841,13.073059,49.590322,1],2.41],[[553867,13.112222,49.367168,0],3.84],[[553891,12.897685,49.458913,1],0.71],[[553913,12.880927,49.505676,2],2.6],[[553921,13.103952,49.411826,0],3.92],[[553948,12.980829,49.467066,1],0.83],[[553956,12.881612,49.589255,1],9.21],[[553981,12.951311,49.403252,2],1.01],[[554006,12.720642,49.436663,1],1.85],[[554022,13.064248,49.597691,0],4.65],[[554031,12.933341,49.420508,0],1.81],[[554057,12.805087,49.477383,0],3.84],[[554073,13.047035,49.513274,1],0.57],[[554090,12.831288,49.398684,0],3.44],[[554111,12.802721,49.510406,2],1.04],[[554120,13.133597,49.343523,1],1.47],[[554138,12.806891,49.458386,2],0.26],[[554154,13.019504,49.553725,1],1.09],[[554251,12.987415,49.414624,0],1.09],[[554260,13.118703,49.508409,1],0.67],[[554294,13.06931,49.553835,3],1.12],[[554359,12.845635,49.420341,1],0.98],[[554383,12.869668,49.435642,1],0.81],[[554405,13.127071,49.396955,0],2.77],[[554413,12.955437,49.623677,0],4.34],[[554456,12.983339,49.340829,1],1.62],[[554464,13.002035,49.434161,1],1.09],[[566071,13.042559,49.603515,0],4.65],[[566080,13.021847,49.585171,0],5.88],[[566098,12.99704,49.615661,0],8.19],[[566136,13.04969,49.382698,1],1.51],[[566250,12.80529,49.488639,0],2.5],[[566365,13.131214,49.527617,1],2.5],[[566641,13.113875,49.52085,0],2.35],[[599131,13.038868,49.366549,0],3.22],[[599174,13.073554,49.518078,0],3.03],[[530123,13.561152,49.261401,0],4.25],[[541788,13.176854,49.425079,1],1.33],[[541851,13.233291,49.333543,0],2.38],[[541869,13.247541,49.325542,0],3.03],[[541885,13.264018,49.347334,1],2.52],[[541915,13.378436,49.390514,0],1.78],[[541931,13.642076,49.413124,0],1.66],[[541958,13.627031,49.400933,0],2.67],[[542024,13.425893,49.34251,0],3.84],[[542083,13.48178,49.361927,0],6.66],[[553522,13.511527,49.335115,0],2.08],[[553531,13.13013,49.422778,1],5.06],[[555771,13.295194,49.395655,4],0.87],[[555797,13.312677,49.301709,1],4.34],[[555801,13.297971,49.3795,1],0.91],[[555835,13.361712,49.410002,1],2.37],[[555894,13.58477,49.283469,1],1.47],[[556041,13.171052,49.27441,1],0.45],[[556068,13.16645,49.365855,1],4.31],[[556076,13.50936,49.196383,1],0.84],[[556106,13.248222,49.443368,1],1.68],[[556181,13.454657,49.169587,2],0.32],[[556203,13.395157,49.237952,1],2.19],[[556254,13.701106,49.320794,3],1.27],[[556301,13.498603,49.261381,2],3.35],[[556319,13.596547,49.323206,1],1.94],[[556335,13.717463,49.405001,1],2.56],[[556343,13.360983,49.320001,0],1.58],[[556378,13.17397,49.466785,1],2.22],[[556386,13.100904,49.29315,1],2.68],[[556394,13.218239,49.345257,2],0.8],[[556432,13.556264,49.143,2],1.95],[[556467,13.439106,49.299057,2],0.88],[[556629,13.652357,49.330621,1],1.76],[[556637,13.402993,49.480195,2],1.37],[[556718,13.357005,49.360477,2],1.58],[[556734,13.572532,49.414314,1],1.36],[[556751,13.546557,49.331486,2],3.47],[[556815,13.612383,49.172674,1],0.95],[[556831,13.143639,49.293979,3],0.85],[[556912,13.632835,49.373007,1],2.91],[[556921,13.440898,49.218758,1],0.5],[[556955,13.471166,49.390036,2],1.83],[[557005,13.354485,49.447575,1],2.56],[[557129,13.640501,49.179345,1],1.98],[[557137,13.246341,49.30337,2],1.92],[[557153,13.520509,49.231776,4],1.09],[[557161,13.739694,49.371445,1],2.73],[[557200,13.284281,49.481466,2],1.36],[[557366,13.389852,49.265299,1],0.38],[[557382,13.701518,49.365032,1],1.32],[[557455,13.29636,49.345613,1],0.34],[[557528,13.235305,49.137543,2],1.21],[[557536,13.631095,49.215645,1],1.14],[[557544,13.627949,49.267334,1],0.94],[[566055,13.271216,49.525544,1],2.8],[[566683,13.607113,49.224775,0],8.33],[[578070,13.267633,49.371502,0],2.27],[[578088,13.230256,49.518156,0],1.78],[[578321,13.457818,49.417621,0],3.63],[[578410,13.653942,49.393065,0],10],[[578495,13.605991,49.253746,0],5.55],[[578517,13.662108,49.250731,0],10],[[539741,13.426875,49.649772,1],5.35],[[540561,13.465091,49.730543,1],2.5],[[545970,13.373737,49.738531,5],1.11],[[545988,13.373737,49.738531,5],0.98],[[546003,13.373737,49.738531,5],0.94],[[546208,13.373737,49.738531,4],0.8],[[553590,13.477167,49.655024,0],4.65],[[554731,13.373737,49.738531,2],0.79],[[554758,13.373737,49.738531,2],1.17],[[554766,13.373737,49.738531,1],2.32],[[554774,13.373737,49.738531,2],1.02],[[554791,13.373737,49.738531,6],0.99],[[557846,13.476053,49.643095,1],3.34],[[558001,13.448442,49.6693,2],2.97],[[558141,13.519727,49.640535,2],1.87],[[558371,13.47361,49.697786,3],1.67],[[558427,13.504047,49.675659,3],1.37],[[558460,13.509931,49.719174,1],3.01],[[558851,13.491611,49.777455,2],0.44],[[558966,13.49369,49.793305,2],1.48],[[559130,13.486312,49.753353,1],1.26],[[559199,13.373737,49.738531,1],3.7],[[578606,13.52891,49.70137,0],4.22],[[530131,13.244478,49.59986,0],1.02],[[530182,13.530832,49.630078,1],0.68],[[539716,13.532756,49.519592,0],1.28],[[539821,13.32708,49.612427,1],4],[[539929,13.417703,49.521194,0],3.33],[[539937,13.431498,49.510567,0],3.75],[[539945,13.393513,49.552967,1],1.9],[[540064,13.100966,49.638638,0],5],[[540102,13.728163,49.426677,0],5.66],[[540200,13.582934,49.465098,0],5.12],[[540293,13.220352,49.544137,0],2.38],[[540307,13.638713,49.43786,0],2.27],[[540340,13.429246,49.630199,1],1.65],[[540528,13.470115,49.584402,0],19.44],[[540617,13.164824,49.603604,0],3.92],[[540633,13.154585,49.672114,1],3.4],[[540668,13.062664,49.638318,1],4.91],[[540676,13.603397,49.519054,0],5.19],[[540706,13.495764,49.614724,0],2.63],[[542156,13.302442,49.525208,0],3.88],[[542296,13.316677,49.531654,0],1.17],[[546372,13.158861,49.537495,0],3.84],[[546399,13.725854,49.622664,0],2.66],[[553565,13.555643,49.435798,0],4.54],[[557587,13.540199,49.582303,3],1.92],[[557641,13.397992,49.648043,1],0.48],[[557650,13.683496,49.540479,1],1.84],[[557668,13.264653,49.60493,1],0.82],[[557676,13.293177,49.654933,3],1.24],[[557684,13.34434,49.602031,1],5.03],[[557722,13.386298,49.531575,1],4.58],[[557731,13.121483,49.635159,1],0.56],[[557749,13.756199,49.439432,0],2.08],[[557773,13.479305,49.605305,0],1.21],[[557781,13.313337,49.632666,2],2.17],[[557803,13.520152,49.547648,1],4.8],[[557838,13.202822,49.65419,3],1.43],[[557862,13.740706,49.462805,2],0.55],[[557871,13.365703,49.493815,1],2.77],[[557897,13.576777,49.50201,0],4.7],[[557951,13.455391,49.540003,1],1.59],[[558028,13.315847,49.546752,1],2.29],[[558044,13.198008,49.560538,2],1.25],[[558052,13.605014,49.469232,1],4.79],[[558061,13.735393,49.506411,1],3.77],[[558095,13.62585,49.434661,0],1.31],[[558109,13.582361,49.48627,3],1.17],[[558117,13.430689,49.616473,0],1.44],[[558125,13.515683,49.441098,1],6.57],[[558176,13.683735,49.579685,1],2.56],[[558184,13.672931,49.437309,1],3.42],[[558249,13.333607,49.573091,3],1.39],[[558257,13.33946,49.562138,2],2.94],[[558265,13.18506,49.531607,0],5],[[558290,13.249019,49.538655,1],1.56],[[558303,13.4146,49.579972,1],1.41],[[558311,13.504999,49.588075,1],2.06],[[558346,13.239149,49.576294,1],0.47],[[558362,13.605669,49.613815,3],4.52],[[558389,13.164846,49.639199,3],1.34],[[558401,13.458498,49.611889,1],0.66],[[558435,13.399739,49.670623,2],1.02],[[558486,13.382148,49.677894,1],1.61],[[558494,13.119336,49.661704,1],1.31],[[558559,13.618988,49.508064,1],1.88],[[558567,13.249051,49.645645,1],1.75],[[558583,13.519921,49.607059,1],3.86],[[558605,13.572958,49.551092,1],3.78],[[558630,13.489551,49.483512,1],3.44],[[566705,13.690481,49.622087,0],8],[[578541,13.507696,49.521192,0],1.98],[[578592,13.612175,49.483479,0],3.33],[[578614,13.62662,49.492585,0],8.69],