{"reg":646,"towns":[[[553425,12.931243,49.439803,4],9.63],[[553433,12.862893,49.398761,1],11.71],[[553441,12.717718,49.591261,2],3.76],[[553450,12.989366,49.500115,2],1.87],[[553506,12.995414,49.586461,0],5.4],[[553514,13.116707,49.531701,1],6.66],[[553549,12.858904,49.369488,1],3.82],[[553557,12.786498,49.446373,1],5.71],[[553581,12.872799,49.455812,1],12.1],[[553620,13.074684,49.53414,1],10.12],[[553654,13.101403,49.593721,3],2.43],[[553662,13.101163,49.569701,0],3],[[553671,12.944527,49.530286,3],4.05],[[553689,12.771578,49.559821,2],2.13],[[553727,13.13077,49.467282,0],5.26],[[553735,12.830346,49.418088,1],6.61],[[553743,13.083271,49.358456,1],12.78],[[553751,12.956921,49.453663,1],20.19],[[553786,13.040638,49.390348,3],5.47],[[553794,12.814835,49.434948,2],7.52],[[553816,13.108876,49.486895,1],11.92],[[553824,13.002193,49.402659,2],6.94],[[553832,13.021618,49.53926,0],12.28],[[553841,13.073059,49.590322,1],5.64],[[553859,13.13447,49.366295,0],20],[[553867,13.112222,49.367168,0],3.84],[[553891,12.897685,49.458913,1],21.58],[[553913,12.880927,49.505676,2],3.04],[[553921,13.103952,49.411826,0],19.6],[[553930,12.905124,49.624867,0],1.92],[[553948,12.980829,49.467066,1],18.41],[[553981,12.951311,49.403252,2],29.77],[[554006,12.720642,49.436663,1],3.7],[[554031,12.933341,49.420508,0],21.81],[[554057,12.805087,49.477383,0],3.84],[[554073,13.047035,49.513274,1],6.89],[[554081,12.893516,49.395458,0],13.15],[[554090,12.831288,49.398684,0],5.74],[[554111,12.802721,49.510406,2],3.65],[[554120,13.133597,49.343523,1],14.7],[[554138,12.806891,49.458386,2],17.5],[[554154,13.019504,49.553725,1],2.19],[[554201,12.929307,49.597859,0],2.85],[[554251,12.987415,49.414624,0],13.18],[[554260,13.118703,49.508409,1],11.48],[[554294,13.06931,49.553835,3],7.43],[[554316,12.913028,49.414854,0],22.42],[[554341,12.929095,49.40364,1],19.75],[[554359,12.845635,49.420341,1],5.39],[[554383,12.869668,49.435642,1],10.65],[[554391,13.118705,49.462139,0],8.82],[[554405,13.127071,49.396955,0],5.55],[[554413,12.955437,49.623677,0],8.69],[[554421,12.835622,49.613863,0],8.51],[[554448,13.105384,49.45098,0],7.4],[[554456,12.983339,49.340829,1],5.94],[[554464,13.002035,49.434161,1],12.29],[[554472,12.854517,49.461029,0],4.54],[[566071,13.042559,49.603515,0],16.27],[[566080,13.021847,49.585171,0],5.88],[[566098,12.99704,49.615661,0],6.55],[[566101,13.048969,49.585019,0],6.38],[[566136,13.04969,49.382698,1],6.06],[[566144,13.072809,49.475118,0],1.14],[[566161,13.086983,49.443698,0],13.15],[[566179,13.051832,49.464875,0],20.89],[[566209,12.842602,49.486597,0],5.55],[[566276,12.739958,49.518986,0],12.12],[[566365,13.131214,49.527617,1],2.5],[[566373,12.914379,49.389227,0],13.33],[[566641,13.113875,49.52085,0],2.35],[[599131,13.038868,49.366549,0],1.61],[[599166,13.077609,49.425183,0],7.69],[[599174,13.073554,49.518078,0],6.06],[[599182,12.83793,49.470477,0],1.92],[[530085,13.661427,49.222588,0],13.15],[[530123,13.561152,49.261401,0],2.12],[[541753,13.228504,49.491162,0],17.94],[[541788,13.176854,49.425079,1],8],[[541796,13.6748,49.28948,0],10.93],[[541826,13.694293,49.266995,0],23.8],[[541842,13.160291,49.344879,0],12.5],[[541851,13.233291,49.333543,0],7.14],[[541885,13.264018,49.347334,1],4.2],[[541915,13.378436,49.390514,0],5.35],[[541923,13.61746,49.348864,0],16.66],[[541931,13.642076,49.413124,0],16.66],[[541958,13.627031,49.400933,0],8.92],[[542024,13.425893,49.34251,0],9.61],[[542083,13.48178,49.361927,0],16.66],[[542091,13.558075,49.057721,0],14.28],[[542148,13.499417,49.024173,0],2.85],[[542172,13.294553,49.501992,0],19.56],[[551686,13.578261,49.230189,0],15],[[553522,13.511527,49.335115,0],16.66],[[553531,13.13013,49.422778,1],5.06],[[555771,13.295194,49.395655,4],6.96],[[555797,13.312677,49.301709,1],11.46],[[555801,13.297971,49.3795,1],4.58],[[555835,13.361712,49.410002,1],11.06],[[555894,13.58477,49.283469,1],13.97],[[555941,13.302687,49.265538,1],15.03],[[556041,13.171052,49.27441,1],3.61],[[556068,13.16645,49.365855,1],4.31],[[556076,13.50936,49.196383,1],5.08],[[556084,13.378047,49.10524,0],2.94],[[556106,13.248222,49.443368,1],15.54],[[556181,13.454657,49.169587,2],24.27],[[556203,13.395157,49.237952,1],26.92],[[556254,13.701106,49.320794,3],8.54],[[556301,13.498603,49.261381,2],10.05],[[556319,13.596547,49.323206,1],18.18],[[556335,13.717463,49.405001,1],26],[[556343,13.360983,49.320001,0],6.34],[[556378,13.17397,49.466785,1],8.88],[[556386,13.100904,49.29315,1],1.34],[[556394,13.218239,49.345257,2],3.84],[[556432,13.556264,49.143,2],6.84],[[556467,13.439106,49.299057,2],7.98],[[556505,13.200398,49.502807,0],10.76],[[556629,13.652357,49.330621,1],17.64],[[556637,13.402993,49.480195,2],7.14],[[556718,13.357005,49.360477,2],7.53],[[556726,13.454904,49.275464,0],2.81],[[556734,13.572532,49.414314,1],8.84],[[556751,13.546557,49.331486,2],14.17],[[556815,13.612383,49.172674,1],8.57],[[556831,13.143639,49.293979,3],5.81],[[556912,13.632835,49.373007,1],8.73],[[556921,13.440898,49.218758,1],23.85],[[556955,13.471166,49.390036,2],7.98],[[557005,13.354485,49.447575,1],4.02],[[557013,13.617715,49.280848,1],12.31],[[557021,13.515272,49.14064,1],13.43],[[557099,13.684205,49.207905,1],9.52],[[557111,13.480548,49.087292,0],5.55],[[557129,13.640501,49.179345,1],4.95],[[557137,13.246341,49.30337,2],8.24],[[557153,13.520509,49.231776,4],8.5],[[557161,13.739694,49.371445,1],16.43],[[557200,13.284281,49.481466,2],33.58],[[557366,13.389852,49.265299,1],22.86],[[557374,13.668052,49.299235,1],6.57],[[557382,13.701518,49.365032,1],16.37],[[557455,13.29636,49.345613,1],3.75],[[557463,13.49054,49.337465,1],21.6],[[557528,13.235305,49.137543,2],5.83],[[557536,13.631095,49.215645,1],13.79],[[557544,13.627949,49.267334,1],9.47],[[566055,13.271216,49.525544,1],24.29],[[578061,13.347004,49.422439,0],6.66],[[578070,13.267633,49.371502,0],6.81],[[578088,13.230256,49.518156,0],3.57],[[578177,13.606717,49.415936,0],15.15],[[578223,13.556463,49.410858,0],14.28],[[578240,13.160547,49.215418,0],3.33],[[578312,13.515763,49.381199,0],9.75],[[578321,13.457818,49.417621,0],1.81],[[578410,13.653942,49.393065,0],40],[[578436,13.744269,49.38787,0],18.18],[[578461,13.254671,49.488506,0],23.8],[[578495,13.605991,49.253746,0],6.94],[[578525,13.707375,49.249661,0],30.35],[[578533,13.675029,49.262507,0],14.63],[[539741,13.426875,49.649772,1],4.16],[[540561,13.465091,49.730543,1],3.5],[[540641,13.524657,49.715159,1],6.32],[[545970,13.373737,49.738531,5],5.88],[[545988,13.373737,49.738531,5],6.36],[[546003,13.373737,49.738531,5],6.96],[[546208,13.373737,49.738531,4],6.58],[[553590,13.477167,49.655024,0],8.13],[[554731,13.373737,49.738531,2],14.31],[[554758,13.373737,49.738531,2],10.58],[[554766,13.373737,49.738531,1],5.81],[[554774,13.373737,49.738531,2],5.95],[[554791,13.373737,49.738531,6],6.54],[[557846,13.476053,49.643095,1],9.09],[[557978,13.373737,49.738531,2],5.82],[[558001,13.448442,49.6693,2],4.95],[[558141,13.519727,49.640535,2],7.49],[[558371,13.47361,49.697786,3],6.58],[[558427,13.504047,49.675659,3],4.86],[[558460,13.509931,49.719174,1],6.89],[[558851,13.491611,49.777455,2],10.86],[[558966,13.49369,49.793305,2],5.33],[[559130,13.486312,49.753353,1],4.73],[[559199,13.373737,49.738531,1],7.4],[[578606,13.52891,49.70137,0],4.22],[[530131,13.244478,49.59986,0],3.06],[[530140,13.566047,49.643171,0],4.22],[[530182,13.530832,49.630078,1],8.21],[[539716,13.532756,49.519592,0],10.25],[[539783,13.274335,49.579961,1],6.56],[[539821,13.32708,49.612427,1],8.8],[[539929,13.417703,49.521194,0],16.66],[[539937,13.431498,49.510567,0],2.5],[[539945,13.393513,49.552967,1],8.57],[[540056,13.134702,49.630615,0],6.25],[[540064,13.100966,49.638638,0],7.5],[[540102,13.728163,49.426677,0],39.62],[[540137,13.685301,49.466586,0],9.37],[[540200,13.582934,49.465098,0],5.12],[[540251,13.47254,49.557261,0],5.76],[[540269,13.292789,49.686066,1],3.57],[[540293,13.220352,49.544137,0],16.66],[[540307,13.638713,49.43786,0],18.18],[[540340,13.429246,49.630199,1],6.61],[[540412,13.396669,49.624495,0],3.44],[[540421,13.368061,49.547925,0],11.11],