{"reg":704,"towns":[[[530395,14.363559,50.80461,0],14.03],[[530417,14.461724,50.888706,0],26.66],[[544647,14.264287,50.820934,1],9.19],[[544680,14.265378,50.860304,1],8],[[544701,14.231709,50.848754,0],8.1],[[545538,14.360479,50.715168,0],19.56],[[545678,14.355383,50.775633,1],12.77],[[545708,14.314344,51.019574,1],4.41],[[545783,14.293376,50.769646,1],11.53],[[545791,14.339205,50.684307,0],10.34],[[545856,14.333391,50.747281,1],8.44],[[545899,14.327018,50.725809,1],5.34],[[545929,14.340721,50.762175,1],8.92],[[546330,14.41998,50.818924,1],7.36],[[546348,14.352834,50.820458,1],8.88],[[546453,14.268547,50.810319,0],3.57],[[546496,14.256524,50.794169,1],13.35],[[555193,14.205036,50.696428,1],9.02],[[562335,14.212861,50.772656,5],9.52],[[562343,14.264055,50.837124,1],2.75],[[562351,14.3125,50.741692,3],10.77],[[562394,14.417784,50.797908,3],11.22],[[562408,14.193259,50.714949,1],8.91],[[562432,14.595146,50.879988,2],7.98],[[562441,14.286956,50.982619,2],10.66],[[562483,14.291315,50.726587,1],18.69],[[562505,14.545731,50.881485,1],13.72],[[562513,14.242617,50.87451,1],2.08],[[562521,14.303537,50.789539,1],7.8],[[562530,14.483083,50.863346,2],15.36],[[562556,14.394022,50.852494,1],6.25],[[562564,14.103948,50.760925,3],9.57],[[562572,14.57519,50.874552,1],12.23],[[562581,14.568449,50.993471,3],17.46],[[562611,14.510101,50.913136,3],7.74],[[562645,14.53547,50.812746,1],5.14],[[562661,14.360332,51.011146,1],10.17],[[562700,14.270704,50.741627,1],10.37],[[562718,14.169817,50.735259,1],15.72],[[562751,14.363794,50.965179,2],11.44],[[562777,14.555255,50.953525,4],10.88],[[562793,14.515148,50.880068,1],14.11],[[562823,14.496283,50.950546,2],24.5],[[562858,14.452699,51.003793,3],14.29],[[562874,14.322006,50.701933,1],5],[[562882,14.618348,50.911648,4],9.23],[[562891,14.396877,50.730538,1],10.37],[[562912,14.374393,50.990885,2],12.37],[[562921,14.301255,50.661245,2],12.13],[[562939,14.37384,50.784784,1],6.09],[[562947,14.335423,50.990647,1],12.26],[[566900,14.293898,50.842265,1],8.65],[[546062,13.484983,50.463315,0],2.7],[[546071,13.364964,50.30526,1],14.52],[[546160,13.478643,50.424293,0],7.4],[[546518,12.986674,50.420711,0],8.1],[[562971,13.410837,50.463598,5],11.77],[[562980,13.50601,50.424657,0],10.25],[[562998,13.358172,50.511799,1],14.18],[[563005,13.413447,50.540271,1],28.08],[[563013,13.420942,50.40228,2],12.46],[[563021,13.359354,50.447783,1],11.97],[[563048,13.172313,50.420806,0],21.95],[[563056,13.429205,50.430887,1],5.62],[[563064,13.251454,50.510328,1],15.38],[[563072,13.498471,50.387359,1],9.09],[[563081,13.430488,50.332881,1],8.19],[[563099,13.448885,50.500627,4],19.16],[[563102,13.271422,50.376092,4],10.98],[[563111,13.322071,50.577837,0],12.14],[[563129,13.171393,50.384561,4],12.18],[[563137,13.053997,50.438324,2],13.85],[[563161,13.301587,50.486132,1],69.23],[[563188,13.385678,50.315996,0],11],[[563200,13.333493,50.446278,1],17.64],[[563218,13.280572,50.262382,1],14.81],[[563226,13.115541,50.421723,0],12.76],[[563242,13.26742,50.447156,1],18.75],[[563269,13.106679,50.362327,1],7.31],[[563277,13.45081,50.480923,1],13.84],[[563285,13.110315,50.381769,2],6.84],[[563293,13.349824,50.321219,0],1.66],[[563315,13.136207,50.499571,0],15.21],[[563323,13.284757,50.298139,2],10.23],[[563331,13.29881,50.35328,1],9.83],[[563340,13.391931,50.44104,2],9.97],[[563358,13.530649,50.471126,1],15.35],[[563382,13.457492,50.440706,2],11.3],[[563404,13.032237,50.492426,3],6.47],[[563412,13.37473,50.269771,1],7.4],[[563439,13.312156,50.301078,1],10.55],[[563463,13.495732,50.488266,1],10.12],[[563471,13.461343,50.420047,0],8.88],[[563480,13.507709,50.457467,0],60.86],[[563498,13.237511,50.466591,1],11.23],[[563501,13.470366,50.520381,2],31.75],[[505528,14.004486,50.483044,1],29.29],[[530506,14.109038,50.553345,0],6.57],[[542407,14.17905,50.543317,1],11.6],[[542423,14.307446,50.360924,1],4.67],[[542440,14.196615,50.480652,0],15.15],[[542482,14.32257,50.460172,0],4.08],[[542491,14.082115,50.543636,0],3.12],[[542521,14.082042,50.536682,0],9.23],[[542539,14.069206,50.519327,0],27.05],[[546691,13.969778,50.443126,0],71.62],[[546721,14.016401,50.450166,0],25.33],[[546755,14.301296,50.461941,0],34.61],[[546763,14.253325,50.556722,0],16.07],[[546771,14.07749,50.558481,0],18],[[546780,14.213625,50.559879,1],11.25],[[546828,14.167132,50.589503,0],14.28],[[546852,14.243217,50.454495,0],20],[[553646,14.162716,50.472956,1],13.63],[[564567,14.130646,50.53852,4],8.49],[[564575,14.341026,50.416252,2],10.57],[[564591,14.150595,50.493264,3],10.48],[[564613,14.141967,50.481073,1],19.16],[[564621,14.145512,50.453763,2],28.4],[[564648,14.216366,50.360615,1],4.85],[[564656,14.126018,50.404377,2],4.69],[[564672,14.307223,50.374801,1],4.59],[[564699,14.059049,50.445046,0],5.76],[[564711,14.028506,50.484284,2],14.68],[[564729,13.908578,50.438699,1],32.14],[[564737,13.96506,50.465654,0],19.64],[[564745,14.29389,50.437691,1],8.78],[[564753,14.16124,50.454991,1],20.14],[[564770,14.320808,50.525222,1],6.66],[[564818,14.190273,50.424637,1],10.15],[[564834,14.028989,50.384155,1],7],[[564842,14.10679,50.572465,1],17.04],[[564851,14.346588,50.358792,1],7.14],[[564877,14.33511,50.488694,2],9.8],[[564893,14.230906,50.462572,1],13.24],[[564923,14.250171,50.47327,1],34.12],[[564931,13.993372,50.463209,0],26.66],[[564940,14.085254,50.439891,1],9.01],[[564958,14.000996,50.548326,1],13.4],[[564966,14.279353,50.552187,0],9.52],[[565016,14.101914,50.480149,1],1.8],[[565024,14.006583,50.43154,1],24.2],[[565032,14.248831,50.392685,1],7.01],[[565059,14.333177,50.383135,1],7.69],[[565067,14.301425,50.405474,1],5.9],[[565075,13.980842,50.394622,1],13.67],[[565083,14.21461,50.522692,2],10.04],[[565091,14.285987,50.448307,1],30.09],[[565105,14.284017,50.613935,0],4],[[565113,14.047429,50.525685,1],19.64],[[565121,14.289175,50.568962,2],8.17],[[565148,14.342424,50.392532,1],10.88],[[565156,14.039146,50.566669,1],11.87],[[565164,14.044498,50.406368,3],10.7],[[565172,14.229354,50.477022,1],8.16],[[565211,14.263257,50.621676,1],6.42],[[565229,14.051142,50.515143,3],11.53],[[565237,14.085804,50.501745,1],20.68],[[565245,14.05484,50.534078,1],38.85],[[565253,14.152928,50.372805,1],6.4],[[565296,14.11933,50.526999,0],22],[[565300,14.281839,50.36565,1],31.15],[[565318,14.127166,50.362321,2],5.68],[[565342,14.179516,50.447702,1],17.72],[[565393,14.198588,50.56034,1],18.46],[[565415,13.948396,50.472089,1],16.01],[[565431,14.264579,50.50573,2],17.64],[[565458,14.032075,50.569522,1],18.09],[[565474,14.193965,50.403615,1],2.63],[[565482,14.351181,50.461398,1],5.4],[[565491,14.218727,50.373201,1],8.69],[[565521,14.068389,50.41107,1],8.22],[[565547,14.117546,50.45949,0],21.56],[[565555,14.260565,50.425305,4],10.66],[[565598,14.071012,50.478454,1],8.4],[[565601,14.038155,50.430683,1],47.52],[[565610,14.387857,50.503633,1],6.22],[[565679,14.249643,50.363689,2],5.58],[[565695,14.037519,50.498891,1],16.34],[[565709,14.374322,50.453087,3],7.98],[[565717,14.150658,50.511102,3],8.56],[[565741,14.189878,50.503389,1],12.64],[[565768,13.990159,50.476429,2],15.09],[[565776,13.899372,50.45817,1],38.67],[[565792,14.20553,50.599744,1],10.82],[[565806,14.035645,50.463202,1],21],[[565814,14.34769,50.585804,3],4.84],[[565831,14.254008,50.43399,1],31.84],[[565849,13.976864,50.53909,2],11.5],[[565857,14.063884,50.539512,1],12.5],[[565865,14.020198,50.510608,1],16.34],[[565873,13.955542,50.497071,0],10],[[565881,14.268153,50.373533,1],8.33],[[565890,14.286605,50.4833,1],40],[[565903,14.084782,50.462705,1],20.72],[[565911,14.289857,50.502216,1],19.6],[[565938,14.091136,50.413264,1],10.81],[[565946,14.091474,50.523199,1],30.09],[[565954,14.233166,50.446388,1],4.76],[[565962,14.156757,50.555387,2],13.23],[[530557,13.784625,50.45686,0],11.36],[[530565,13.876828,50.464261,0],48.48],[[530581,13.494015,50.308851,1],11.25],[[530590,13.513599,50.33349,1],14.36],[[530603,13.604272,50.321307,0],3.44],[[542547,13.852757,50.347086,1],11.84],[[542555,13.735342,50.311585,0],11.9],[[542571,13.812247,50.332834,2],6.48],[[542580,13.863081,50.373356,1],5.78],[[542628,