{"reg":1118,"towns":[[[538906,12.547716,50.055886,1],1.11],[[538922,12.487772,50.062566,1],1.56],[[539023,12.400268,50.128744,1],0.84],[[539112,12.59591,49.991631,1],2.75],[[539279,12.666767,49.966767,2],2.18],[[539376,12.739122,49.948927,0],18.91],[[539481,12.654905,49.976907,1],2.27],[[539538,12.732909,50.050184,0],45.23],[[539554,12.48425,50.103171,1],5.55],[[554481,12.369964,50.079633,5],2.6],[[554499,12.195113,50.223983,4],1.98],[[554502,12.551125,50.018055,2],2.41],[[554511,12.665618,49.93907,1],5.55],[[554529,12.349781,50.120159,3],1.1],[[554545,12.272617,50.156457,2],2.23],[[554553,12.175894,50.304702,2],3.65],[[554600,12.624853,50.010693,2],1.4],[[554618,12.230943,50.128275,1],1.65],[[554626,12.448928,50.036398,1],1.98],[[554634,12.406065,50.252592,2],3.1],[[554642,12.701298,49.964699,4],2.22],[[554651,12.453308,50.156155,1],13.04],[[554707,12.445362,50.217131,1],1.27],[[554740,12.34681,50.220815,2],0.21],[[554812,12.361561,50.170411,2],1.55],[[554855,12.676134,49.91921,1],2.66],[[554880,12.616745,49.942277,1],1.98],[[555631,12.86316,49.981953,3],1.7],[[500101,13.046575,50.172681,0],12],[[500127,13,50.25,0],8.33],[[506486,12.924571,50.409844,0],12.74],[[506494,12.719531,50.360145,1],3.03],[[537870,12.870986,50.197494,1],4],[[537918,12.895923,50.247898,2],3.81],[[537926,12.800046,50.226649,1],5.38],[[537969,12.871721,50.25545,1],7.38],[[538001,12.962918,50.20449,1],9],[[538019,12.711084,50.291365,1],7.86],[[538027,12.765442,50.291579,0],5.35],[[538116,12.814015,50.294681,1],6.81],[[538159,12.919811,50.283247,1],0.88],[[551651,12.789994,50.213854,1],9.41],[[554961,12.872062,50.231952,5],4.71],[[554979,12.818377,50.368855,2],17.8],[[554995,12.838429,50.083561,1],3.33],[[555029,13.045282,50.151007,2],1.08],[[555045,12.769752,50.258843,1],1.62],[[555169,12.771048,50.390493,1],3],[[555185,12.871918,50.309508,2],4.36],[[555207,13.249179,50.104736,1],1.07],[[555215,12.934767,50.358573,3],2.56],[[555258,12.903449,50.187545,1],4.21],[[555304,12.921351,50.072448,1],4.8],[[555347,13.000007,50.262803,1],0.99],[[555363,12.863613,50.32819,1],6.33],[[555380,12.729474,50.322529,3],2.03],[[555398,12.784334,50.271028,3],2.76],[[555428,12.939183,50.306035,4],3.78],[[555444,12.892407,50.032393,1],2.47],[[555452,12.783825,50.365797,1],23.03],[[555479,12.736597,50.428273,1],16.66],[[555533,12.897194,50.267226,2],2.25],[[555550,12.874064,50.165217,1],8.16],[[555584,13.051067,50.337331,1],2.43],[[555592,13.005785,50.183216,1],2.61],[[555614,12.976213,50.237016,1],2.67],[[555622,13.114279,50.058313,1],2],[[555657,12.985171,50.060604,3],8.63],[[555703,13.009826,50.284179,1],2.79],[[555711,13.173868,50.14131,1],1.6],[[555738,13.016307,50.303424,1],2.18],[[555762,13.163084,50.092028,2],1.42],[[556947,12.925973,50.179793,1],4.79],[[578029,12.696743,50.348275,1],2.12],[[578045,13.002857,50.344955,1],2.94],[[511587,12.579546,50.211627,1],2.83],[[538337,12.786342,50.109287,1],5.2],[[538434,12.625358,50.192341,2],2.66],[[538591,12.645192,50.164731,2],5.78],[[538663,12.697409,50.276819,0],15.15],[[560286,12.659992,50.174629,4],3.78],[[560294,12.643488,50.145752,3],4.86],[[560308,12.505287,50.374494,1],9.89],[[560316,12.572766,50.166437,2],0.83],[[560324,12.61344,50.162671,1],3.46],[[560332,12.567344,50.146566,1],19.23],[[560341,12.637158,50.243218,1],5],[[560359,12.550653,50.183078,3],2.59],[[560367,12.807697,50.138742,3],3.41],[[560375,12.535762,50.149949,1],5.81],[[560383,12.747709,50.23983,4],1.63],[[560413,12.602422,50.28276,1],3.03],[[560456,12.534192,50.216079,1],4.78],[[560464,12.67954,50.19412,1],1.03],[[560472,12.517588,50.323835,3],9.84],[[560499,12.530388,50.119038,3],3.18],[[560502,12.552602,50.128978,1],4.76],[[560537,12.754163,50.186112,3],2.01],[[560545,12.632789,50.211851,2],6.6],[[560561,12.775287,50.084201,0],6.06],[[560570,12.738121,50.206578,3],4.25],[[560588,12.558884,50.251243,2],3.53],[[560600,12.573526,50.29638,3],1.2],[[560618,12.668852,50.104512,1],2.73],[[560642,12.719941,50.181807,1],2.07],[[560651,12.526519,50.356766,1],8.33],[[560677,12.603439,50.318764,1],9.09],[[560685,12.717598,50.233928,2],1.74],[[579360,12.676998,50.182307,0],9.21]],"districts":[["CZ0411",2.28],["CZ0412",4.3],["CZ0413",3.79]],"regions":[["CZ041",null]]}