{"reg":112,"towns":[[[538795,12.168117,50.234889,1],73.73],[[538817,12.201857,50.255461,0],63.49],[[539023,12.400268,50.128744,1],5.88],[[539112,12.59591,49.991631,1],1.83],[[539279,12.666767,49.966767,2],3.02],[[539376,12.739122,49.948927,0],2.7],[[539431,12.744072,49.971876,1],6.38],[[539473,12.779206,49.953112,0],41.02],[[539481,12.654905,49.976907,1],6.81],[[554481,12.369964,50.079633,5],0.93],[[554499,12.195113,50.223983,4],36.45],[[554502,12.551125,50.018055,2],1.72],[[554511,12.665618,49.93907,1],1.98],[[554529,12.349781,50.120159,3],1.42],[[554545,12.272617,50.156457,2],4.79],[[554553,12.175894,50.304702,2],23.49],[[554596,12.393172,50.194269,1],8.75],[[554600,12.624853,50.010693,2],5.61],[[554618,12.230943,50.128275,1],3.86],[[554626,12.448928,50.036398,1],0.66],[[554634,12.406065,50.252592,2],1.67],[[554642,12.701298,49.964699,4],0.94],[[554651,12.453308,50.156155,1],4.34],[[554677,12.787043,50.03698,1],2.56],[[554693,12.472085,50.115352,1],2.83],[[554740,12.34681,50.220815,2],0.43],[[554812,12.361561,50.170411,2],1.55],[[554880,12.616745,49.942277,1],3.46],[[555631,12.86316,49.981953,3],2.07],[[578002,12.372344,50.19907,0],7.69],[[500101,13.046575,50.172681,0],12],[[500127,13,50.25,0],4.16],[[506486,12.924571,50.409844,0],0.98],[[506494,12.719531,50.360145,1],3.78],[[506621,13.17119,50.12436,0],3.44],[[537845,12.85168,50.148702,0],1.78],[[537918,12.895923,50.247898,2],4.34],[[537926,12.800046,50.226649,1],3.7],[[537934,12.770109,50.237288,1],16.51],[[537969,12.871721,50.25545,1],0.33],[[538001,12.962918,50.20449,1],2.7],[[538019,12.711084,50.291365,1],6.74],[[538027,12.765442,50.291579,0],17.85],[[538116,12.814015,50.294681,1],2.27],[[538159,12.919811,50.283247,1],2.64],[[551651,12.789994,50.213854,1],1.17],[[554961,12.872062,50.231952,5],2.5],[[554979,12.818377,50.368855,2],12.04],[[554995,12.838429,50.083561,1],19.33],[[555029,13.045282,50.151007,2],54.87],[[555045,12.769752,50.258843,1],13],[[555169,12.771048,50.390493,1],8],[[555185,12.871918,50.309508,2],21.6],[[555207,13.249179,50.104736,1],2.15],[[555215,12.934767,50.358573,3],2.17],[[555258,12.903449,50.187545,1],5.48],[[555304,12.921351,50.072448,1],2.88],[[555347,13.000007,50.262803,1],1.99],[[555363,12.863613,50.32819,1],4.07],[[555380,12.729474,50.322529,3],4.25],[[555398,12.784334,50.271028,3],4.55],[[555428,12.939183,50.306035,4],2.36],[[555444,12.892407,50.032393,1],6.61],[[555452,12.783825,50.365797,1],2.24],[[555479,12.736597,50.428273,1],1.28],[[555525,13.170783,50.051663,1],3.48],[[555533,12.897194,50.267226,2],1.35],[[555550,12.874064,50.165217,1],10.88],[[555584,13.051067,50.337331,1],5.69],[[555592,13.005785,50.183216,1],9.8],[[555614,12.976213,50.237016,1],1.06],[[555622,13.114279,50.058313,1],25],[[555657,12.985171,50.060604,3],7.15],[[555681,12.954852,50.070847,1],27.7],[[555690,13.254676,50.174239,1],1.17],[[555703,13.009826,50.284179,1],1.11],[[555711,13.173868,50.14131,1],1.6],[[555738,13.016307,50.303424,1],0.54],[[555762,13.163084,50.092028,2],17.07],[[556947,12.925973,50.179793,1],5.98],[[578011,12.863016,50.068626,0],3.7],[[578029,12.696743,50.348275,1],3.19],[[511587,12.579546,50.211627,1],3.77],[[538337,12.786342,50.109287,1],1.15],[[538396,12.582432,50.135748,1],2.7],[[538434,12.625358,50.192341,2],3.11],[[538591,12.645192,50.164731,2],2.47],[[538663,12.697409,50.276819,0],18.18],[[560286,12.659992,50.174629,4],2.58],[[560294,12.643488,50.145752,3],3.03],[[560308,12.505287,50.374494,1],19.78],[[560316,12.572766,50.166437,2],1.25],[[560324,12.61344,50.162671,1],0.49],[[560332,12.567344,50.146566,1],1.92],[[560341,12.637158,50.243218,1],4],[[560359,12.550653,50.183078,3],2.48],[[560367,12.807697,50.138742,3],2.56],[[560383,12.747709,50.23983,4],29.57],[[560413,12.602422,50.28276,1],4.54],[[560421,12.504505,50.14885,1],3],[[560456,12.534192,50.216079,1],4.78],[[560464,12.67954,50.19412,1],2.07],[[560472,12.517588,50.323835,3],10.32],[[560499,12.530388,50.119038,3],1.36],[[560537,12.754163,50.186112,3],3.53],[[560545,12.632789,50.211851,2],19.81],[[560570,12.738121,50.206578,3],9.61],[[560588,12.558884,50.251243,2],2.89],[[560600,12.573526,50.29638,3],6.3],[[560618,12.668852,50.104512,1],2.73],[[560642,12.719941,50.181807,1],4.97],[[560651,12.526519,50.356766,1],24.07],[[560677,12.603439,50.318764,1],2.72],[[560685,12.717598,50.233928,2],30.56],[[560707,12.696593,50.259197,1],2.63],[[579360,12.676998,50.182307,0],1.31]],"districts":[["CZ0411",7.17,8.93,-1.76],["CZ0412",4.91,8.9,-3.99],["CZ0413",8,9.58,-1.58]],"regions":[["CZ041",null]]}