{"reg":1130,"towns":[[[581283,16.647855,49.36495,4],0.09],[[581291,16.663955,49.295708,3],0.24],[[581356,16.671585,49.581447,1],0.92],[[581372,16.660076,49.487612,4],0.12],[[581461,16.538385,49.430303,0],1.12],[[581496,16.581502,49.413707,2],0.5],[[581682,16.756055,49.344631,3],0.12],[[581879,16.517324,49.506551,3],0.23],[[581950,16.805938,49.38404,2],0.31],[[582069,16.615857,49.524132,0],1.28],[[582158,16.421795,49.557654,2],0.18],[[582166,16.671791,49.33097,2],1.06],[[582204,16.489694,49.533771,0],3.22],[[582239,16.640964,49.410419,3],0.38],[[582298,16.725919,49.337274,1],0.69],[[582441,16.598037,49.501876,2],1.03],[[582484,16.751985,49.410633,1],0.93],[[582492,16.506182,49.452359,0],1.58],[[582646,16.679574,49.612471,3],0.22],[[582671,16.557996,49.481598,1],0.7],[[582689,16.525131,49.553154,1],1.51],[[582743,16.697884,49.421675,1],0.89],[[550973,16.606937,49.19516,5],0.41],[[550990,16.606937,49.19516,4],0.3],[[551007,16.606937,49.19516,4],0.3],[[551031,16.606937,49.19516,5],0.3],[[551058,16.606937,49.19516,4],0.18],[[551066,16.606937,49.19516,3],0.22],[[551074,16.606937,49.19516,3],0.17],[[551082,16.606937,49.19516,4],0.33],[[551091,16.606937,49.19516,4],0.28],[[551112,16.606937,49.19516,4],0.72],[[551147,16.606937,49.19516,4],0.33],[[551171,16.606937,49.19516,3],0.24],[[551198,16.606937,49.19516,4],1.65],[[551210,16.606937,49.19516,2],0.47],[[551228,16.606937,49.19516,3],0.36],[[551236,16.606937,49.19516,3],0.55],[[551244,16.606937,49.19516,4],0.24],[[551252,16.606937,49.19516,3],0.22],[[551279,16.606937,49.19516,4],0.18],[[551287,16.606937,49.19516,5],0.35],[[551295,16.606937,49.19516,3],0.4],[[551309,16.606937,49.19516,3],0.52],[[551317,16.606937,49.19516,3],0.09],[[551325,16.606937,49.19516,2],0.46],[[551368,16.606937,49.19516,3],0.47],[[551376,16.606937,49.19516,2],0.39],[[551406,16.606937,49.19516,2],0.22],[[551422,16.606937,49.19516,1],1.21],[[551431,16.606937,49.19516,1],0.28],[[582786,16.606937,49.19516,6],0.42],[[549746,16.402512,49.35263,2],0.45],[[549908,16.32465,49.365622,0],1.92],[[581976,16.413696,49.404719,2],0.54],[[582794,16.696235,49.283402,2],0.24],[[582841,16.786216,49.165785,2],0.19],[[582891,16.749623,49.281698,1],1.05],[[582956,16.465024,49.070212,2],0.37],[[583031,16.607667,49.075956,2],0.63],[[583111,16.458829,49.288591,1],0.32],[[583120,16.377622,49.101545,3],0.3],[[583197,16.714624,49.263805,1],0.34],[[583235,16.376457,49.156753,1],0.83],[[583251,16.531546,49.298618,4],0.12],[[583260,16.388167,49.279046,1],0.84],[[583324,16.297954,49.162573,1],1.2],[[583332,16.501392,49.023694,1],0.84],[[583341,16.502322,49.333699,1],0.32],[[583375,16.4923,49.076242,1],0.71],[[583383,16.694343,49.082495,2],0.85],[[583391,16.614517,49.12799,3],0.35],[[583405,16.751677,49.22287,3],0.21],[[583413,16.576269,49.14566,3],0.26],[[583421,16.436388,49.083374,2],0.33],[[583456,16.551476,49.141432,1],0.82],[[583511,16.441855,49.071249,1],1],[[583529,16.509119,49.010907,0],4.65],[[583545,16.451834,49.170033,1],1.21],[[583561,16.523392,49.11128,3],0.12],[[583588,16.336633,49.123447,3],0.28],[[583596,16.54559,49.161102,2],0.31],[[583651,16.616203,49.107197,1],0.66],[[583677,16.790847,49.209864,2],0.4],[[583685,16.765498,49.141161,1],1.31],[[583715,16.299175,49.195583,1],0.46],[[583758,16.603982,49.090311,3],0.18],[[583766,16.629436,49.092135,2],0.87],[[583774,16.635332,49.105224,1],0.71],[[583782,16.387975,49.18242,3],0.87],[[583821,16.694045,49.257564,1],1.29],[[583898,16.721665,49.11402,2],0.15],[[583901,16.253595,49.239197,1],0.9],[[583910,16.50409,49.152312,3],0.19],[[583936,16.546565,49.079913,2],0.21],[[583952,16.727418,49.168729,3],0.19],[[583979,16.71785,49.101969,2],0.17],[[583987,16.405736,49.170348,2],2.19],[[584002,16.424485,49.348818,3],0.33],[[584029,16.510886,49.169608,2],0.56],[[584037,16.771563,49.19187,2],0.6],[[584045,16.757474,49.104448,3],0.26],[[584100,16.436969,49.276013,3],0.79],[[584118,16.401931,49.236997,1],0.42],[[584177,16.284964,49.183126,1],0.4],[[584223,16.349616,49.155344,3],0.12],[[584266,16.581479,49.116986,2],0.37],[[584720,16.654416,49.013902,2],0.25],[[584801,16.524557,48.981287,3],0.09],[[585025,16.484529,48.933846,1],0.58],[[593834,16.431951,48.962911,1],1.17],[[594377,16.463176,49.011698,1],0.85],[[595331,16.229456,49.355656,0],2.22],[[595551,16.352799,49.424208,1],1.39],[[584291,16.882617,48.75324,4],0.14],[[584321,16.814026,48.966776,1],0.34],[[584444,16.485962,48.857558,2],1],[[584452,16.762404,48.774086,2],0.62],[[584479,16.62566,48.874651,1],0.95],[[584495,16.737726,48.940946,3],0.05],[[584541,16.644789,48.844725,1],0.62],[[584568,16.891691,48.932959,2],0.16],[[584665,17.013814,48.803142,3],0.45],[[584673,16.931502,48.832952,2],0.26],[[584819,16.66701,48.927358,1],0.42],[[584835,16.624973,48.934526,1],1.89],[[584894,16.706715,48.951684,1],0.42],[[584959,17.013324,48.779531,2],0.29],[[584975,16.755094,48.74079,3],0.22],[[584983,16.892379,48.849388,3],0.1],[[584991,16.870336,49.033238,1],2.4],[[585009,16.672186,48.991777,2],0.36],[[585050,16.766566,48.87305,2],0.76],[[586021,17.126102,48.853039,4],0.12],[[586048,17.466069,48.946824,2],0.53],[[586056,17.530151,48.935609,1],2.47],[[586081,17.266959,48.973463,3],0.09],[[586099,16.965214,48.946631,2],0.29],[[586111,17.15476,49.051964,1],0.73],[[586129,16.917678,49.038383,2],0.61],[[586137,17.028691,48.858707,3],0.1],[[586161,17.090148,48.917038,3],0.2],[[586226,17.210115,49.027077,1],0.54],[[586307,17.12261,49.009967,4],0.22],[[586315,17.214588,49.046739,0],1.85],[[586374,17.051171,48.816526,2],0.38],[[586382,17.141387,48.955858,2],0.22],[[586404,17.332795,48.990264,2],0.15],[[586498,16.980787,48.828498,2],0.5],[[586528,17.183408,48.880497,3],0.09],[[586552,17.079041,49.01974,1],0.39],[[586587,17.31691,48.901117,3],0.19],[[586595,17.047511,49.009307,1],0.47],[[586609,17.256869,48.867328,2],0.29],[[586641,17.028222,48.964128,2],0.33],[[586676,16.942659,48.955636,1],0.8],[[586692,16.947682,49.050447,1],0.46],[[586706,17.174146,48.945204,2],0.11],[[586714,17.520706,48.882667,3],0.14],[[586765,17.211104,48.975328,3],0.18],[[586790,16.967239,49.040748,2],0.35],[[586803,17.027619,49.067387,2],0.13],[[550213,16.913668,49.119869,1],0.38],[[592889,16.996199,49.277552,4],0.05],[[592901,17.030228,49.214143,1],0.4],[[592919,16.836868,49.053609,2],0.31],[[592927,17.134911,49.156081,1],0.9],[[592943,17.003981,49.149402,3],0.05],[[593001,16.951569,49.276395,2],0.14],[[593052,16.784406,49.117751,1],0.33],[[593214,16.829426,49.142261,2],0.14],[[593222,16.939154,49.142428,1],0.45],[[593338,17.071226,49.15947,1],0.83],[[593371,16.919514,49.164452,1],0.37],[[593389,17.135056,49.18054,1],0.9],[[593397,16.913617,49.246812,1],0.5],[[593419,17.081054,49.151205,2],0.32],[[593443,16.902045,49.408906,0],2.94],[[593478,16.814533,49.086517,2],0.24],[[593559,16.882252,49.201381,3],0.29],[[593583,16.876598,49.153354,3],0.35],[[593591,17.106415,49.132902,1],0.74],[[593664,16.857178,49.128919,1],0.43],[[593681,16.849241,49.179261,2],0.52],[[550051,16.002555,48.919012,1],1.65],[[593711,16.054368,48.856011,5],0.23],[[593885,16.195072,49.032153,0],4.34],[[593958,16.365753,48.909233,0],1.75],[[594024,16.008488,48.811525,1],2.56],[[594059,15.98678,48.798587,1],1.11],[[594067,16.163476,48.8369,2],0.27],[[594113,16.259416,48.950156,2],1.94],[[594202,15.990027,48.987465,2],0.66],[[594300,16.077071,48.876057,1],0.35],[[594351,16.310735,49.003355,0],1.09],[[594369,16.402604,48.887149,1],2.59],[[594482,16.311798,49.049031,3],0.11],[[594563,16.402498,48.984904,2],0.86],[[594571,16.248504,48.902158,1],0.68],[[594628,16.080106,48.928863,1],1.42],[[594687,16.361153,48.843456,1],1.63],[[594709,16.192067,48.902803,1],0.47],[[594784,16.199287,48.781603,1],0.86],[[594881,16.010024,48.793274,2],0.39],[[594989,16.207235,49.038646,0],5],[[595004,15.630477,48.913336,1],1.21],[[595055,16.256897,49.022141,1],0.57],[[595098,15.812799,48.894799,1],0.43],[[595110,15.595278,48.904186,1],1.69],[[595128,16.100716,48.799878,2],0.5],[[595136,16.120391,48.928356,0],3.12]],