{"reg":1133,"towns":[[[535206,14.525035,48.968311,3],0.54],[[535249,14.407512,49.019337,1],1.63],[[535281,14.35445,49.091233,1],1.13],[[535346,14.487974,48.901535,1],0.73],[[535371,14.329443,49.118968,0],4.34],[[535494,14.507364,49.01349,1],0.61],[[535524,14.393359,49.260396,0],2.04],[[535541,14.307773,48.980659,1],2.19],[[535575,14.334947,48.948248,0],2.12],[[535591,14.617022,48.980946,1],1.11],[[535648,14.52874,48.920709,1],15.09],[[535664,14.510822,48.935899,1],5.42],[[535681,14.519089,48.912174,0],5.88],[[535737,14.494749,48.926848,1],0.51],[[535761,14.569321,48.99562,1],2.77],[[535788,14.538863,48.981174,1],0.67],[[535796,14.527017,48.988054,1],0.8],[[535800,14.543731,49.019769,1],0.65],[[535851,14.263279,49.067405,0],1.66],[[535893,14.545974,49.089591,1],1.43],[[535907,14.520691,49.067394,0],1.11],[[535915,14.522263,49.113445,0],5.55],[[535958,14.546683,49.124437,1],2],[[535982,14.671182,48.779882,1],2.73],[[536016,14.370905,49.089687,1],1.49],[[536032,14.266127,49.011922,0],3.84],[[536075,14.565216,49.208049,0],1.75],[[536156,14.501318,49.215784,0],2.63],[[536199,14.483885,49.216003,0],3.03],[[544256,14.480355,48.975758,5],0.35],[[544272,14.500984,49.023491,2],0.17],[[544281,14.642367,48.898704,3],0.53],[[544299,14.434092,48.921882,2],0.49],[[544329,14.383008,49.014436,1],1.38],[[544361,14.309399,49.108733,1],0.63],[[544388,14.58137,49.170963,2],0.65],[[544426,14.346061,49.142904,2],1.06],[[544442,14.360478,48.976295,2],0.19],[[544451,14.631296,49.137304,1],1.36],[[544485,14.434371,49.052354,3],0.73],[[544493,14.429572,48.939,2],0.38],[[544515,14.735114,48.761347,2],0.2],[[544523,14.476024,49.037403,1],0.32],[[544591,14.387621,49.296087,1],4.07],[[544639,14.726899,48.889587,1],0.63],[[544663,14.446481,48.897635,2],0.38],[[544736,14.618133,48.932311,2],0.91],[[544761,14.352239,48.949581,1],2.77],[[544779,14.608479,49.016073,3],0.56],[[544795,14.451559,48.962172,3],0.7],[[544809,14.527609,48.824304,1],0.84],[[544817,14.69925,48.940569,1],1.44],[[544825,14.515037,48.928509,1],5.69],[[544868,14.778483,48.789733,3],0.72],[[544884,14.704931,48.84133,1],0.5],[[544892,14.363919,49.107235,1],2.27],[[544965,14.273026,49.019699,0],1.69],[[544973,14.487539,48.934985,2],0.75],[[544981,14.541889,48.993496,3],0.47],[[545007,14.48694,48.855719,1],1.23],[[545015,14.286606,49.072931,1],1.27],[[545023,14.615065,48.797949,1],0.55],[[545066,14.541407,48.948161,3],0.86],[[545074,14.521073,48.945486,2],1.4],[[545082,14.569486,48.899683,1],2.38],[[545139,14.653443,49.00193,1],0.42],[[545155,14.348847,49.19294,1],2.62],[[545171,14.639338,48.842418,3],0.14],[[545201,14.42067,49.223502,3],1.57],[[545228,14.453933,48.923831,2],0.48],[[545261,14.376014,48.917453,1],0.41],[[545287,14.35799,49.217064,2],5.81],[[545317,14.26727,48.990054,1],1.78],[[545341,14.366234,49.066188,3],0.41],[[545368,14.334957,49.002908,1],3.38],[[545376,14.708287,48.806971,1],1.23],[[545384,14.510527,49.20382,1],1.9],[[551490,14.395791,48.978807,0],1.23],[[551503,14.636226,48.806592,1],1.09],[[598593,14.503761,48.91146,0],1.23],[[500194,14.131502,48.805608,0],5.4],[[513661,14.24726,48.948418,1],0.95],[[536229,14.395976,48.870362,0],2.27],[[536245,14.343803,48.845115,1],1],[[536253,14.286864,48.74294,1],3.77],[[545392,14.317566,48.812835,4],0.29],[[545406,14.627471,48.729507,2],1.09],[[545414,14.556987,48.790089,1],0.39],[[545431,14.218667,48.92998,2],1.47],[[545465,14.452309,48.656521,2],0.46],[[545473,14.409805,48.855526,2],0.55],[[545481,14.165732,48.661044,2],0.33],[[545490,14.321188,48.890096,2],1.02],[[545511,14.032672,48.767465,2],0.58],[[545520,14.178522,48.766018,1],2.08],[[545546,14.211239,48.854119,2],0.39],[[545554,14.258692,48.810921,2],0.49],[[545562,14.496373,48.738589,3],0.18],[[545571,14.305777,48.90507,3],0.61],[[545601,14.257565,48.620292,2],0.36],[[545627,14.391352,48.811076,1],1.17],[[545716,14.16459,48.631244,0],1.33],[[545732,14.345507,48.833173,0],1.19],[[545767,14.365259,48.654353,1],0.93],[[545805,14.545827,48.762808,1],2.45],[[545813,14.21107,48.731761,0],1.96],[[545821,14.462614,48.829589,3],0.53],[[545830,14.286258,48.774351,3],0.25],[[545848,14.311919,48.616082,3],0.17],[[545864,14.369638,48.854873,1],0.8],[[545872,14.40728,48.794137,1],0.86],[[507652,14.841334,49.219107,0],5.88],[[507695,14.798462,49.212955,0],14.28],[[508004,14.910845,49.127862,0],2.89],[[508152,15.156956,49.140007,1],0.68],[[508683,14.686266,49.107283,0],3.33],[[509078,14.904124,49.084695,1],0.63],[[509141,14.900629,48.852822,1],1.63],[[529761,15.076662,49.254193,0],7.69],[[545881,15.006239,49.144582,4],0.17],[[546020,15.589973,49.087277,0],3.63],[[546038,15.531006,49.076348,1],0.99],[[546054,15.389754,49.03065,1],2.45],[[546089,14.963775,48.768608,3],0.39],[[546097,15.324472,49.068454,1],6.03],[[546127,15.434304,49.07992,3],0.12],[[546151,14.924058,49.265237,1],1.21],[[546291,14.911134,49.108751,0],1.19],[[546305,15.28546,49.129602,0],13.33],[[546364,15.042397,49.104515,1],0.48],[[546402,15.085627,49.128663,1],1.09],[[546461,14.928089,48.96245,2],3.04],[[546500,15.06744,49.189995,2],0.75],[[546542,14.853256,49.184882,2],0.7],[[546615,15.190385,49.12129,2],0.2],[[546623,14.970283,49.074391,1],2.12],[[546674,14.717374,49.084786,2],1.6],[[546801,15.072705,49.239453,2],0.57],[[546844,14.82226,49.081103,1],1],[[546917,15.462488,48.965043,1],1.26],[[547166,15.351639,48.997636,2],0.47],[[547204,15.453308,49.010499,1],1.06],[[547212,15.254229,49.00345,1],1.07],[[547221,14.905614,49.069814,1],0.85],[[547239,15.199439,49.158567,2],4.5],[[547247,14.878351,49.029989,1],1.19],[[547263,15.286981,49.185258,2],1.32],[[547280,14.877056,48.893435,3],0.33],[[547336,14.764232,49.003615,3],0.49],[[547441,15.370353,49.106922,1],0.45],[[547468,15.241907,49.20085,1],3.19],[[560987,14.936562,49.296949,0],5],[[561045,14.682477,49.076158,0],2.32],[[561061,15.028473,49.172879,0],1.66],[[561088,14.937708,49.051469,1],4.39],[[561711,15.096553,49.142295,1],1.69],[[562319,15.568834,49.090577,0],5.88],[[562327,15.52082,49.047741,1],0.9],[[562386,14.913529,48.949506,1],2],[[562742,15.211941,49.189321,0],5],[[562769,15.268924,49.17677,0],3.44],[[562785,15.27978,49.1579,0],3.12],[[562807,14.915223,48.85324,0],1.28],[[562815,14.695348,49.035149,0],4.28],[[562840,14.739869,48.971783,1],0.93],[[598658,15.244609,49.156684,0],2.5],[[509621,14.053525,49.365038,1],3.27],[[529885,14.322986,49.393498,0],4.34],[[549240,14.158129,49.303554,5],1.33],[[549258,14.302929,49.253337,1],28.03],[[549266,14.381118,49.368999,2],3.14],[[549291,14.444001,49.45123,1],0.87],[[549321,14.055739,49.418097,0],5.35],[[549339,14.069328,49.465681,1],3.75],[[549347,14.093158,49.356861,2],3.4],[[549363,14.048531,49.29535,1],3.95],[[549380,14.04237,49.333979,1],1.81],[[549398,14.13555,49.232575,1],2.89],[[549410,14.33498,49.52294,1],4.8],[[549428,14.290912,49.474473,1],5.59],[[549452,14.427673,49.52356,2],4.12],[[549479,14.29271,49.386055,1],1.49],[[549487,14.072641,49.269153,1],1.84],[[549495,14.245388,49.316885,1],4.45],[[549509,14.211859,49.49999,1],4.72],[[549517,14.278199,49.517705,2],0.76],[[549525,14.110652,49.495809,0],1.51],[[549541,14.245724,49.434342,0],1.33],[[549568,14.087866,49.517034,1],2.98],[[549576,14.360109,49.450998,3],0.9],[[549584,14.037078,49.429185,2],2.87],[[549592,14.035924,49.515657,2],4.61],[[549606,14.005039,49.495358,1],5.55],[[549657,14.153463,49.477833,0],2.7],[[549681,14.165613,49.509979,1],5.33],[[549703,14.212059,49.399365,1],3.57],[[549711,14.115581,49.421243,1],13.18],[[549754,14.312023,49.361265,1],6.09],[[549771,14.217277,49.199591,3],3.02],[[549801,14.11913,49.264627,1],0.66],[[549827,14.101842,49.240999,1],4.39],[[549843,14.418256,49.428755,2],0.98],[[549851,14.160276,49.219961,1],1],[[549860,14.337975,49.326635,1],5.1],[[549878,14.087266,49.447708,1],4.59],[[549932,14.227263,49.247661,0],2.32],[[549991,14.12798,49.383148,1],44.09],[[550001,14.174529,49.344758,0],3.7],[[550027,14.212649,49.343828,1],4.24],[[550060,14.382796,49.501316,1],1.07],[[561509,14.145234,49.492895,0],2.77],[[561517,14.357241,49.479579,0],1.81],[[562084,