{"reg":1134,"towns":[[[535206,14.525035,48.968311,3],0.21],[[535249,14.407512,49.019337,1],0.81],[[535346,14.487974,48.901535,1],0.73],[[535494,14.507364,49.01349,1],0.61],[[535648,14.52874,48.920709,1],0.47],[[535664,14.510822,48.935899,1],1.55],[[535826,14.539603,49.000624,1],0.38],[[535851,14.263279,49.067405,0],8.33],[[535958,14.546683,49.124437,1],2],[[535991,14.335259,49.045975,1],0.46],[[536059,14.330668,49.022388,0],3.17],[[544256,14.480355,48.975758,5],0.49],[[544272,14.500984,49.023491,2],0.34],[[544281,14.642367,48.898704,3],0.07],[[544299,14.434092,48.921882,2],0.32],[[544388,14.58137,49.170963,2],0.21],[[544400,14.501587,48.893631,1],0.65],[[544426,14.346061,49.142904,2],0.21],[[544485,14.434371,49.052354,3],0.36],[[544493,14.429572,48.939,2],0.19],[[544523,14.476024,49.037403,1],0.65],[[544558,14.478672,49.019035,2],0.18],[[544591,14.387621,49.296087,1],0.45],[[544612,14.297986,48.966544,1],0.81],[[544736,14.618133,48.932311,2],0.26],[[544744,14.683706,48.969727,1],1.3],[[544779,14.608479,49.016073,3],0.07],[[544795,14.451559,48.962172,3],0.35],[[544825,14.515037,48.928509,1],0.81],[[544868,14.778483,48.789733,3],0.14],[[544892,14.363919,49.107235,1],0.45],[[544981,14.541889,48.993496,3],0.7],[[545015,14.286606,49.072931,1],0.63],[[545066,14.541407,48.948161,3],0.37],[[545074,14.521073,48.945486,2],0.46],[[545082,14.569486,48.899683,1],1.19],[[545201,14.42067,49.223502,3],0.14],[[545228,14.453933,48.923831,2],0.16],[[545261,14.376014,48.917453,1],0.41],[[545341,14.366234,49.066188,3],0.31],[[545376,14.708287,48.806971,1],1.23],[[551503,14.636226,48.806592,1],1.09],[[500194,14.131502,48.805608,0],2.7],[[536245,14.343803,48.845115,1],1],[[536253,14.286864,48.74294,1],1.88],[[536300,14.409159,48.77629,0],1.51],[[545392,14.317566,48.812835,4],0.89],[[545457,14.110637,48.738072,1],1.88],[[545465,14.452309,48.656521,2],0.46],[[545490,14.321188,48.890096,2],0.51],[[545503,14.405822,48.603883,1],1.07],[[545562,14.496373,48.738589,3],0.12],[[545571,14.305777,48.90507,3],0.86],[[545597,14.22942,48.639427,1],1.62],[[545619,14.576875,48.686212,2],1.12],[[545627,14.391352,48.811076,1],1.17],[[545724,14.35229,48.781912,1],1.69],[[545821,14.462614,48.829589,3],0.35],[[545830,14.286258,48.774351,3],0.62],[[545848,14.311919,48.616082,3],0.51],[[598623,14.407373,48.834818,1],1.09],[[509078,14.904124,49.084695,1],1.26],[[529753,15.046007,49.260383,0],6.25],[[545881,15.006239,49.144582,4],0.04],[[546127,15.434304,49.07992,3],0.08],[[547069,14.933012,48.879314,1],0.63],[[547166,15.351639,48.997636,2],0.15],[[547280,14.877056,48.893435,3],0.11],[[547336,14.764232,49.003615,3],0.03],[[547441,15.370353,49.106922,1],0.45],[[562840,14.739869,48.971783,1],0.93],[[549240,14.158129,49.303554,5],0.22],[[549291,14.444001,49.45123,1],1.75],[[549347,14.093158,49.356861,2],1.13],[[549576,14.360109,49.450998,3],0.12],[[549754,14.312023,49.361265,1],1.21],[[549851,14.160276,49.219961,1],3],[[562068,14.05466,49.471321,0],1.92],[[562301,14.196093,49.329225,0],2.81],[[537136,13.928608,49.020356,0],15.62],[[537187,13.920865,49.025427,0],2.7],[[537209,14.039648,49.028655,1],12.63],[[537519,13.845247,49.038011,1],1.07],[[550094,14.0001,49.01101,4],2.79],[[550124,13.840431,49.089388,1],1.09],[[550183,14.012153,49.108339,1],1.12],[[550221,14.088637,49.0589,1],0.8],[[550230,13.987074,49.055065,2],0.29],[[550345,13.92781,49.03766,1],1.36],[[550361,14.149903,48.994897,2],0.43],[[550396,14.271361,49.031903,0],1.49],[[550418,14.225863,49.091285,1],1.63],[[550434,14.052436,49.005858,1],3.4],[[550451,13.930124,48.778263,1],1.7],[[550540,14.055317,49.084131,2],0.51],[[550574,13.872365,49.039501,1],0.84],[[550582,14.024005,49.057215,1],0.89],[[550621,13.729209,49.13697,2],0.25],[[550671,13.886674,48.908916,3],0.68],[[550701,13.978153,48.942727,1],3.57],[[561576,14.007074,49.070156,0],5.4],[[530034,14.150308,49.132595,1],1.36],[[536563,13.830176,49.302187,0],1.42],[[536776,13.951671,49.268386,0],4.34],[[536806,14.132576,49.166695,0],2.27],[[536881,13.782924,49.286063,1],1.06],[[550787,13.910408,49.260504,4],0.77],[[550809,14.079028,49.121951,2],0.27],[[551333,14.193459,49.114439,1],5.79],[[551341,13.94153,49.159413,1],0.91],[[551384,13.882929,49.126512,1],1.13],[[551414,13.958469,49.22067,1],2.66],[[551571,13.994739,49.201136,0],6.89],[[551619,13.849231,49.257287,1],4.1],[[551643,13.974442,49.277278,1],0.8],[[551660,13.930344,49.31645,2],0.24],[[551856,14.005988,49.267249,1],0.51],[[551953,14.175231,49.147997,3],0.41],[[551970,13.886339,49.165886,3],0.33],[[552046,14.677566,49.413089,5],0.15],[[552461,14.677049,49.478132,2],0.2],[[552666,14.578788,49.364014,2],0.17],[[552704,14.808669,49.53323,3],0.12],[[552721,14.7457,49.299224,1],1.26],[[552801,14.481477,49.396884,2],0.2],[[552828,14.701577,49.354541,3],0.26],[[552895,14.756334,49.247699,1],1.21],[[552976,14.44584,49.350249,0],1.44],[[553069,14.684908,49.385291,3],0.08],[[553085,14.798253,49.331555,0],1.23],[[553131,14.718717,49.260039,3],0.13],[[553166,14.538534,49.289825,1],0.46],[[553174,14.658595,49.510295,1],2.17],[[553271,14.699294,49.186616,3],0.47],[[553361,14.599292,49.218022,1],1.36],[[559016,14.640664,49.452054,0],2.17],[[599255,14.800827,49.258242,0],9.09],[[599271,14.745188,49.193033,1],0.98]],"districts":[["CZ0311",0.36],["CZ0312",0.49],["CZ0313",0.05],["CZ0314",0.17],["CZ0315",1.05],["CZ0316",0.45],["CZ0317",0.15]],"regions":[["CZ031",null]]}