{"reg":1135,"towns":[[[535176,14.452868,48.943775,1],39.39],[[535206,14.525035,48.968311,3],0.98],[[535281,14.35445,49.091233,1],1.13],[[535346,14.487974,48.901535,1],1.47],[[535435,14.601091,49.130401,1],3.5],[[535460,14.359977,48.933382,0],2.27],[[535494,14.507364,49.01349,1],3.68],[[535541,14.307773,48.980659,1],1.09],[[535575,14.334947,48.948248,0],2.12],[[535591,14.617022,48.980946,1],1.11],[[535613,14.62741,48.99242,0],1.51],[[535648,14.52874,48.920709,1],0.94],[[535664,14.510822,48.935899,1],1.55],[[535737,14.494749,48.926848,1],8.24],[[535753,14.541183,49.006592,1],1.15],[[535761,14.569321,48.99562,1],4.62],[[535788,14.538863,48.981174,1],0.67],[[535796,14.527017,48.988054,1],2.41],[[535826,14.539603,49.000624,1],1.55],[[535842,14.514153,48.844884,0],2.04],[[535893,14.545974,49.089591,1],0.71],[[535915,14.522263,49.113445,0],5.55],[[535958,14.546683,49.124437,1],1],[[535991,14.335259,49.045975,1],0.93],[[536075,14.565216,49.208049,0],1.75],[[544256,14.480355,48.975758,5],1.38],[[544272,14.500984,49.023491,2],1.73],[[544281,14.642367,48.898704,3],0.76],[[544299,14.434092,48.921882,2],1.31],[[544329,14.383008,49.014436,1],1.38],[[544361,14.309399,49.108733,1],1.27],[[544388,14.58137,49.170963,2],1.09],[[544400,14.501587,48.893631,1],0.65],[[544426,14.346061,49.142904,2],1.27],[[544442,14.360478,48.976295,2],1.36],[[544485,14.434371,49.052354,3],1.53],[[544493,14.429572,48.939,2],5.38],[[544523,14.476024,49.037403,1],2.29],[[544558,14.478672,49.019035,2],1.45],[[544591,14.387621,49.296087,1],0.45],[[544612,14.297986,48.966544,1],1.63],[[544639,14.726899,48.889587,1],0.31],[[544663,14.446481,48.897635,2],2.66],[[544736,14.618133,48.932311,2],0.65],[[544744,14.683706,48.969727,1],5.22],[[544779,14.608479,49.016073,3],0.42],[[544795,14.451559,48.962172,3],1.99],[[544809,14.527609,48.824304,1],0.42],[[544817,14.69925,48.940569,1],2.17],[[544825,14.515037,48.928509,1],1.62],[[544868,14.778483,48.789733,3],0.14],[[544884,14.704931,48.84133,1],0.5],[[544892,14.363919,49.107235,1],2.27],[[544965,14.273026,49.019699,0],1.69],[[544973,14.487539,48.934985,2],4.54],[[544981,14.541889,48.993496,3],0.82],[[545007,14.48694,48.855719,1],3.38],[[545015,14.286606,49.072931,1],1.91],[[545066,14.541407,48.948161,3],0.74],[[545074,14.521073,48.945486,2],1.64],[[545091,14.527777,48.890503,0],1.26],[[545104,14.508621,48.824139,1],3.01],[[545121,14.572298,49.100158,2],0.89],[[545139,14.653443,49.00193,1],2.11],[[545155,14.348847,49.19294,1],1.31],[[545171,14.639338,48.842418,3],0.7],[[545201,14.42067,49.223502,3],0.38],[[545228,14.453933,48.923831,2],0.96],[[545261,14.376014,48.917453,1],3.3],[[545287,14.35799,49.217064,2],0.61],[[545317,14.26727,48.990054,1],2.67],[[545341,14.366234,49.066188,3],1.34],[[545368,14.334957,49.002908,1],2.54],[[545384,14.510527,49.20382,1],0.95],[[549371,14.383923,49.305974,0],1.07],[[598607,14.56456,48.983725,1],0.72],[[598615,14.525766,49.180142,0],3.44],[[598976,14.500943,49.233538,0],3.84],[[599778,14.381608,48.93815,0],4.16],[[536253,14.286864,48.74294,1],3.77],[[536300,14.409159,48.77629,0],1.51],[[545392,14.317566,48.812835,4],0.35],[[545406,14.627471,48.729507,2],1.09],[[545431,14.218667,48.92998,2],0.36],[[545457,14.110637,48.738072,1],0.94],[[545473,14.409805,48.855526,2],0.27],[[545481,14.165732,48.661044,2],0.67],[[545490,14.321188,48.890096,2],0.51],[[545503,14.405822,48.603883,1],1.07],[[545511,14.032672,48.767465,2],1.94],[[545520,14.178522,48.766018,1],2.08],[[545554,14.258692,48.810921,2],0.24],[[545562,14.496373,48.738589,3],0.61],[[545571,14.305777,48.90507,3],0.36],[[545601,14.257565,48.620292,2],1.08],[[545619,14.576875,48.686212,2],6.39],[[545724,14.35229,48.781912,1],1.69],[[545821,14.462614,48.829589,3],0.8],[[545830,14.286258,48.774351,3],0.12],[[545848,14.311919,48.616082,3],0.34],[[545872,14.40728,48.794137,1],0.86],[[551538,14.434542,48.775738,1],1.16],[[598623,14.407373,48.834818,1],2.19],[[507610,14.776207,49.21318,0],2.56],[[508501,14.756284,49.063083,1],0.78],[[509078,14.904124,49.084695,1],0.63],[[545881,15.006239,49.144582,4],0.25],[[546038,15.531006,49.076348,1],0.49],[[546089,14.963775,48.768608,3],0.52],[[546097,15.324472,49.068454,1],0.37],[[546127,15.434304,49.07992,3],0.16],[[546381,15.005828,49.25718,0],1.33],[[546461,14.928089,48.96245,2],1.25],[[546500,15.06744,49.189995,2],0.25],[[546542,14.853256,49.184882,2],0.42],[[546615,15.190385,49.12129,2],0.41],[[546674,14.717374,49.084786,2],1.2],[[546798,15.103258,49.019361,3],0.2],[[546968,14.892803,49.223995,1],0.63],[[546992,15.184019,49.213683,1],0.66],[[547166,15.351639,48.997636,2],0.31],[[547212,15.254229,49.00345,1],1.07],[[547221,14.905614,49.069814,1],0.85],[[547239,15.199439,49.158567,2],0.28],[[547247,14.878351,49.029989,1],0.59],[[547263,15.286981,49.185258,2],0.92],[[547280,14.877056,48.893435,3],0.44],[[547336,14.764232,49.003615,3],0.94],[[562467,15.022153,49.110604,1],0.94],[[562475,15.017172,49.239826,0],1.29],[[562785,15.27978,49.1579,0],3.12],[[529877,14.364412,49.413732,0],2.85],[[549240,14.158129,49.303554,5],0.44],[[549258,14.302929,49.253337,1],0.37],[[549266,14.381118,49.368999,2],0.52],[[549304,14.33964,49.402569,1],0.81],[[549347,14.093158,49.356861,2],0.37],[[549428,14.290912,49.474473,1],0.62],[[549479,14.29271,49.386055,1],2.98],[[549487,14.072641,49.269153,1],0.61],[[549517,14.278199,49.517705,2],0.19],[[549541,14.245724,49.434342,0],1.33],[[549576,14.360109,49.450998,3],0.51],[[549771,14.217277,49.199591,3],1.03],[[549860,14.337975,49.326635,1],1.02],[[550001,14.174529,49.344758,0],7.4],[[550035,14.329173,49.456735,1],1.4],[[550043,14.426574,49.392605,0],8],[[562084,14.215979,49.450736,0],19.35],[[562289,14.177156,49.35378,0],7.69],[[598801,14.275882,49.425542,0],2.04],[[598828,14.299945,49.443367,0],9.09],[[537420,14.231802,49.01045,0],2.94],[[537519,13.845247,49.038011,1],1.07],[[550094,14.0001,49.01101,4],0.45],[[550183,14.012153,49.108339,1],1.12],[[550205,13.758797,48.957149,1],1.78],[[550248,13.965462,49.06667,1],1.11],[[550361,14.149903,48.994897,2],1.29],[[550418,14.225863,49.091285,1],0.54],[[550426,14.125165,48.983641,1],3.29],[[550434,14.052436,49.005858,1],4.08],[[550442,14.197098,49.049406,3],0.58],[[550531,13.720476,48.908412,1],1.72],[[550540,14.055317,49.084131,2],0.51],[[550558,13.831531,49.064631,1],0.58],[[550582,14.024005,49.057215,1],1.78],[[550621,13.729209,49.13697,2],0.25],[[550647,13.774586,49.052562,3],0.12],[[550671,13.886674,48.908916,3],0.41],[[550728,13.697479,49.084672,2],0.48],[[536512,14.161196,49.104163,0],22.72],[[536644,13.962118,49.238537,0],5.4],[[536725,13.879078,49.194724,0],4.76],[[536792,13.892282,49.218622,0],3.33],[[536881,13.782924,49.286063,1],1.06],[[536890,13.952507,49.488972,0],2.43],[[537063,13.842454,49.365361,0],8],[[550787,13.910408,49.260504,4],0.23],[[550809,14.079028,49.121951,2],0.83],[[550850,13.881864,49.424993,3],0.28],[[550906,14.029493,49.215169,1],2],[[550922,14.020488,49.25292,1],0.46],[[550949,13.975181,49.155339,0],1.66],[[551015,14.074682,49.200853,1],2.12],[[551139,14.169215,49.121887,1],2.59],[[551261,13.804051,49.227936,0],1.61],[[551341,13.94153,49.159413,1],0.91],[[551384,13.882929,49.126512,1],0.56],[[551660,13.930344,49.31645,2],0.24],[[551856,14.005988,49.267249,1],0.51],[[551953,14.175231,49.147997,3],0.29],[[551970,13.886339,49.165886,3],0.11],[[560278,13.89664,49.23981,1],1.44],[[598950,13.836837,49.391505,0],2.94],[[549631,14.479339,49.502815,1],0.52],[[552046,14.677566,49.413089,5],0.28],[[552054,14.468202,49.295336,3],2.31],[[552135,14.514089,49.251874,0],1.81],[[552241,14.850632,49.435483,1],0.49],[[552283,14.640682,49.415254,1],0.9],[[552461,14.677049,49.478132,2],0.2],[[552470,14.838492,49.333045,1],0.6],[[552496,14.811319,49.406872,2],0.12],[[552534,14.527704,49.485634,2],0.16],[[552704,14.808669,49.53323,3],0.12],[[552763,14.783071,49.392801,1],1.52],[[552798,14.754364,49.558828,0],3.17],[[552801,14.481477,49.396884,2],0.6],[[552828,14.701577,49.354541,3],0.26],[[552925,14.441364,49.31946,0],1.31],[[552976,14.44584,49.350249,0],1.44],