{"reg":1136,"towns":[[[523917,17.196677,50.164036,2],0.43],[[524891,17.078379,50.389907,1],1.04],[[536148,17.002821,50.390868,3],0.45],[[536385,17.198147,50.224725,4],0.39],[[540382,17.321655,50.298634,3],0.15],[[540684,17.253835,50.273123,1],0.41],[[541249,17.097722,50.283473,2],0.3],[[553301,17.281327,50.283247,1],1.05],[[553468,17.146487,50.363176,1],1.2],[[553484,17.080738,50.308643,1],1.57],[[569356,17.228153,50.257454,2],0.15],[[597996,17.396122,50.263894,3],0.82],[[500135,17.535662,49.603626,0],3.03],[[500160,17.520135,49.721619,1],1.01],[[500496,17.250979,49.593878,6],2.56],[[500526,17.317289,49.668757,2],5.52],[[500623,16.97518,49.709629,2],1.97],[[500801,17.238673,49.528444,1],2.64],[[500852,17.287037,49.663112,3],2.74],[[500861,16.892988,49.704361,2],2.22],[[500879,17.193626,49.536347,1],2.59],[[501476,17.179781,49.816357,2],1.54],[[501646,17.322508,49.649973,3],1.28],[[501751,17.077119,49.578656,2],0.88],[[501794,17.27734,49.482585,2],12.81],[[501841,17.310944,49.537953,2],2.6],[[502146,17.402638,49.627673,3],1.8],[[502235,17.179642,49.572151,2],1.63],[[502405,17.224227,49.716409,1],3.22],[[502545,17.210806,49.640186,2],2.53],[[502839,17.054513,49.656198,1],28.57],[[503142,17.394675,49.70927,1],21.54],[[503304,17.253626,49.537792,1],3.92],[[503444,17.076255,49.701309,3],11.79],[[503622,16.947383,49.649243,1],2.74],[[503657,17.135827,49.558552,3],1.93],[[503738,17.333246,49.498174,2],2.91],[[504246,17.01963,49.705924,1],9.61],[[504441,17.129794,49.654721,2],1.96],[[504505,17.065499,49.602226,2],2.1],[[504785,17.222863,49.796542,2],0.73],[[505013,17.148305,49.642471,2],3.1],[[505081,17.085882,49.62411,2],1.93],[[505111,17.100026,49.561652,2],3.18],[[505161,17.220518,49.684136,3],1.22],[[505188,17.298995,49.730542,4],1.57],[[505218,17.132851,49.831136,2],0.23],[[505269,17.126175,49.593272,2],3.24],[[505293,17.08111,49.817411,2],1.46],[[505366,17.42708,49.541173,2],1.85],[[505501,17.180511,49.764066,2],0.3],[[505587,17.121542,49.771013,4],1.19],[[505609,17.364082,49.594326,3],1.02],[[505650,17.33766,49.552072,3],1.77],[[505668,17.483576,49.578679,2],4.6],[[505862,17.186914,49.724632,1],3.25],[[545279,17.445404,49.742397,1],1.76],[[546976,17.405043,49.740948,0],1.88],[[547018,17.153923,49.69162,1],2.36],[[547026,17.323754,49.597116,2],4.27],[[547077,17.328172,49.630522,2],2.89],[[547123,17.241052,49.764167,0],5],[[552011,17.272686,49.686232,1],1.73],[[552020,17.277495,49.638193,1],5.59],[[552038,17.011221,49.656944,0],3.12],[[552089,17.31912,49.640125,1],2.59],[[552119,17.288054,49.461184,2],6.37],[[552151,17.176605,49.641248,2],5.07],[[552160,17.161923,49.721386,1],1.67],[[552178,17.045152,49.681155,1],2.51],[[552186,17.083808,49.718889,2],6.7],[[552194,16.963636,49.67466,0],3.84],[[552216,17.120578,49.576275,1],3.67],[[552232,17.082765,49.601996,1],2.88],[[552259,17.001576,49.613591,0],1.44],[[552267,17.05639,49.632317,1],6.66],[[552305,17.323633,49.741758,0],2.94],[[552330,17.294675,49.753458,0],3.57],[[552348,17.23154,49.752475,1],1.6],[[552356,17.260966,49.737929,1],3.52],[[552364,17.157685,49.587135,1],3.84],[[552372,17.062716,49.787639,2],1.42],[[552381,17.077461,49.834478,1],0.84],[[552399,17.144047,49.754196,0],3.75],[[552402,17.343594,49.60536,1],2.28],[[552411,17.390548,49.587462,2],2.25],[[552437,17.344253,49.520843,1],1.47],[[552445,17.447349,49.578642,1],0.71],[[554901,17.195665,49.614533,2],4.95],[[554944,17.401657,49.602712,1],8.33],[[568392,17.411581,49.567276,2],3.27],[[568872,17.254067,49.518462,1],5.06],[[568911,17.001818,49.692571,1],2.32],[[568961,16.99541,49.635568,1],2.11],[[569003,17.225136,49.691682,1],0.69],[[569771,17.382014,49.527138,0],6.25],[[569844,17.259668,49.715844,1],1.16],[[597414,17.298064,49.820063,1],7.4],[[597678,17.442222,49.79384,3],3.1],[[597686,17.506344,49.754048,1],3.5],[[506770,17.063403,49.441499,1],0.56],[[549967,16.937715,49.622521,0],4],[[558419,17.134108,49.491208,2],0.83],[[589250,17.106851,49.472549,5],0.71],[[589268,17.166534,49.448359,2],1.05],[[589284,17.236699,49.459774,1],1.72],[[589292,16.957654,49.620952,1],1.57],[[589314,16.83297,49.548791,1],0.41],[[589322,17.090164,49.370064,2],0.67],[[589349,16.92698,49.587129,1],0.87],[[589365,17.175182,49.43255,1],1.79],[[589381,17.037775,49.551061,2],0.28],[[589390,17.19374,49.412429,1],0.64],[[589403,17.093902,49.516364,2],0.28],[[589420,17.082286,49.415458,1],2.04],[[589454,17.160101,49.350312,1],3.3],[[589489,17.143364,49.328187,1],0.92],[[589501,16.996747,49.541496,1],1.29],[[589527,17.128429,49.364185,1],1.03],[[589560,16.910181,49.636303,1],0.94],[[589578,17.251454,49.424694,1],1.32],[[589586,16.862184,49.608512,1],1.14],[[589594,16.841358,49.650182,1],2.98],[[589616,17.250871,49.446217,1],1.8],[[589624,16.889217,49.590395,3],0.5],[[589632,17.058346,49.514078,3],1.2],[[589659,17.180583,49.463062,2],0.77],[[589683,17.024171,49.499779,1],3.12],[[589691,16.861891,49.526065,1],0.39],[[589705,16.87332,49.641418,1],0.71],[[589713,16.87669,49.493414,1],0.76],[[589730,17.052223,49.472246,2],0.67],[[589748,17.027659,49.406547,1],0.49],[[589756,17.206072,49.341914,2],0.36],[[589764,17.173366,49.325526,2],0.92],[[589772,16.851911,49.445315,1],2.46],[[589799,17.227643,49.394852,1],1.85],[[589802,17.02073,49.48656,1],0.62],[[589811,16.915109,49.600231,0],1.69],[[589829,17.16467,49.53655,2],2.85],[[589845,17.071186,49.388426,2],1.21],[[589853,16.871783,49.421275,1],1.07],[[589870,17.013234,49.567294,1],1.09],[[589888,17.184933,49.384785,1],0.45],[[589896,17.015122,49.466236,2],0.15],[[589934,16.955914,49.556472,2],0.3],[[589942,16.961205,49.511729,2],0.37],[[589977,16.840456,49.397795,1],0.65],[[589993,17.169915,49.403186,1],2.12],[[590011,17.094088,49.548787,1],0.74],[[590029,17.107084,49.505793,2],0.94],[[590053,17.053825,49.532985,1],1.36],[[590070,16.930233,49.543242,1],0.78],[[590100,17.165505,49.306988,1],0.74],[[590118,17.22203,49.374487,1],1.51],[[590126,17.073015,49.430551,2],0.35],[[590134,17.171909,49.344156,1],0.92],[[590177,17.111366,49.400982,1],0.54],[[590185,17.200051,49.508146,2],0.37],[[590223,16.988886,49.50595,1],0.98],[[511382,17.45033,49.456579,5],1.07],[[512231,17.806648,49.5913,2],1.78],[[512281,17.501452,49.41746,1],1.25],[[512401,17.608881,49.462827,0],1.56],[[512532,17.428459,49.421475,1],2.95],[[512800,17.338354,49.484289,2],1.62],[[512877,17.714164,49.467566,1],3.63],[[512982,17.325561,49.467819,1],1.18],[[513059,17.372246,49.510136,0],2.85],[[513067,17.772231,49.531975,1],1.49],[[513199,17.535582,49.546068,2],2.92],[[513229,17.592153,49.426043,2],0.9],[[513491,17.4589,49.412225,2],30.93],[[513636,17.691361,49.578604,1],9.24],[[513750,17.735022,49.549764,4],10.37],[[513768,17.870046,49.530631,2],1.18],[[513873,17.748345,49.644693,1],2.68],[[514047,17.682377,49.560292,1],9.58],[[514055,17.30366,49.352911,3],0.47],[[514152,17.375546,49.494915,2],1.6],[[514446,17.460189,49.545565,0],2.81],[[514471,17.462787,49.524536,1],1.45],[[514705,17.586743,49.526832,3],0.71],[[514772,17.614169,49.409927,1],1.12],[[514802,17.547451,49.411684,0],1.58],[[515191,17.292031,49.395559,1],2.94],[[515329,17.764264,49.490108,1],3.41],[[515418,17.66712,49.562684,1],7.01],[[515477,17.839864,49.536608,1],2.38],[[515787,17.388256,49.510794,0],4.76],[[516201,17.739289,49.49929,1],1.57],[[516619,17.528401,49.511313,2],0.32],[[516635,17.708077,49.50123,1],4.23],[[516686,17.708201,49.631419,1],5.83],[[516694,17.547853,49.46952,1],0.97],[[516864,17.530335,49.445465,0],2],[[517101,17.651843,49.637025,2],1.35],[[517151,17.484287,49.488904,1],0.41],[[517224,17.481629,49.390351,1],2.53],[[517275,17.672293,49.596189,0],2.22],[[517321,17.620656,49.44185,0],1.31],[[517445,17.63283,49.47973,0],1.49],[[517534,17.516667,49.478269,2],1.41],[[517569,17.477349,49.509905,1],1.35],[[517585,17.707876,49.491801,1],2.02],[[517607,17.391308,49.466023,2],2.19],[[517615,17.779252,49.471832,1],1.29],[[517666,17.451338,49.381646,1],3.63],[[517747,17.795975,49.515497,1],3.4],[[517887,17.488182,49.378741,1],2.22],[[517909,17.739016,49.609436,1],7.56],[[518026,17.537486,