{"reg":1142,"towns":[[[513717,15.727458,50.18002,1],11.3],[[530671,15.620991,50.294187,0],3.12],[[548065,15.582212,50.161163,1],9.3],[[548154,15.775579,50.257478,1],15.11],[[548677,16.020182,50.24034,0],9.52],[[569810,15.825311,50.210461,5],13.05],[[569828,15.585617,50.192196,0],5.19],[[569836,15.56774,50.197698,1],2.29],[[569852,15.942805,50.198081,1],10.76],[[569861,15.736096,50.310292,0],5],[[569879,15.930746,50.214011,1],12.26],[[569887,15.630961,50.203911,1],4.19],[[569917,15.922644,50.262743,2],19.24],[[569925,15.874133,50.318732,2],7.37],[[569933,15.731935,50.28893,0],5.08],[[569941,15.921759,50.239875,0],12.82],[[569968,15.641146,50.147821,1],7.97],[[569976,15.694605,50.287371,1],4.95],[[569984,15.708601,50.239725,1],5.69],[[569992,15.826971,50.326035,1],10],[[570001,15.403364,50.264697,1],3.75],[[570010,15.71623,50.314969,0],9.83],[[570028,15.860186,50.308038,1],5.97],[[570044,15.767421,50.309639,1],5.02],[[570052,15.675654,50.218662,0],3.22],[[570087,15.511631,50.226124,1],9.91],[[570109,15.460363,50.154506,3],27.05],[[570125,15.550972,50.149139,1],15.38],[[570133,16.002737,50.22828,1],11.85],[[570150,15.557599,50.153056,0],3.75],[[570168,15.501358,50.125681,1],4.25],[[570176,15.534913,50.179841,1],9.17],[[570184,15.555822,50.178703,1],9.19],[[570206,15.607018,50.169243,1],9.21],[[570214,15.636021,50.217617,1],6.52],[[570222,15.942389,50.297761,0],7.24],[[570231,15.696345,50.172522,1],6.98],[[570249,15.695007,50.191851,1],7.38],[[570257,15.996241,50.244268,0],12.85],[[570265,15.95985,50.242363,1],12.43],[[570273,15.963989,50.287938,1],13.22],[[570290,15.408168,50.181052,0],11.9],[[570303,15.610553,50.270952,1],7.14],[[570311,15.820017,50.272221,1],12.87],[[570320,15.38474,50.165301,1],9.74],[[570354,15.819476,50.33965,0],8.92],[[570362,15.411967,50.213644,1],3.33],[[570397,15.528273,50.215505,1],5.04],[[570401,15.501571,50.191824,0],15.25],[[570419,15.68594,50.27513,1],1.61],[[570435,15.675954,50.296508,1],7.54],[[570443,15.78561,50.27676,1],7.5],[[570451,15.632865,50.237468,2],7.22],[[570478,15.463452,50.192306,1],3.29],[[570494,15.495214,50.147769,1],9.75],[[570508,15.490926,50.241602,3],6.44],[[570516,15.511087,50.32963,1],2.85],[[570524,15.445092,50.142363,1],19.1],[[570532,15.686098,50.142888,1],4.95],[[570567,15.598601,50.289854,1],0.97],[[570575,15.501834,50.15553,1],11.59],[[570648,15.548695,50.238775,1],7.54],[[570656,15.742802,50.17297,2],11.32],[[570672,15.815669,50.256426,2],7.9],[[570681,15.410541,50.151634,1],15.38],[[570702,15.796171,50.315762,0],7.84],[[570711,15.693658,50.209432,0],15.25],[[570729,15.663736,50.20977,0],10.2],[[570745,15.651804,50.176262,1],4.27],[[570796,15.796074,50.289952,1],4.76],[[570800,15.872134,50.27647,1],9.27],[[570834,15.499348,50.268616,2],5.73],[[570851,15.502075,50.257418,1],4.82],[[570869,15.477355,50.291556,2],3.39],[[570877,15.865181,50.299879,3],7.25],[[570885,15.917943,50.299846,1],12.57],[[570907,15.705857,50.307552,0],5.06],[[570915,15.530668,50.150422,0],22.72],[[570931,15.748412,50.215821,2],9.26],[[570958,15.64079,50.301628,1],9.9],[[570966,15.718242,50.258368,1],5.16],[[571008,15.662838,50.154859,1],1.72],[[571016,15.542057,50.315142,0],10.63],[[571024,15.711159,50.207992,1],9.48],[[571041,15.992336,50.201066,3],16.24],[[571059,15.688982,50.265178,1],5.55],[[571083,15.428963,50.289608,1],4.13],[[571091,15.760224,50.255417,2],12.1],[[571105,15.979052,50.269739,1],10.37],[[571113,15.824842,50.153472,2],13.53],[[571130,15.483086,50.211244,0],8.69],[[573132,15.452434,50.25854,1],2.53],[[573191,15.700009,50.297512,1],8.59],[[573531,15.626417,50.185916,0],4.16],[[573621,15.711346,50.191374,0],12.34],[[573710,15.587203,50.245928,1],1.4],[[573744,15.56176,50.224827,0],7.04],[[573779,15.75893,50.297029,0],12],[[576352,16.012785,50.250722,1],10.71],[[576433,16.04283,50.223913,1],15],[[530735,15.213064,50.386111,0],1.33],[[548855,15.620923,50.316342,0],4],[[548863,15.63112,50.329866,1],2.29],[[548880,15.582808,50.325546,0],6.17],[[548910,15.30877,50.4497,0],2.94],[[548952,15.254641,50.308573,0],5.26],[[548961,15.219151,50.394226,0],13.33],[[548979,15.654346,50.438962,0],5.71],[[549029,15.628263,50.438105,0],5.71],[[549037,15.516036,50.432957,0],7.27],[[549070,15.313367,50.434394,0],6.97],[[549096,15.342338,50.40511,1],4.16],[[549100,15.337606,50.465297,0],15],[[549118,15.359434,50.467293,0],8.69],[[549151,15.32977,50.478592,0],6.25],[[549169,15.350713,50.454929,0],1.47],[[549193,15.264128,50.470898,0],4.16],[[549223,15.29557,50.387734,0],10.63],[[549282,15.427515,50.386551,1],2.53],[[572136,15.374882,50.316531,0],3.12],[[572187,15.349485,50.308911,0],4.34],[[572659,15.361144,50.435433,4],7.17],[[572667,15.605129,50.334576,0],3.17],[[572675,15.292617,50.31413,1],3.63],[[572705,15.708485,50.365894,0],2.38],[[572756,15.636457,50.42462,0],8],[[572772,15.244218,50.392983,1],5.06],[[572781,15.723633,50.333348,1],4.02],[[572811,15.360429,50.339204,0],2.85],[[572829,15.170627,50.36818,1],3.53],[[572837,15.602674,50.348096,1],3.94],[[572900,15.320807,50.451706,1],6.73],[[572918,15.577533,50.375381,1],7.6],[[572926,15.63194,50.366189,3],4.16],[[572969,15.496287,50.359371,1],5.69],[[572993,15.680876,50.344654,1],4.44],[[573001,15.337392,50.373176,1],0.94],[[573043,15.322548,50.493286,1],1.42],[[573051,15.480335,50.402345,1],5.21],[[573060,15.2704,50.330951,2],5.17],[[573086,15.554989,50.336986,0],5.26],[[573094,15.582797,50.428843,3],4.51],[[573108,15.21695,50.375516,2],3.73],[[573116,15.162912,50.490669,1],1.89],[[573124,15.298603,50.498255,1],2.07],[[573141,15.616987,50.395819,1],5.95],[[573159,15.470396,50.431154,1],3.64],[[573167,15.196175,50.430868,1],4.31],[[573175,15.682367,50.403916,1],3.78],[[573183,15.178861,50.401703,0],7.14],[[573205,15.232724,50.482181,1],3.04],[[573213,15.521712,50.411963,1],7.06],[[573221,15.699658,50.391682,1],1.62],[[573230,15.370126,50.384534,1],1.86],[[573248,15.515138,50.494593,3],4.75],[[573256,15.562386,50.407609,0],4.41],[[573272,15.549593,50.372556,2],2.56],[[573299,15.608329,50.480435,2],4.13],[[573302,15.543039,50.42605,0],38.7],[[573311,15.514528,50.390156,1],4.24],[[573329,15.310632,50.418572,1],0.74],[[573337,15.447215,50.45237,0],3.4],[[573345,15.340577,50.469069,1],7.44],[[573353,15.294637,50.412586,0],1.56],[[573370,15.428693,50.458914,1],4.86],[[573442,15.23502,50.459432,1],5.4],[[573451,15.424479,50.320225,1],3.22],[[573469,15.381502,50.366869,1],6.06],[[573477,15.514931,50.372376,1],3.77],[[573493,15.176299,50.467515,2],7.29],[[573507,15.49455,50.510424,2],8.58],[[573540,15.274587,50.404458,1],13.15],[[573639,15.469231,50.377493,1],1.12],[[573647,15.417033,50.395077,0],2.22],[[573655,15.47042,50.473031,1],2.36],[[573663,15.261676,50.374485,1],8],[[573671,15.687441,50.427287,0],5.76],[[573680,15.262655,50.506631,1],1.73],[[573698,15.437401,50.43413,1],1.08],[[573701,15.384989,50.455113,2],5.3],[[573728,15.317707,50.407596,0],2.04],[[573736,15.565907,50.512639,1],1],[[573752,15.378316,50.393404,1],5.6],[[573761,15.398381,50.335635,0],6.38],[[573795,15.323155,50.323952,0],1.88],[[573809,15.436421,50.331055,1],1.92],[[573825,15.384697,50.472837,2],3.7],[[573850,15.382081,50.30222,0],8.53],[[505099,16.058927,50.450166,0],19.54],[[530786,16.016933,50.384385,0],6.84],[[547531,15.910937,50.369279,0],3.84],[[547565,16.02139,50.421946,0],6.77],[[547646,16.189414,50.46187,2],13.29],[[547654,16.008082,50.341229,0],8.06],[[547701,16.190034,50.356657,0],25],[[547727,16.202186,50.367711,0],22.64],[[547743,16.221073,50.614973,1],9],[[547751,16.228038,50.549647,1],17.55],[[547786,16.083501,50.624387,1],1.76],[[573388,16.015368,50.449962,0],15.21],[[573868,16.165735,50.414672,4],12.31],[[573884,16.229341,50.509838,1],13.85],[[573892,16.088688,50.312731,2],15.41],[[573906,16.253287,50.386091,0],21.91],[[573914,16.365391,50.526878,1],6],[[573922,16.331915,50.585758,3],11.29],[[573931,15.958411,50.444489,0],18.75],[[573957,16.102688,50.335841,1],22.22],[[573965,16.093,50.476361,3],22.73],[[573973,16.229527,50.400822,1],16.58],[[573981,16.180328,50.545672,1],3.07],[[573990,