{"reg":1146,"towns":[[[523917,17.196677,50.164036,2],14.78],[[524891,17.078379,50.389907,1],11.45],[[525227,16.916515,50.442133,1],11.62],[[533491,17.1471,50.308312,1],11.94],[[536148,17.002821,50.390868,3],6.26],[[536385,17.198147,50.224725,4],12.35],[[540030,17.14055,50.227866,2],11.23],[[540382,17.321655,50.298634,3],13.43],[[540684,17.253835,50.273123,1],16.73],[[541036,17.201256,50.329431,1],25.61],[[541117,17.255253,50.297785,1],18.9],[[541214,17.027399,50.365038,1],18.18],[[541249,17.097722,50.283473,2],3.07],[[541303,17.18636,50.372435,2],18.53],[[541346,17.046051,50.345377,1],8.77],[[541575,17.098814,50.30943,2],10.06],[[553301,17.281327,50.283247,1],8.42],[[553468,17.146487,50.363176,1],38.55],[[553484,17.080738,50.308643,1],18.32],[[557218,17.123713,50.342045,1],8.08],[[569330,17.051691,50.185253,0],32.75],[[569356,17.228153,50.257454,2],30.25],[[569453,17.266034,50.316673,1],26.92],[[597996,17.396122,50.263894,3],16.94],[[500135,17.535662,49.603626,0],9.09],[[500160,17.520135,49.721619,1],10.1],[[500496,17.250979,49.593878,6],7.61],[[500526,17.317289,49.668757,2],6.09],[[500623,16.97518,49.709629,2],8.88],[[500801,17.238673,49.528444,1],11.11],[[500852,17.287037,49.663112,3],5.35],[[500861,16.892988,49.704361,2],4],[[500879,17.193626,49.536347,1],7.35],[[501476,17.179781,49.816357,2],20.97],[[501646,17.322508,49.649973,3],17.2],[[501751,17.077119,49.578656,2],14.53],[[501794,17.27734,49.482585,2],3.43],[[501841,17.310944,49.537953,2],8.76],[[502146,17.402638,49.627673,3],3.41],[[502235,17.179642,49.572151,2],7.69],[[502405,17.224227,49.716409,1],9.03],[[502545,17.210806,49.640186,2],23.23],[[502839,17.054513,49.656198,1],6.34],[[503142,17.394675,49.70927,1],4.97],[[503304,17.253626,49.537792,1],3.21],[[503444,17.076255,49.701309,3],10.29],[[503622,16.947383,49.649243,1],3.52],[[503657,17.135827,49.558552,3],12.35],[[503738,17.333246,49.498174,2],11.37],[[504246,17.01963,49.705924,1],7.05],[[504441,17.129794,49.654721,2],32.09],[[504505,17.065499,49.602226,2],5.96],[[504785,17.222863,49.796542,2],16.11],[[505013,17.148305,49.642471,2],18.92],[[505081,17.085882,49.62411,2],18.13],[[505111,17.100026,49.561652,2],5.09],[[505161,17.220518,49.684136,3],5.56],[[505188,17.298995,49.730542,4],3.76],[[505218,17.132851,49.831136,2],4.92],[[505269,17.126175,49.593272,2],6.78],[[505293,17.08111,49.817411,2],13.94],[[505366,17.42708,49.541173,2],4.17],[[505501,17.180511,49.764066,2],8.76],[[505587,17.121542,49.771013,4],3.93],[[505609,17.364082,49.594326,3],4.62],[[505650,17.33766,49.552072,3],4.17],[[505668,17.483576,49.578679,2],3.28],[[505862,17.186914,49.724632,1],8.13],[[540005,17.050055,49.837875,0],45.76],[[545279,17.445404,49.742397,1],3.53],[[546976,17.405043,49.740948,0],16.98],[[547018,17.153923,49.69162,1],10.65],[[547026,17.323754,49.597116,2],9.96],[[547077,17.328172,49.630522,2],15.59],[[547123,17.241052,49.764167,0],3.33],[[552011,17.272686,49.686232,1],5.2],[[552020,17.277495,49.638193,1],5.92],[[552038,17.011221,49.656944,0],4.68],[[552062,17.019776,49.644661,0],16.66],[[552071,17.078926,49.649318,0],7.57],[[552089,17.31912,49.640125,1],5.69],[[552119,17.288054,49.461184,2],3.47],[[552151,17.176605,49.641248,2],19.36],[[552160,17.161923,49.721386,1],15.06],[[552178,17.045152,49.681155,1],2.51],[[552186,17.083808,49.718889,2],8.24],[[552194,16.963636,49.67466,0],7.69],[[552216,17.120578,49.576275,1],7.35],[[552232,17.082765,49.601996,1],4.11],[[552259,17.001576,49.613591,0],5.79],[[552267,17.05639,49.632317,1],7.61],[[552305,17.323633,49.741758,0],11.76],[[552313,17.338,49.705886,1],3.84],[[552330,17.294675,49.753458,0],3.57],[[552348,17.23154,49.752475,1],18.18],[[552356,17.260966,49.737929,1],19.71],[[552364,17.157685,49.587135,1],5.38],[[552372,17.062716,49.787639,2],5.3],[[552381,17.077461,49.834478,1],56.77],[[552399,17.144047,49.754196,0],2.5],[[552402,17.343594,49.60536,1],9.58],[[552411,17.390548,49.587462,2],5.36],[[552429,17.381252,49.572579,0],4.41],[[552437,17.344253,49.520843,1],6.61],[[552445,17.447349,49.578642,1],8.63],[[554103,17.25688,49.765829,0],1.75],[[554901,17.195665,49.614533,2],15.08],[[554944,17.401657,49.602712,1],8.33],[[568392,17.411581,49.567276,2],2.73],[[568872,17.254067,49.518462,1],4.64],[[568911,17.001818,49.692571,1],3.48],[[568961,16.99541,49.635568,1],14.08],[[569003,17.225136,49.691682,1],9.79],[[569798,17.37728,49.771108,1],20.77],[[569844,17.259668,49.715844,1],6.97],[[597414,17.298064,49.820063,1],2.77],[[597678,17.442222,49.79384,3],1.55],[[506761,17.041589,49.423541,0],4.93],[[506770,17.063403,49.441499,1],7.86],[[543543,17.22677,49.358882,1],6.12],[[544710,17.062571,49.405804,0],2.32],[[549967,16.937715,49.622521,0],8],[[549983,16.949496,49.631541,0],3.92],[[557196,17.212617,49.302054,1],12.94],[[558419,17.134108,49.491208,2],16.31],[[589250,17.106851,49.472549,5],2.79],[[589268,17.166534,49.448359,2],3.15],[[589276,17.043319,49.511097,1],0.58],[[589284,17.236699,49.459774,1],10.34],[[589292,16.957654,49.620952,1],3.93],[[589306,16.889847,49.455207,0],14.7],[[589314,16.83297,49.548791,1],10.41],[[589322,17.090164,49.370064,2],3.71],[[589331,16.892539,49.608693,0],20.31],[[589349,16.92698,49.587129,1],5.26],[[589357,16.829233,49.509838,1],5.82],[[589365,17.175182,49.43255,1],5.98],[[589381,17.037775,49.551061,2],3.39],[[589390,17.19374,49.412429,1],4.51],[[589403,17.093902,49.516364,2],5.96],[[589420,17.082286,49.415458,1],2.85],[[589438,17.105673,49.385961,1],3.84],[[589446,17.141647,49.35854,1],3.06],[[589454,17.160101,49.350312,1],0.82],[[589462,16.897488,49.433359,1],26.74],[[589489,17.143364,49.328187,1],7.4],[[589497,16.850985,49.612993,0],8.69],[[589501,16.996747,49.541496,1],2.59],[[589519,16.790882,49.549106,1],2.85],[[589527,17.128429,49.364185,1],2.06],[[589535,17.220521,49.478575,0],7.4],[[589543,17.193197,49.450115,1],14.52],[[589560,16.910181,49.636303,1],4.26],[[589578,17.251454,49.424694,1],5.29],[[589586,16.862184,49.608512,1],3.44],[[589594,16.841358,49.650182,1],10.44],[[589608,17.211237,49.403017,1],6.32],[[589616,17.250871,49.446217,1],5.4],[[589624,16.889217,49.590395,3],10.69],[[589632,17.058346,49.514078,3],1.93],[[589641,17.171314,49.284523,1],3.37],[[589659,17.180583,49.463062,2],3.59],[[589667,17.001558,49.446019,1],5.22],[[589675,17.002235,49.584113,1],6.25],[[589683,17.024171,49.499779,1],6.25],[[589691,16.861891,49.526065,1],5.55],[[589705,16.87332,49.641418,1],4.31],[[589713,16.87669,49.493414,1],6.1],[[589721,17.196995,49.330574,1],11.6],[[589730,17.052223,49.472246,2],3.15],[[589748,17.027659,49.406547,1],2.95],[[589756,17.206072,49.341914,2],3.27],[[589764,17.173366,49.325526,2],3.98],[[589772,16.851911,49.445315,1],18.51],[[589799,17.227643,49.394852,1],3.7],[[589802,17.02073,49.48656,1],1.86],[[589811,16.915109,49.600231,0],1.69],[[589829,17.16467,49.53655,2],4.03],[[589837,17.063785,49.363049,1],5.2],[[589845,17.071186,49.388426,2],2.68],[[589853,16.871783,49.421275,1],24.73],[[589870,17.013234,49.567294,1],4.39],[[589888,17.184933,49.384785,1],22.72],[[589896,17.015122,49.466236,2],2.62],[[589918,16.997349,49.427632,1],1.78],[[589926,16.836047,49.483614,1],8.83],[[589934,16.955914,49.556472,2],4.86],[[589942,16.961205,49.511729,2],2.6],[[589951,16.950931,49.607347,0],14.54],[[589969,16.938064,49.610112,0],7.89],[[589977,16.840456,49.397795,1],5.88],[[589993,17.169915,49.403186,1],11.7],[[590002,16.82033,49.583631,1],1.35],[[590011,17.094088,49.548787,1],8.88],[[590029,17.107084,49.505793,2],1.65],[[590045,17.229132,49.30241,0],38.88],[[590053,17.053825,49.532985,1],4.76],[[590061,16.934611,49.495308,0],8.88],[[590070,16.930233,49.543242,1],7.08],[[590088,16.896773,49.547269,1],1.6],[[590096,16.813444,49.602264,0],8.33],[[590100,17.165505,49.306988,1],11.94],[[590118,17.22203,49.374487,1],9.09],[[590126,17.073015,49.430551,2],3.16],[[590134,17.171909,49.344156,1],3.7],[[590142,16.959663,49.488573,1],1.53],[[590151,17.240961,49.311939,0],6.25],[[590177,17.111366,49.400982,1],1.63],[[590185,17.200051,49.508146,2],4.9],[[590193,17.219343,49.332781,1],4.72],