{"reg":1149,"towns":[[[546259,14.486766,50.655024,0],8.33],[[546283,14.599127,50.719575,0],1.01],[[561380,14.539799,50.67862,5],1.4],[[561398,14.722084,50.533742,1],3.88],[[561410,14.396598,50.608503,1],1.31],[[561444,14.703495,50.729288,2],2],[[561479,14.633019,50.777293,3],2.1],[[561495,14.654377,50.565945,3],1.68],[[561533,14.540343,50.540444,2],2.97],[[561541,14.808823,50.726074,1],1.07],[[561584,14.493073,50.618099,1],1.94],[[561592,14.493538,50.712584,1],1.63],[[561606,14.404106,50.704219,1],2.16],[[561614,14.562772,50.578538,0],1.33],[[561665,14.584657,50.608694,1],1.71],[[561681,14.472979,50.773693,3],2.7],[[561720,14.392521,50.632503,1],1.38],[[561746,14.678722,50.768777,1],1.36],[[561827,14.678659,50.807507,1],2.83],[[561835,14.724956,50.655768,3],0.94],[[561851,14.746964,50.692151,1],2.6],[[561860,14.555664,50.757714,4],0.93],[[561886,14.671066,50.527594,1],1.25],[[561894,14.527685,50.766932,1],0.46],[[561983,14.601372,50.617925,1],2.99],[[562017,14.80363,50.58629,2],0.62],[[562025,14.53067,50.745217,2],0.43],[[562050,14.588922,50.739037,1],0.58],[[562076,14.532396,50.655151,1],3.08],[[562092,14.801127,50.702903,3],1.14],[[562106,14.450096,50.696974,1],1.42],[[562131,14.596917,50.7919,1],1.48],[[562246,14.524708,50.634208,1],1.17],[[562262,14.645335,50.684854,3],0.72],[[562297,14.396344,50.714039,2],1.62],[[530425,15.184679,50.681858,0],4.83],[[546577,15.167986,50.675488,1],4.2],[[546585,15.26303,50.755788,1],1.3],[[563510,15.170414,50.722153,5],3.53],[[563528,15.275813,50.7624,1],1.55],[[563536,15.142571,50.791188,1],3.44],[[563552,15.313862,50.75481,3],2.56],[[563561,15.303285,50.68764,1],1.01],[[563579,15.158867,50.652357,1],1.9],[[563595,15.169244,50.772141,2],2.07],[[563609,15.136637,50.627796,2],2.4],[[563633,15.231574,50.782016,1],1.26],[[563641,15.228332,50.62476,2],2.69],[[563668,15.365424,50.759359,1],2.28],[[563676,15.212313,50.64567,1],2.19],[[563684,15.2678,50.679747,0],3.22],[[563692,15.220572,50.741456,2],2.8],[[563706,15.195534,50.646408,2],1.9],[[563714,15.198577,50.696455,1],0.55],[[563731,15.214758,50.72524,1],5.05],[[563749,15.236038,50.687791,2],2.67],[[563757,15.317471,50.703338,2],5.26],[[563773,15.277749,50.672861,0],4.61],[[563781,15.115859,50.698552,1],2.1],[[563790,15.149898,50.683891,3],4.16],[[563803,15.213411,50.676103,1],2.91],[[563811,15.246502,50.738301,3],3.32],[[563820,15.307982,50.737629,3],1.97],[[563838,15.315498,50.713834,3],2.55],[[563854,15.27004,50.697784,1],2.56],[[563862,15.353616,50.708647,1],0.98],[[563871,15.254186,50.64284,3],3.73],[[530468,15.075978,50.711714,1],7.24],[[530484,15.09393,50.699666,1],1.79],[[544345,15.017139,50.701762,1],0.75],[[544477,15.026936,50.791093,2],1.79],[[544531,15.100281,50.592605,1],7.75],[[545937,15.109852,50.601,0],1.35],[[545953,15.113636,50.619335,1],2.58],[[545996,15.050573,51.004564,1],1.08],[[546593,15.001175,50.831607,1],0.87],[[546607,15.036676,50.892748,1],1.72],[[546631,15.222203,50.873842,1],3.62],[[546658,14.940408,50.704656,0],3.77],[[561631,14.760633,50.765382,3],1.72],[[561657,14.824344,50.762974,0],5.4],[[563889,15.054439,50.76638,6],2.59],[[563901,15.035522,50.664931,1],1.82],[[563960,14.996287,50.661116,3],3.29],[[563994,15.168786,50.945787,1],0.95],[[564028,15.079851,50.921496,3],1.86],[[564036,15.065266,51.019134,1],4.84],[[564044,15.181785,50.877301,3],1.5],[[564061,15.08996,50.665963,3],2.92],[[564079,15.201599,50.965564,0],3.07],[[564095,14.844658,50.852892,3],0.64],[[564109,14.869039,50.83632,2],1.11],[[564117,14.968947,50.817027,3],0.86],[[564133,15.249643,50.960916,1],10.45],[[564168,15.127667,50.940324,1],0.76],[[564176,14.933501,50.774549,1],0.79],[[564184,14.901417,50.73858,1],0.41],[[564206,15.190471,50.890241,1],7.31],[[564231,15.056405,50.831733,2],0.43],[[564265,15.229539,50.925011,3],17.75],[[564281,15.083777,50.849733,1],1.31],[[564290,14.921485,50.69499,2],0.96],[[564303,15.076196,50.594968,1],1.6],[[564354,15.084005,50.578232,2],2.43],[[564371,15.114757,50.904256,3],2.4],[[564397,14.818942,50.789106,1],1.56],[[564427,14.986005,50.711344,1],2.11],[[564443,15.063976,50.572684,1],1.21],[[564451,15.088809,50.626916,0],4.76],[[564460,15.052732,50.706477,2],2.05],[[564494,15.02506,50.966732,2],1.89],[[564516,15.052112,50.618816,1],2.4],[[564541,14.876403,50.765065,1],6.32],[[547476,15.400555,50.724065,1],3.48],[[547484,15.246847,50.519937,0],3.84],[[573400,15.218593,50.617659,0],3.92],[[573418,15.533412,50.580946,1],3.86],[[574201,15.57583,50.52618,0],5.31],[[576964,15.328241,50.605258,3],5.01],[[576972,15.445427,50.534417,1],1.96],[[576981,15.548272,50.666433,2],12.06],[[576999,15.368478,50.603258,1],2.42],[[577006,15.337206,50.640171,1],2.29],[[577014,15.396332,50.488672,0],1.56],[[577031,15.58394,50.542694,0],8.95],[[577049,15.401976,50.604834,0],9.61],[[577057,15.60765,50.5317,1],9.09],[[577073,15.421312,50.613238,1],8.96],[[577081,15.431521,50.772186,2],2.42],[[577111,15.300548,50.520473,0],5.26],[[577120,15.571571,50.608357,2],7.5],[[577146,15.200342,50.544906,1],2.68],[[577154,15.300449,50.602387,1],7.77],[[577162,15.429698,50.703569,2],10.56],[[577171,15.338516,50.660595,1],1.64],[[577189,15.491835,50.680618,0],3.22],[[577197,15.506637,50.608996,3],7.51],[[577219,15.20728,50.561843,1],1.59],[[577235,15.404135,50.571751,2],5.09],[[577243,15.480245,50.565638,1],6.04],[[577294,15.416037,50.559503,1],15.95],[[577308,15.373517,50.530724,3],5.61],[[577316,15.19435,50.591643,2],1.81],[[577324,15.119437,50.574176,1],2.35],[[577332,15.468897,50.600813,1],5.5],[[577341,15.411952,50.52041,1],5.65],[[577359,15.126071,50.597745,2],0.25],[[577367,15.119305,50.545045,0],1.17],[[577375,15.540814,50.528307,1],10.71],[[577391,15.44404,50.619384,1],14.7],[[577405,15.463395,50.661618,2],2.74],[[577413,15.112901,50.583032,1],0.83],[[577421,15.364623,50.625029,0],3.09],[[577430,15.245541,50.577589,1],8.39],[[577456,15.448787,50.729228,3],5.05],[[577464,15.422263,50.647554,1],2.94],[[577472,15.259515,50.535418,2],0.82],[[577481,15.371639,50.65855,0],3.57],[[577499,15.499852,50.563887,2],8.08],[[577529,15.329787,50.580911,1],6.79],[[577545,15.358086,50.550949,1],3.68],[[577553,15.54947,50.553543,2],22.98],[[577561,15.455663,50.553516,0],5.76],[[577570,15.427821,50.498928,0],3.79],[[577596,15.273268,50.571343,1],2.83],[[577600,15.22242,50.511687,0],4.54],[[577626,15.156909,50.587385,4],1.91],[[577642,15.308967,50.546714,0],4.05],[[577651,15.487779,50.630181,1],7.02],[[577669,15.531308,50.679115,1],4.58],[[577677,15.105323,50.557553,1],1.81],[[577685,15.15805,50.529406,1],0.68],[[577693,15.401633,50.685688,2],6.16],[[577707,15.274194,50.61161,1],5.1]],"districts":[["CZ0511",1.35],["CZ0512",3.14],["CZ0513",2.52],["CZ0514",5.13]],"regions":[["CZ051",null]]}