{"reg":1157,"towns":[[[530646,15.508912,49.596462,0],2.43],[[530654,15.622295,49.562373,0],5.35],[[530662,15.642039,49.629262,0],2.38],[[546216,15.7274,49.662324,0],2.22],[[548251,15.439055,49.830381,0],2],[[548278,15.612697,49.631361,0],2.77],[[548286,15.578739,49.647038,1],0.69],[[548316,15.524426,49.577036,0],2.7],[[548421,15.564631,49.708551,1],0.88],[[548448,15.715276,49.726648,0],5],[[548529,15.540336,49.534276,0],2.7],[[548553,15.772886,49.668672,0],4.25],[[548588,15.556975,49.534541,0],4.16],[[548596,15.54733,49.82401,0],3.44],[[555266,15.437793,49.648874,1],1.16],[[568414,15.579755,49.604436,4],2.83],[[568490,15.608696,49.695303,0],1.69],[[568503,15.691066,49.643015,2],1.53],[[568538,15.67485,49.578654,1],0.81],[[568597,15.60314,49.660734,1],5.06],[[568601,15.382401,49.627806,1],0.74],[[568619,15.410323,49.69888,0],3.33],[[568635,15.476967,49.816361,3],1.07],[[568651,15.484963,49.756128,2],1.06],[[568660,15.781671,49.635883,1],1.66],[[568678,15.457184,49.530935,2],2.33],[[568708,15.588589,49.672094,1],1.03],[[568724,15.295565,49.707329,0],4.16],[[568759,15.671142,49.720714,3],0.71],[[568937,15.684616,49.625837,0],2.22],[[568945,15.852171,49.688511,2],0.41],[[568988,15.277827,49.695269,3],0.65],[[569011,15.39771,49.761453,1],2.32],[[569020,15.704338,49.745023,1],0.31],[[569038,15.542919,49.554584,2],2.87],[[569046,15.413664,49.613125,1],1.69],[[569062,15.496764,49.662406,1],1.16],[[569071,15.465269,49.688715,0],2.7],[[569089,15.676917,49.772128,1],0.45],[[569160,15.648091,49.756205,1],1.5],[[569186,15.490933,49.630014,2],1.81],[[569208,15.765938,49.549005,0],1.66],[[569224,15.755752,49.659429,1],1.53],[[569313,15.323639,49.724592,0],2.77],[[569321,15.73865,49.576939,3],0.57],[[569411,15.509141,49.76947,0],6.25],[[569461,15.487779,49.843818,0],1.78],[[569488,15.780817,49.742924,1],0.78],[[569518,15.766977,49.701095,1],0.45],[[569569,15.404038,49.66811,3],0.67],[[569585,15.657789,49.542525,1],2.54],[[569593,15.588733,49.502586,2],2.02],[[569623,15.332281,49.655284,0],2.5],[[569658,15.502573,49.5143,1],1.87],[[569682,15.526155,49.639737,1],0.57],[[569691,15.459156,49.563955,1],0.34],[[569712,15.53594,49.815761,1],0.39],[[569780,15.813706,49.696057,3],0.53],[[573591,15.648294,49.603572,0],3.22],[[573604,15.431488,49.684981,0],1.78],[[547255,15.357131,49.308525,0],2.22],[[586846,15.595469,49.41586,5],1.22],[[586862,15.410734,49.290179,2],0.14],[[586889,15.560205,49.417417,1],1.02],[[586897,15.734153,49.368136,1],2.94],[[586943,15.676522,49.307047,3],0.51],[[586978,15.472878,49.3694,1],1.55],[[586986,15.587278,49.334875,0],3.5],[[587010,15.604269,49.236176,1],0.92],[[587036,15.73659,49.462343,1],1.35],[[587044,15.456651,49.344588,2],0.27],[[587087,15.39771,49.451107,0],2.94],[[587095,15.432836,49.408817,1],0.9],[[587141,15.480092,49.270172,1],0.46],[[587150,15.413786,49.389244,0],1.31],[[587168,15.317105,49.259681,1],1.19],[[587176,15.588563,49.362563,1],0.84],[[587231,15.417199,49.134444,0],5.88],[[587249,15.723948,49.431232,1],0.59],[[587346,15.780333,49.366688,2],0.18],[[587371,15.294793,49.222518,0],5.4],[[587401,15.490771,49.3614,1],1.45],[[587427,15.700567,49.413143,1],1.81],[[587443,15.616146,49.11513,0],2.56],[[587478,15.702039,49.374132,3],0.7],[[587486,15.637796,49.396595,1],0.54],[[587541,15.376196,49.189556,1],0.75],[[587583,15.534527,49.225836,0],2.08],[[587591,15.563696,49.13951,1],1.25],[[587630,15.532067,49.200027,0],4.16],[[587656,15.515001,49.252661,0],1.85],[[587702,15.53837,49.42009,0],1.66],[[587711,15.718914,49.487099,3],0.4],[[587745,15.700414,49.374959,1],0.56],[[587788,15.515264,49.408348,1],1.81],[[587818,15.428507,49.270494,1],0.75],[[587851,15.406922,49.234597,0],7.14],[[587885,15.495752,49.22761,1],2.91],[[587931,15.585729,49.282212,2],0.9],[[587982,15.577541,49.301108,1],1.42],[[588024,15.454373,49.183338,3],0.53],[[588032,15.483401,49.290971,3],0.44],[[588067,15.514113,49.214457,0],1.81],[[588105,15.580807,49.154876,0],4.54],[[588113,15.667107,49.405141,2],0.73],[[588121,15.478957,49.475877,1],4.19],[[588130,15.695408,49.480083,0],2.04],[[588156,15.576862,49.334609,1],2.27],[[588172,15.508243,49.419455,1],0.39],[[588253,15.771449,49.4427,1],0.6],[[588270,15.509005,49.206444,0],6.38],[[590843,15.672268,49.27088,2],0.26],[[529826,15.206421,49.360262,0],2.22],[[537608,15.16866,49.382588,0],1.94],[[547492,15.223083,49.430721,4],0.72],[[547719,15.180392,49.307899,1],0.39],[[547735,15.379353,49.565751,1],0.58],[[547760,14.960993,49.372757,2],0.23],[[547778,15.178468,49.511334,2],0.8],[[547913,15.327794,49.320362,2],1.13],[[547948,15.107097,49.512566,1],1.16],[[547956,15.185502,49.599362,0],1.12],[[547999,15.359423,49.541624,4],0.44],[[548073,15.23382,49.613127,0],3.22],[[548090,15.304162,49.5927,1],0.99],[[548103,15.015964,49.423391,1],1.11],[[548111,15.075292,49.303136,3],0.2],[[548219,15.168678,49.536955,1],1.02],[[548332,14.990517,49.565511,1],1.07],[[548383,15.335272,49.491565,1],2.1],[[548456,15.116849,49.417337,2],0.22],[[548464,15.36629,49.383617,2],1.06],[[548472,14.943589,49.425159,1],0.59],[[548511,15.001783,49.470865,3],0.73],[[548561,15.240324,49.260301,3],0.52],[[548731,14.980329,49.524136,0],1.47],[[548774,15.198114,49.569169,1],0.49],[[548936,15.060549,49.351896,1],0.7],[[549053,15.226841,49.319162,0],3.4],[[549061,14.988823,49.414284,0],2],[[549215,15.221912,49.529938,2],0.96],[[549231,15.18834,49.253284,3],0.48],[[561754,15.001399,49.434699,0],7.14],[[561797,15.348901,49.51978,1],0.91],[[510556,15.785165,49.012392,1],1.02],[[511081,16.134773,49.167674,0],1.36],[[550311,16.082925,49.180335,0],2.56],[[550507,15.768521,49.066937,1],0.7],[[550710,15.808241,49.223007,1],2.56],[[550779,16.135313,49.233146,0],1.85],[[554871,15.893355,49.191417,1],1.28],[[573485,15.84245,49.107167,0],2.5],[[590266,15.879652,49.214887,5],3.48],[[590304,15.867436,49.297738,0],1.58],[[590347,15.896424,49.320924,0],2.85],[[590363,15.751924,49.302776,0],0.97],[[590380,16.194204,49.172155,1],0.44],[[590401,16.003938,49.271484,2],1.21],[[590436,15.772506,49.152316,1],1.04],[[590444,15.793702,49.202965,1],1.88],[[590461,15.806208,49.284564,0],1.56],[[590479,15.812163,49.268545,0],4.76],[[590509,15.998557,49.200243,0],1.35],[[590517,16.08201,49.129105,1],0.59],[[590550,15.977292,49.153662,1],1.53],[[590576,16.192279,49.081352,1],1.17],[[590584,16.090438,49.171199,1],1.44],[[590592,15.730648,49.230933,1],0.81],[[590622,15.983949,49.29408,1],0.9],[[590631,15.920489,49.329454,0],2.04],[[590649,15.842256,49.142893,1],9.67],[[590657,15.880909,49.29166,0],2.77],[[590673,16.060777,49.1078,2],1.78],[[590754,15.893408,49.094184,3],0.83],[[590762,16.163698,49.25824,0],1.25],[[590801,16.060488,49.272529,0],2.32],[[590835,15.935181,49.167093,0],1.4],[[590860,15.818142,49.157925,1],3.2],[[590886,16.041305,49.190593,1],1.43],[[590908,15.792795,49.314835,1],0.72],[[590916,16.061293,49.179832,0],2.27],[[590941,16.201664,49.199373,2],2.4],[[591009,15.755986,49.107958,1],0.78],[[591025,16.223507,49.109192,0],1.96],[[591041,15.950723,49.144357,1],0.72],[[591068,16.044024,49.055056,0],1.81],[[591114,15.767422,49.200958,1],2.56],[[591173,16.190323,49.114222,2],1.43],[[591181,15.808746,49.05219,3],0.14],[[591190,15.98466,49.102992,1],1.17],[[591211,16.155845,49.205556,3],0.99],[[591220,15.974825,49.264513,1],1.9],[[591246,15.803952,49.248618,0],2.04],[[591254,15.773555,49.01773,1],2.94],[[591289,16.014372,49.120315,0],2.43],[[591301,15.769689,49.245493,2],0.46],[[591360,15.78769,49.241283,1],1.83],[[591378,15.902416,49.159311,0],2.22],[[591416,16.037952,49.235855,0],1.92],[[591432,15.673827,49.198388,1],1.21],[[591459,15.778435,49.260738,1],0.35],[[591505,16.066539,49.250609,1],0.62],[[591581,16.25337,49.192313,1],0.62],[[591611,15.77297,49.184456,1],0.94],[[591629,16.107705,49.070461,2],0.55],[[591637,15.94605,49.288117,1],0.48],[[591645,15.757671,49.170178,1],3.7],[[591688,16.108814,49.1037,0],1.26],[[591742,15.828017,49.19793,2],0.81],[[591769,16.064912,49.20022,1],0.55],[[591777,16.029048,49.291088,0],2.7],[[591785,16.238291,49.181993,1],0.86],[[591807,