{"reg":1165,"towns":[[[530395,14.363559,50.80461,0],1.81],[[544680,14.265378,50.860304,1],1.47],[[545678,14.355383,50.775633,1],0.65],[[545783,14.293376,50.769646,1],2],[[545791,14.339205,50.684307,0],1.51],[[545856,14.333391,50.747281,1],1.49],[[545899,14.327018,50.725809,1],0.95],[[545929,14.340721,50.762175,1],0.91],[[546330,14.41998,50.818924,1],2.81],[[546348,14.352834,50.820458,1],2.22],[[546496,14.256524,50.794169,1],0.88],[[555193,14.205036,50.696428,1],0.84],[[562335,14.212861,50.772656,5],0.68],[[562343,14.264055,50.837124,1],3.81],[[562351,14.3125,50.741692,3],1.39],[[562394,14.417784,50.797908,3],4.87],[[562408,14.193259,50.714949,1],2.87],[[562483,14.291315,50.726587,1],1.81],[[562505,14.545731,50.881485,1],0.55],[[562530,14.483083,50.863346,2],2.78],[[562564,14.103948,50.760925,3],1.07],[[562572,14.57519,50.874552,1],1.11],[[562581,14.568449,50.993471,3],1.09],[[562611,14.510101,50.913136,3],0.62],[[562645,14.53547,50.812746,1],0.75],[[562661,14.360332,51.011146,1],1.5],[[562700,14.270704,50.741627,1],0.77],[[562718,14.169817,50.735259,1],1.23],[[562751,14.363794,50.965179,2],1.25],[[562777,14.555255,50.953525,4],1.13],[[562793,14.515148,50.880068,1],1.26],[[562823,14.496283,50.950546,2],2.26],[[562858,14.452699,51.003793,3],0.98],[[562874,14.322006,50.701933,1],1.17],[[562882,14.618348,50.911648,4],1.57],[[562912,14.374393,50.990885,2],0.28],[[562921,14.301255,50.661245,2],1.34],[[566900,14.293898,50.842265,1],0.62],[[546062,13.484983,50.463315,0],3.44],[[546518,12.986674,50.420711,0],5.26],[[562971,13.410837,50.463598,5],0.34],[[563013,13.420942,50.40228,2],0.37],[[563021,13.359354,50.447783,1],1.31],[[563056,13.429205,50.430887,1],1.01],[[563072,13.498471,50.387359,1],1.75],[[563081,13.430488,50.332881,1],0.8],[[563099,13.448885,50.500627,4],1.48],[[563102,13.271422,50.376092,4],0.56],[[563129,13.171393,50.384561,4],0.43],[[563137,13.053997,50.438324,2],0.47],[[563161,13.301587,50.486132,1],1.47],[[563200,13.333493,50.446278,1],0.38],[[563218,13.280572,50.262382,1],1.62],[[563226,13.115541,50.421723,0],3.84],[[563242,13.26742,50.447156,1],0.69],[[563285,13.110315,50.381769,2],0.65],[[563315,13.136207,50.499571,0],2.12],[[563323,13.284757,50.298139,2],2.69],[[563340,13.391931,50.44104,2],1.15],[[563358,13.530649,50.471126,1],0.73],[[563382,13.457492,50.440706,2],0.31],[[563404,13.032237,50.492426,3],1.28],[[563412,13.37473,50.269771,1],5.08],[[563480,13.507709,50.457467,0],1.69],[[563501,13.470366,50.520381,2],0.59],[[505528,14.004486,50.483044,1],2.34],[[530506,14.109038,50.553345,0],2.17],[[542407,14.17905,50.543317,1],0.9],[[542423,14.307446,50.360924,1],3.19],[[542482,14.32257,50.460172,0],8.51],[[542491,14.082115,50.543636,0],1.88],[[542521,14.082042,50.536682,0],3.5],[[542539,14.069206,50.519327,0],2.89],[[546691,13.969778,50.443126,0],2.08],[[546763,14.253325,50.556722,0],2.38],[[546780,14.213625,50.559879,1],4],[[546852,14.243217,50.454495,0],12.5],[[553646,14.162716,50.472956,1],3.07],[[564567,14.130646,50.53852,4],1.76],[[564575,14.341026,50.416252,2],4.26],[[564591,14.150595,50.493264,3],2.54],[[564613,14.141967,50.481073,1],11.68],[[564621,14.145512,50.453763,2],6.45],[[564648,14.216366,50.360615,1],9.09],[[564656,14.126018,50.404377,2],25.49],[[564672,14.307223,50.374801,1],3.84],[[564699,14.059049,50.445046,0],6.66],[[564711,14.028506,50.484284,2],2.43],[[564729,13.908578,50.438699,1],1.14],[[564745,14.29389,50.437691,1],3.35],[[564753,14.16124,50.454991,1],2.06],[[564818,14.190273,50.424637,1],11.82],[[564834,14.028989,50.384155,1],5.79],[[564842,14.10679,50.572465,1],1.09],[[564851,14.346588,50.358792,1],5.71],[[564877,14.33511,50.488694,2],8.81],[[564893,14.230906,50.462572,1],1.79],[[564923,14.250171,50.47327,1],3.79],[[564940,14.085254,50.439891,1],2.36],[[564958,14.000996,50.548326,1],2.38],[[564966,14.279353,50.552187,0],1.56],[[565016,14.101914,50.480149,1],1.04],[[565024,14.006583,50.43154,1],3.59],[[565032,14.248831,50.392685,1],3.47],[[565059,14.333177,50.383135,1],10],[[565067,14.301425,50.405474,1],3.21],[[565075,13.980842,50.394622,1],2.63],[[565083,14.21461,50.522692,2],1.38],[[565091,14.285987,50.448307,1],7.56],[[565105,14.284017,50.613935,0],1.81],[[565113,14.047429,50.525685,1],1.04],[[565121,14.289175,50.568962,2],2.96],[[565148,14.342424,50.392532,1],2.34],[[565156,14.039146,50.566669,1],1.63],[[565164,14.044498,50.406368,3],4.07],[[565211,14.263257,50.621676,1],1.06],[[565229,14.051142,50.515143,3],1.52],[[565237,14.085804,50.501745,1],4.21],[[565245,14.05484,50.534078,1],1.42],[[565253,14.152928,50.372805,1],7.11],[[565296,14.11933,50.526999,0],2.38],[[565300,14.281839,50.36565,1],8.99],[[565318,14.127166,50.362321,2],5.77],[[565342,14.179516,50.447702,1],4.06],[[565393,14.198588,50.56034,1],3.8],[[565415,13.948396,50.472089,1],1.7],[[565431,14.264579,50.50573,2],2.31],[[565458,14.032075,50.569522,1],1.25],[[565474,14.193965,50.403615,1],12.34],[[565482,14.351181,50.461398,1],8.18],[[565491,14.218727,50.373201,1],8.57],[[565521,14.068389,50.41107,1],3.41],[[565547,14.117546,50.45949,0],6.45],[[565555,14.260565,50.425305,4],3.4],[[565601,14.038155,50.430683,1],5.33],[[565610,14.387857,50.503633,1],4],[[565679,14.249643,50.363689,2],31.22],[[565695,14.037519,50.498891,1],0.9],[[565709,14.374322,50.453087,3],3.62],[[565717,14.150658,50.511102,3],2.45],[[565741,14.189878,50.503389,1],3.97],[[565768,13.990159,50.476429,2],0.18],[[565776,13.899372,50.45817,1],1.15],[[565792,14.20553,50.599744,1],2.27],[[565806,14.035645,50.463202,1],2.63],[[565814,14.34769,50.585804,3],7.99],[[565831,14.254008,50.43399,1],3.71],[[565849,13.976864,50.53909,2],2.3],[[565857,14.063884,50.539512,1],2.68],[[565865,14.020198,50.510608,1],1.21],[[565881,14.268153,50.373533,1],4.34],[[565938,14.091136,50.413264,1],10.38],[[565946,14.091474,50.523199,1],1.17],[[565954,14.233166,50.446388,1],1.58],[[565962,14.156757,50.555387,2],1.04],[[530557,13.784625,50.45686,0],3.57],[[530581,13.494015,50.308851,1],1.58],[[542547,13.852757,50.347086,1],1.17],[[542571,13.812247,50.332834,2],0.66],[[542580,13.863081,50.373356,1],1.55],[[542628,13.845324,50.361485,2],1.86],[[543012,13.912212,50.286331,0],1.28],[[543128,13.571151,50.349927,1],0.49],[[546011,13.747256,50.320403,1],0.47],[[546861,13.794844,50.370197,2],0.69],[[546879,13.800031,50.312594,1],1.52],[[565971,13.803455,50.354081,4],1.17],[[565997,13.640793,50.37326,1],1.08],[[566004,13.389809,50.097026,1],1.32],[[566012,13.628683,50.40695,0],6.57],[[566021,13.471313,50.217441,1],0.41],[[566128,13.609915,50.230738,0],3.63],[[566152,13.729627,50.234257,1],3.2],[[566187,13.563098,50.277534,1],0.55],[[566195,13.864363,50.291438,1],0.79],[[566217,13.730349,50.288215,1],2.64],[[566233,13.843328,50.335042,1],2.09],[[566241,13.859103,50.39887,1],1.86],[[566284,13.944037,50.403319,1],2.73],[[566306,13.367878,50.254271,1],1.02],[[566314,13.426708,50.174477,2],0.52],[[566322,13.766007,50.375267,2],0.28],[[566349,13.838289,50.452574,1],1.37],[[566357,13.621573,50.293667,1],1.8],[[566403,13.680972,50.300702,1],0.76],[[566438,13.313301,50.132182,2],0.84],[[566454,13.537482,50.26677,2],1.15],[[566501,13.313325,50.218181,1],1.21],[[566519,13.474941,50.339745,1],2.65],[[566535,13.917056,50.295028,1],1.72],[[566551,13.959969,50.342609,2],0.94],[[566560,13.446526,50.127625,1],0.69],[[566578,13.703895,50.250358,1],0.91],[[566586,13.887909,50.371926,1],4.34],[[566616,13.41203,50.229475,3],0.69],[[566624,13.70302,50.359895,3],0.47],[[566667,13.774466,50.253498,1],1.08],[[566713,13.907818,50.350713,1],3.24],[[566721,13.848572,50.308774,1],1.57],[[566829,13.886229,50.315391,1],6],[[566853,13.662622,50.28475,1],4.9],[[566934,13.37997,50.180096,2],1.29],[[566951,13.670442,50.394975,1],1.86],[[566985,13.545886,50.327276,4],1.79],[[546437,13.690498,50.434989,0],4.16],[[567027,13.633012,50.501655,5],0.85],[[567043,13.717955,50.449824,2],15.47],[[567051,13.762928,50.449262,0],3.17],[[567060,13.700283,50.543055,2],0.88],[[567078,13.390831,50.63211,0],1.35],[[567141,13.598881,50.450149,1],0.59],[[567167,13.436834,