{"reg":1167,"towns":[[[504955,15.894469,49.979022,0],1.78],[[547808,15.713618,49.967283,1],1.49],[[547832,15.760021,49.877003,1],1.09],[[547859,15.926941,49.931755,0],3.03],[[547867,16.127052,49.822412,0],1.88],[[554847,15.95683,49.814666,1],3.19],[[554952,16.043608,49.793442,1],4.87],[[556882,15.768153,49.915662,1],0.4],[[571164,15.795158,49.949824,4],0.89],[[571202,15.704985,49.841414,1],1.63],[[571237,15.535529,49.901849,0],2.38],[[571245,15.733261,49.957375,1],0.77],[[571385,15.665028,49.94717,3],1.61],[[571393,15.907661,49.762231,3],0.53],[[571440,15.923513,49.794858,1],0.4],[[571466,15.916873,49.887322,1],4],[[571491,15.910648,49.959563,2],1.58],[[571504,15.990827,49.882632,1],4.76],[[571539,15.934067,49.902149,3],17.07],[[571547,15.991536,49.955625,2],1.27],[[571571,15.975128,49.736024,1],0.39],[[571610,15.855614,49.947276,1],0.45],[[571628,15.651641,49.923421,1],0.84],[[571652,15.745623,49.821656,0],3.12],[[571661,16.026846,49.772498,2],0.51],[[571750,16.023891,49.916576,0],2.27],[[571768,15.839045,49.888935,1],1.63],[[571776,16.028604,49.893513,3],2.03],[[571831,15.884829,49.841358,2],2.07],[[571903,15.628949,49.941391,1],0.62],[[571911,15.804712,49.844597,2],0.25],[[571962,15.839135,49.919409,1],0.39],[[572004,16.079952,49.826885,0],12.5],[[572039,15.536819,49.936237,1],1.72],[[572063,15.988264,49.79687,1],1.53],[[572071,15.628821,49.893895,2],0.89],[[572080,16.11631,49.805994,2],2.06],[[572098,15.957751,49.833121,1],0.54],[[572110,15.92634,49.938074,0],4.76],[[572152,15.96422,49.796504,1],0.64],[[572161,15.531541,49.888353,2],0.7],[[572179,15.951376,49.922359,2],0.47],[[572217,15.916661,49.922503,1],2.79],[[572225,15.65653,49.847037,2],1.36],[[572241,15.996654,49.843567,3],3.71],[[572268,15.813873,49.921196,3],1.09],[[572276,15.764066,49.933341,1],2.55],[[572314,16.072158,49.89166,0],3.57],[[572331,15.813804,49.890007,1],1.36],[[572349,16.034289,49.72454,1],0.33],[[572381,15.914659,49.824479,1],3.79],[[572390,15.816049,49.786894,1],0.84],[[572403,15.919674,49.932925,0],1.66],[[572411,15.580129,49.869219,3],1.05],[[572420,15.84134,49.978962,1],2.65],[[572446,15.867345,49.979251,1],2.94],[[572462,15.884462,49.817781,1],0.62],[[572471,15.880178,49.971029,1],1.83],[[572501,15.973606,49.788649,1],0.69],[[572527,15.93634,49.713143,0],1.29],[[572535,15.941145,49.856443,1],0.76],[[572578,15.884208,49.910081,2],1.76],[[572641,15.858205,49.873077,1],2.85],[[573787,15.681376,49.963712,1],0.98],[[573817,15.893381,49.868517,0],13.63],[[573876,16.100192,49.828645,1],14.78],[[574007,15.527475,49.861905,0],2.27],[[530794,15.461124,50.032844,0],1.92],[[553719,15.702721,50.039211,1],3.53],[[555134,15.781299,50.034409,5],3],[[572802,15.538618,50.119436,0],5.35],[[572861,15.65169,50.109618,1],2.06],[[572870,15.805868,50.093029,1],3.04],[[572896,15.671936,50.05613,1],4.34],[[572934,15.746276,50.092124,0],1.11],[[572951,15.738311,50.128935,0],2.22],[[572977,15.725091,49.993164,1],2.77],[[573019,15.580349,49.945993,0],7.14],[[573515,15.827021,50.070734,1],3.88],[[574198,15.822517,50.042269,1],2.04],[[574741,15.644768,50.008869,1],5.49],[[574767,15.67989,50.075702,3],2.78],[[574783,15.856639,50.127301,1],1.09],[[574791,15.557385,50.000688,0],1.19],[[574805,15.577582,50.051994,2],1.04],[[574821,15.562977,49.948338,0],3.84],[[574848,15.911265,50.132532,2],0.63],[[574856,15.773339,50.13312,2],1.74],[[574899,15.912545,50.028543,2],2.84],[[574902,15.691707,50.113474,1],2.59],[[574911,15.967844,50.029373,2],0.42],[[574929,15.924033,50.077906,1],2.73],[[574953,15.808857,50.105191,1],2.38],[[574988,15.986005,50.06611,3],1.31],[[574996,16.084069,50.049109,2],1.62],[[575011,15.958886,50.076611,2],0.86],[[575054,15.619515,49.987822,2],0.99],[[575071,15.418562,50.034532,3],1.05],[[575089,15.937327,50.109676,1],1.12],[[575101,15.529259,50.007735,1],1.19],[[575135,15.660618,49.981594,0],5.97],[[575143,15.694777,49.980674,1],0.86],[[575178,15.487192,50.057816,1],2.71],[[575232,15.903791,50.009667,1],9.28],[[575259,15.410279,50.051519,0],2.63],[[575313,15.568989,49.98787,1],1.75],[[575372,15.775487,49.989526,2],2.45],[[575381,15.572047,50.014912,0],1.63],[[575399,15.940811,50.00105,2],1.21],[[575429,15.790553,50.145512,3],1.66],[[575437,15.805408,49.993525,2],1.96],[[575445,16.030478,50.044716,1],0.66],[[575461,16.000768,50.097655,1],1.13],[[575500,15.560413,50.039948,3],1.06],[[575518,15.614899,50.072887,0],1.63],[[575534,15.802625,50.07288,1],0.95],[[575551,15.606265,50.106311,1],2.28],[[575577,15.889408,50.104773,1],1.19],[[575593,15.704827,50.060247,2],2.2],[[575607,15.477455,50.03599,2],0.6],[[575640,15.852803,50.066605,3],3.48],[[575658,15.96145,49.992168,1],0.81],[[575666,15.556821,50.093704,1],4.54],[[575682,15.763532,50.084994,2],3.72],[[575704,15.778951,50.065498,2],3.31],[[575712,15.754182,50.000581,1],4.72],[[575721,15.720737,50.124004,1],1.97],[[575739,15.71522,50.001737,1],0.54],[[575755,15.614128,49.956461,0],2.04],[[575771,15.639615,49.976687,1],2.19],[[575780,15.601078,49.965437,1],2.85],[[575844,15.548856,49.952551,1],1.49],[[575879,16.017879,49.992474,1],1.19],[[575887,15.872852,49.988669,1],3.7],[[575925,15.61687,50.029694,1],0.72],[[575933,15.533003,50.10432,0],3.33],[[575941,16.053816,50.071154,1],5.04],[[575968,15.618926,50.011243,1],0.9],[[575992,15.572804,50.117449,1],1.72],[[576000,15.973593,50.109088,1],6.89],[[576026,15.46958,50.013006,1],1.98],[[576051,15.644886,50.062251,1],1.34],[[505145,16.518096,49.644277,2],3.43],[[572357,16.224152,49.807641,1],0.68],[[572438,16.160009,49.837637,0],9.09],[[572560,16.46203,49.665712,1],0.94],[[572586,16.482734,49.640287,1],5.69],[[572624,16.64466,49.728486,1],1.09],[[572691,16.480687,49.71153,2],0.86],[[572721,16.480232,49.805398,1],1.16],[[577731,16.469286,49.755263,4],1.72],[[577774,16.326847,49.854287,1],0.86],[[577812,16.463955,49.599198,0],12.5],[[577863,16.522125,49.627449,2],3.16],[[577936,16.215295,49.898991,1],2.23],[[577944,16.328783,49.827322,1],0.41],[[578126,16.503245,49.617858,0],4.83],[[578134,16.385333,49.840871,1],1.02],[[578185,16.306186,49.661104,2],0.93],[[578193,16.71136,49.632295,3],0.24],[[578274,16.628932,49.679791,1],0.94],[[578339,16.695338,49.757429,1],1.66],[[578347,16.311162,49.870623,4],0.45],[[578380,16.727541,49.709363,2],0.48],[[578444,16.663631,49.757697,4],0.22],[[578509,16.28477,49.843645,2],0.28],[[578576,16.265977,49.715034,3],0.29],[[578584,16.317396,49.710361,2],0.62],[[578622,16.15664,49.864971,0],2.63],[[578649,16.1351,49.714822,0],1.72],[[578657,16.431386,49.699586,2],2.09],[[578681,16.533472,49.601761,1],0.91],[[578703,16.573374,49.659222,0],2.22],[[578711,16.640214,49.829244,1],1.66],[[578746,16.274918,49.893977,0],4.22],[[578789,16.675033,49.794091,2],0.9],[[578835,16.173642,49.877328,0],2.32],[[578843,16.410306,49.624723,1],4.25],[[578851,16.220866,49.746139,1],1.92],[[578860,16.498432,49.602645,0],2.27],[[578886,16.402214,49.593988,1],3.4],[[578908,16.702624,49.829794,1],0.74],[[578932,16.413371,49.739926,1],1.42],[[578941,16.205311,49.836139,1],0.83],[[578967,16.465469,49.615824,1],37.5],[[578991,16.810197,49.663714,0],5.88],[[580325,16.330377,49.920923,2],0.18],[[547905,16.474526,49.888725,1],1.49],[[548031,16.441645,50.070296,1],0.44],[[553760,16.211026,50.020237,1],4.27],[[555240,16.453026,49.869404,1],0.65],[[571695,16.117895,49.867762,1],3.37],[[571920,16.143909,49.851778,1],1.09],[[572306,16.065657,49.97246,0],6.97],[[572489,16.060381,49.959207,0],2.38],[[579891,16.399762,49.97228,4],1.99],[[579947,16.285384,50.002042,2],1.8],[[580015,16.742787,50.040389,3],0.28],[[580023,16.392345,50.071923,1],1.08],[[580031,16.447385,49.901982,4],0.22],[[580058,16.371803,50.029927,1],2.56],[[580091,16.133921,50.002605,1],0.6],[[580112,16.564857,49.979635,2],0.21],[[580121,16.497763,49.992831,3],0.48],[[580147,16.38914,50.005575,2],1.22],[[580228,16.399519,50.055981,0],1.36],[[580261,16.438656,50.020435,1],2.53],[[580341,16.197832,49.91361,1],0.8],[[580350,16.223131,50.001704,3],0.61],[[580376,16.600698,50.029734,3],0.55],[[580392,16.633004,50.039685,1],0.93],[[580414,