{"reg":1168,"towns":[[[546267,14.467408,50.536579,1],3.57],[[561380,14.539799,50.67862,5],0.21],[[561444,14.703495,50.729288,2],1],[[561479,14.633019,50.777293,3],0.4],[[561495,14.654377,50.565945,3],0.21],[[561533,14.540343,50.540444,2],0.24],[[561541,14.808823,50.726074,1],0.53],[[561614,14.562772,50.578538,0],1.33],[[561622,14.559384,50.74039,0],1.75],[[561681,14.472979,50.773693,3],0.11],[[561835,14.724956,50.655768,3],0.21],[[561851,14.746964,50.692151,1],1.73],[[561860,14.555664,50.757714,4],0.03],[[561886,14.671066,50.527594,1],1.25],[[561983,14.601372,50.617925,1],0.59],[[562017,14.80363,50.58629,2],1.25],[[562025,14.53067,50.745217,2],0.21],[[562092,14.801127,50.702903,3],0.12],[[562220,14.453036,50.730204,1],1.02],[[562297,14.396344,50.714039,2],0.69],[[563510,15.170414,50.722153,5],0.13],[[563536,15.142571,50.791188,1],0.86],[[563561,15.303285,50.68764,1],0.5],[[563633,15.231574,50.782016,1],1.26],[[563641,15.228332,50.62476,2],0.26],[[563668,15.365424,50.759359,1],0.32],[[563731,15.214758,50.72524,1],0.5],[[563757,15.317471,50.703338,2],1.64],[[563781,15.115859,50.698552,1],0.7],[[563811,15.246502,50.738301,3],0.1],[[563838,15.315498,50.713834,3],0.31],[[563854,15.27004,50.697784,1],0.36],[[563862,15.353616,50.708647,1],0.49],[[563871,15.254186,50.64284,3],0.16],[[530433,15.026152,50.921515,1],2.29],[[530468,15.075978,50.711714,1],1.81],[[530484,15.09393,50.699666,1],0.59],[[544477,15.026936,50.791093,2],0.12],[[563889,15.054439,50.76638,6],0.23],[[563901,15.035522,50.664931,1],0.36],[[563960,14.996287,50.661116,3],0.24],[[564028,15.079851,50.921496,3],0.38],[[564036,15.065266,51.019134,1],0.6],[[564044,15.181785,50.877301,3],0.54],[[564061,15.08996,50.665963,3],0.36],[[564079,15.201599,50.965564,0],1.53],[[564095,14.844658,50.852892,3],0.25],[[564117,14.968947,50.817027,3],0.23],[[564168,15.127667,50.940324,1],0.76],[[564176,14.933501,50.774549,1],0.79],[[564311,15.076532,50.979084,1],1.47],[[564371,15.114757,50.904256,3],1.35],[[564435,15.043456,50.587332,1],0.77],[[564451,15.088809,50.626916,0],1.58],[[564494,15.02506,50.966732,2],0.27],[[576964,15.328241,50.605258,3],0.43],[[576999,15.368478,50.603258,1],0.34],[[577073,15.421312,50.613238,1],0.47],[[577081,15.431521,50.772186,2],0.18],[[577162,15.429698,50.703569,2],0.19],[[577171,15.338516,50.660595,1],0.54],[[577197,15.506637,50.608996,3],0.18],[[577219,15.20728,50.561843,1],0.31],[[577294,15.416037,50.559503,1],0.3],[[577308,15.373517,50.530724,3],0.23],[[577316,15.19435,50.591643,2],0.18],[[577324,15.119437,50.574176,1],1.17],[[577341,15.411952,50.52041,1],0.43],[[577405,15.463395,50.661618,2],0.6],[[577456,15.448787,50.729228,3],0.24],[[577499,15.499852,50.563887,2],0.29],[[577553,15.54947,50.553543,2],0.14],[[577626,15.156909,50.587385,4],0.1],[[577669,15.531308,50.679115,1],0.91]],"districts":[["CZ0511",0.22],["CZ0512",0.16],["CZ0513",0.25],["CZ0514",0.18]],"regions":[["CZ051",null]]}