{"reg":24,"towns":[[[581283,16.647855,49.36495,4],0.12,0.14,-0.02],[[581291,16.663955,49.295708,3],0.08,0.14,-0.06],[[581364,16.591291,49.425135,2],0.51,0.43,0.08],[[581372,16.660076,49.487612,4],0.06,0.05,0.01],[[581470,16.721351,49.578884,1],0.97,1.36,-0.39],[[581496,16.581502,49.413707,2],0.16],[[581542,16.629473,49.436736,2],0.25],[[581682,16.756055,49.344631,3],0.24,0.21,0.03],[[581828,16.744194,49.297155,1],0.28],[[582239,16.640964,49.410419,3],0.28],[[582247,16.641436,49.393418,2],1.91,2.19,-0.28],[[582352,16.739636,49.414886,1],0.31],[[582433,16.576,49.334534,1],0.74],[[582531,16.735111,49.595164,1],0.81],[[582620,16.540541,49.589318,0],1.72],[[582654,16.746834,49.363886,1],0.69,0.64,0.05],[[582743,16.697884,49.421675,1],0.89],[[550973,16.606937,49.19516,5],0.08,0.23,-0.15],[[550990,16.606937,49.19516,4],0.02,0.18,-0.16],[[551007,16.606937,49.19516,4],0.13,0.25,-0.12],[[551031,16.606937,49.19516,5],0.06,0.24,-0.18],[[551058,16.606937,49.19516,4],0.14,0.23,-0.09],[[551066,16.606937,49.19516,3],0.26,0.22,0.04],[[551074,16.606937,49.19516,3],0.35,1.24,-0.89],[[551082,16.606937,49.19516,4],0.11,0.23,-0.12],[[551091,16.606937,49.19516,4],0.1,0.13,-0.03],[[551112,16.606937,49.19516,4],0.06,0.12,-0.06],[[551171,16.606937,49.19516,3],0.06,0.19,-0.13],[[551198,16.606937,49.19516,4],0.12,0.22,-0.1],[[551210,16.606937,49.19516,2],0.47],[[551228,16.606937,49.19516,3],0.09,0.11,-0.02],[[551244,16.606937,49.19516,4],0.03,0.13,-0.1],[[551252,16.606937,49.19516,3],0.05,0.06,-0.01],[[551279,16.606937,49.19516,4],0.11,0.29,-0.18],[[551287,16.606937,49.19516,5],0.13,0.47,-0.34],[[551295,16.606937,49.19516,3],0.18,0.03,0.15],[[551309,16.606937,49.19516,3],0.1],[[551317,16.606937,49.19516,3],0.09,0.22,-0.13],[[551368,16.606937,49.19516,3],0.06],[[582786,16.606937,49.19516,6],0.1,0.24,-0.14],[[581402,16.425856,49.462484,0],1.14],[[582824,16.672575,49.247178,3],0.07,0.25,-0.18],[[583111,16.458829,49.288591,1],0.32],[[583120,16.377622,49.101545,3],0.11,0.07,0.04],[[583154,16.362283,49.255628,1],1.01],[[583171,16.529591,49.267903,1],1.09],[[583197,16.714624,49.263805,1],0.34],[[583219,16.73193,49.138134,2],0.47],[[583227,16.81914,49.204721,1],0.42],[[583235,16.376457,49.156753,1],1.66,0.62,1.04],[[583251,16.531546,49.298618,4],0.03,0.14,-0.11],[[583391,16.614517,49.12799,3],0.14,0.21,-0.07],[[583405,16.751677,49.22287,3],0.1,0.22,-0.12],[[583413,16.576269,49.14566,3],0.26],[[583464,16.386382,49.334089,0],2.12,1.78,0.34],[[583502,16.310943,49.108212,1],0.62],[[583600,16.409562,49.210924,1],0.49],[[583669,16.487676,49.177467,2],0.26],[[583782,16.387975,49.18242,3],0.24,0.06,0.18],[[583863,16.782647,49.203807,2],0.21],[[583910,16.50409,49.152312,3],0.09,0.3,-0.21],[[583936,16.546565,49.079913,2],0.43,0.94,-0.51],[[584002,16.424485,49.348818,3],0.18],[[584207,16.363201,49.188096,3],0.13],[[584282,16.618911,49.039624,3],0.16,0.08,0.08],[[584720,16.654416,49.013902,2],0.25],[[584843,16.57344,48.961724,2],2.43,5.53,-3.1],[[585025,16.484529,48.933846,1],2.9],[[585033,16.606707,48.966097,2],0.56,1.17,-0.61],[[584291,16.882617,48.75324,4],0.01,0.8,-0.79],[[584321,16.814026,48.966776,1],0.34],[[584347,16.853168,48.913124,2],0.26],[[584401,16.791869,48.988794,1],0.62],[[584428,16.592933,48.854571,2],0.27,4.71,-4.44],[[584495,16.737726,48.940946,3],0.17,1.75,-1.58],[[584568,16.891691,48.932959,2],0.33,0.88,-0.55],[[584631,16.803498,48.800018,2],0.16,0.31,-0.15],[[584665,17.013814,48.803142,3],0.3,0.16,0.14],[[584967,16.653546,48.967902,2],0.32,0.7,-0.38],[[586021,17.126102,48.853039,4],0.45,0.67,-0.22],[[586048,17.466069,48.946824,2],0.17],[[586081,17.266959,48.973463,3],0.09,0.19,-0.1],[[586218,17.533503,48.862174,1],4.08,4.45,-0.37],[[586251,17.173901,49.005319,0],1.28],[[586293,17.488933,48.859737,1],0.71],[[586307,17.12261,49.009967,4],0.05,0.07,-0.02],[[586323,17.46182,48.905046,2],1,1.04,-0.04],[[586358,17.071145,48.841077,3],0.15,0.83,-0.68],[[586510,17.165713,48.920114,3],0.21,0.08,0.13],[[586561,16.981633,48.878704,1],1.23,7.11,-5.88],[[586587,17.31691,48.901117,3],0.06,0.05,0.01],[[586595,17.047511,49.009307,1],0.47],[[586625,17.089396,48.977127,3],0.41,0.09,0.32],[[586714,17.520706,48.882667,3],0.44,0.87,-0.43],[[586722,17.381015,48.952477,4],0.03,0.06,-0.03],[[586765,17.211104,48.975328,3],0.09],[[586781,17.197031,49.013463,1],0.46],[[592889,16.996199,49.277552,4],0.01,0.06,-0.05],[[593028,16.878393,49.232934,1],0.43],[[593087,17.083627,49.193463,1],0.64],[[593117,17.093537,49.305518,3],0.29],[[593401,17.124981,49.129699,1],0.89,0.85,0.04],[[593559,16.882252,49.201381,3],0.05,0.06,-0.01],[[593583,16.876598,49.153354,3],0.1,0.15,-0.05],[[587729,16.060675,48.830248,2],0.55],[[593711,16.054368,48.856011,5],0.04,0.08,-0.04],[[594156,16.40281,48.830008,3],0.13],[[594920,16.155687,48.836196,2],0.33,0.58,-0.25]],"districts":[["CZ0641",0.12,0.13,-0.01],["CZ0642",0.1,0.24,-0.14],["CZ0643",0.09,0.2,-0.11],["CZ0644",0.05,0.71,-0.66],["CZ0645",0.15,0.26,-0.11],["CZ0646",0.04,0.08,-0.04],["CZ0647",0.03,0.09,-0.06]],"regions":[["CZ064",null]]}