{"reg":303,"towns":[[[523917,17.196677,50.164036,2],8.04],[[524891,17.078379,50.389907,1],2.08],[[525227,16.916515,50.442133,1],23.25],[[533491,17.1471,50.308312,1],2.23],[[536148,17.002821,50.390868,3],5.96],[[536385,17.198147,50.224725,4],5.11],[[540030,17.14055,50.227866,2],5.12],[[540382,17.321655,50.298634,3],10.68],[[540684,17.253835,50.273123,1],6.69],[[541036,17.201256,50.329431,1],2.47],[[541117,17.255253,50.297785,1],11.58],[[541214,17.027399,50.365038,1],15.9],[[541249,17.097722,50.283473,2],2.15],[[541303,17.18636,50.372435,2],3.84],[[541346,17.046051,50.345377,1],18.42],[[541575,17.098814,50.30943,2],3.35],[[553301,17.281327,50.283247,1],6.31],[[553468,17.146487,50.363176,1],1.2],[[553484,17.080738,50.308643,1],8.9],[[557218,17.123713,50.342045,1],21.21],[[569330,17.051691,50.185253,0],1.72],[[569356,17.228153,50.257454,2],6.05],[[597996,17.396122,50.263894,3],3.76],[[500135,17.535662,49.603626,0],1.51],[[500160,17.520135,49.721619,1],1.01],[[500496,17.250979,49.593878,6],11.31],[[500526,17.317289,49.668757,2],8],[[500623,16.97518,49.709629,2],12.5],[[500801,17.238673,49.528444,1],10.05],[[500852,17.287037,49.663112,3],9.4],[[500861,16.892988,49.704361,2],15.59],[[500879,17.193626,49.536347,1],7.35],[[501476,17.179781,49.816357,2],5.73],[[501646,17.322508,49.649973,3],8.85],[[501751,17.077119,49.578656,2],9.91],[[501794,17.27734,49.482585,2],20.36],[[501841,17.310944,49.537953,2],12.79],[[502146,17.402638,49.627673,3],11.23],[[502235,17.179642,49.572151,2],4.42],[[502405,17.224227,49.716409,1],14.83],[[502545,17.210806,49.640186,2],8.02],[[502839,17.054513,49.656198,1],16.66],[[503142,17.394675,49.70927,1],3.31],[[503304,17.253626,49.537792,1],20.35],[[503444,17.076255,49.701309,3],9.82],[[503622,16.947383,49.649243,1],13.33],[[503657,17.135827,49.558552,3],7.07],[[503738,17.333246,49.498174,2],14.28],[[504246,17.01963,49.705924,1],14.74],[[504441,17.129794,49.654721,2],9.17],[[504505,17.065499,49.602226,2],9.12],[[504785,17.222863,49.796542,2],13.91],[[505013,17.148305,49.642471,2],8.75],[[505081,17.085882,49.62411,2],11.97],[[505111,17.100026,49.561652,2],9.76],[[505161,17.220518,49.684136,3],11.12],[[505188,17.298995,49.730542,4],7.32],[[505218,17.132851,49.831136,2],7.04],[[505269,17.126175,49.593272,2],19.76],[[505293,17.08111,49.817411,2],9.54],[[505366,17.42708,49.541173,2],12.06],[[505501,17.180511,49.764066,2],8.15],[[505587,17.121542,49.771013,4],5.62],[[505609,17.364082,49.594326,3],34.39],[[505650,17.33766,49.552072,3],26.58],[[505668,17.483576,49.578679,2],20.06],[[505862,17.186914,49.724632,1],30.89],[[540005,17.050055,49.837875,0],5.08],[[545279,17.445404,49.742397,1],3.53],[[546976,17.405043,49.740948,0],13.2],[[547018,17.153923,49.69162,1],9.46],[[547026,17.323754,49.597116,2],16.37],[[547077,17.328172,49.630522,2],16.48],[[547123,17.241052,49.764167,0],13.33],[[552011,17.272686,49.686232,1],15.6],[[552020,17.277495,49.638193,1],11.51],[[552038,17.011221,49.656944,0],17.18],[[552062,17.019776,49.644661,0],31.94],[[552071,17.078926,49.649318,0],39.39],[[552089,17.31912,49.640125,1],8.29],[[552119,17.288054,49.461184,2],16.23],[[552151,17.176605,49.641248,2],9.84],[[552160,17.161923,49.721386,1],13.38],[[552178,17.045152,49.681155,1],36.47],[[552186,17.083808,49.718889,2],12.62],[[552194,16.963636,49.67466,0],23.07],[[552216,17.120578,49.576275,1],13.23],[[552232,17.082765,49.601996,1],23.45],[[552259,17.001576,49.613591,0],13.04],[[552267,17.05639,49.632317,1],20.95],[[552305,17.323633,49.741758,0],11.76],[[552313,17.338,49.705886,1],6.41],[[552330,17.294675,49.753458,0],16.07],[[552348,17.23154,49.752475,1],6.41],[[552356,17.260966,49.737929,1],2.81],[[552364,17.157685,49.587135,1],13.84],[[552372,17.062716,49.787639,2],9.38],[[552381,17.077461,49.834478,1],4.66],[[552399,17.144047,49.754196,0],21.25],[[552402,17.343594,49.60536,1],31.96],[[552411,17.390548,49.587462,2],16.1],[[552429,17.381252,49.572579,0],17.64],[[552437,17.344253,49.520843,1],19.11],[[552445,17.447349,49.578642,1],11.51],[[554103,17.25688,49.765829,0],5.26],[[554901,17.195665,49.614533,2],8.26],[[554944,17.401657,49.602712,1],12.77],[[568392,17.411581,49.567276,2],20.49],[[568872,17.254067,49.518462,1],27.84],[[568911,17.001818,49.692571,1],45.34],[[568961,16.99541,49.635568,1],17.6],[[569003,17.225136,49.691682,1],8.39],[[569054,17.175596,49.733438,0],27.5],[[569771,17.382014,49.527138,0],35.93],[[569798,17.37728,49.771108,1],9.09],[[569844,17.259668,49.715844,1],4.65],[[597414,17.298064,49.820063,1],5.55],[[597678,17.442222,49.79384,3],4.31],[[597686,17.506344,49.754048,1],3.5],[[506761,17.041589,49.423541,0],4.93],[[506770,17.063403,49.441499,1],8.98],[[543543,17.22677,49.358882,1],12.24],[[544710,17.062571,49.405804,0],27.9],[[549967,16.937715,49.622521,0],26],[[549983,16.949496,49.631541,0],15.68],[[557196,17.212617,49.302054,1],9.41],[[558419,17.134108,49.491208,2],3.76],[[589250,17.106851,49.472549,5],7.73],[[589268,17.166534,49.448359,2],9.47],[[589276,17.043319,49.511097,1],11.69],[[589284,17.236699,49.459774,1],8.62],[[589292,16.957654,49.620952,1],25.98],[[589306,16.889847,49.455207,0],17.64],[[589314,16.83297,49.548791,1],12.08],[[589322,17.090164,49.370064,2],12.5],[[589331,16.892539,49.608693,0],21.87],[[589349,16.92698,49.587129,1],20.17],[[589357,16.829233,49.509838,1],11.65],[[589365,17.175182,49.43255,1],4.79],[[589381,17.037775,49.551061,2],9.34],[[589390,17.19374,49.412429,1],3.22],[[589403,17.093902,49.516364,2],6.25],[[589420,17.082286,49.415458,1],10.61],[[589438,17.105673,49.385961,1],19.23],[[589446,17.141647,49.35854,1],17.17],[[589454,17.160101,49.350312,1],7.43],[[589462,16.897488,49.433359,1],6.97],[[589489,17.143364,49.328187,1],17.59],[[589497,16.850985,49.612993,0],21.73],[[589501,16.996747,49.541496,1],3.89],[[589519,16.790882,49.549106,1],19.52],[[589527,17.128429,49.364185,1],9.27],[[589535,17.220521,49.478575,0],3.7],[[589543,17.193197,49.450115,1],6.63],[[589560,16.910181,49.636303,1],22.27],[[589578,17.251454,49.424694,1],14.56],[[589586,16.862184,49.608512,1],16.09],[[589594,16.841358,49.650182,1],13.43],[[589608,17.211237,49.403017,1],14.36],[[589616,17.250871,49.446217,1],16.21],[[589624,16.889217,49.590395,3],16.85],[[589632,17.058346,49.514078,3],19.95],[[589641,17.171314,49.284523,1],16.85],[[589659,17.180583,49.463062,2],8.74],[[589667,17.001558,49.446019,1],19.4],[[589675,17.002235,49.584113,1],28.84],[[589683,17.024171,49.499779,1],9.37],[[589691,16.861891,49.526065,1],28.17],[[589705,16.87332,49.641418,1],17.98],[[589713,16.87669,49.493414,1],16.03],[[589721,17.196995,49.330574,1],8.03],[[589730,17.052223,49.472246,2],7.2],[[589748,17.027659,49.406547,1],5.41],[[589756,17.206072,49.341914,2],9.28],[[589764,17.173366,49.325526,2],14.72],[[589772,16.851911,49.445315,1],8.64],[[589799,17.227643,49.394852,1],9.25],[[589802,17.02073,49.48656,1],21.11],[[589811,16.915109,49.600231,0],47.45],[[589829,17.16467,49.53655,2],6.65],[[589837,17.063785,49.363049,1],19.79],[[589845,17.071186,49.388426,2],8.53],[[589853,16.871783,49.421275,1],15.05],[[589870,17.013234,49.567294,1],15.38],[[589888,17.184933,49.384785,1],23.63],[[589896,17.015122,49.466236,2],17.12],[[589918,16.997349,49.427632,1],14.28],[[589926,16.836047,49.483614,1],19.61],[[589934,16.955914,49.556472,2],17.93],[[589942,16.961205,49.511729,2],28.62],[[589951,16.950931,49.607347,0],18.18],[[589969,16.938064,49.610112,0],5.26],[[589977,16.840456,49.397795,1],13.72],[[589993,17.169915,49.403186,1],10.63],[[590002,16.82033,49.583631,1],16.21],[[590011,17.094088,49.548787,1],7.4],[[590029,17.107084,49.505793,2],7.1],[[590053,17.053825,49.532985,1],8.84],[[590061,16.934611,49.495308,0],20],[[590070,16.930233,49.543242,1],15.74],[[590088,16.896773,49.547269,1],32.8],[[590096,16.813444,49.602264,0],10.41],[[590100,17.165505,49.306988,1],10.44],[[590118,17.22203,49.374487,1],13.63],[[590126,17.073015,49.430551,2],11.26],[[590134,17.171909,49.344156,1],7.4],[[590142,16.959663,49.488573,1],20],[[590151,17.240961,49.311939,0],6.25],[[590177,17.111366,49.400982,