{"reg":303,"towns":[[[523917,17.196677,50.164036,2],8.04,6.49,1.55],[[524891,17.078379,50.389907,1],2.08,0.94,1.14],[[525227,16.916515,50.442133,1],23.25,26.66,-3.41],[[533491,17.1471,50.308312,1],2.23,1.48,0.75],[[536148,17.002821,50.390868,3],5.96,6.34,-0.38],[[536385,17.198147,50.224725,4],5.11,5.45,-0.34],[[540030,17.14055,50.227866,2],5.12,4.61,0.51],[[540382,17.321655,50.298634,3],10.68,9.59,1.09],[[540684,17.253835,50.273123,1],6.69,6.53,0.16],[[541036,17.201256,50.329431,1],2.47,0.91,1.56],[[541117,17.255253,50.297785,1],11.58,11.25,0.33],[[541214,17.027399,50.365038,1],15.9,13.86,2.04],[[541249,17.097722,50.283473,2],2.15,3.51,-1.36],[[541303,17.18636,50.372435,2],3.84,4.65,-0.81],[[541346,17.046051,50.345377,1],18.42,15.73,2.69],[[541575,17.098814,50.30943,2],3.35,3.52,-0.17],[[553301,17.281327,50.283247,1],6.31,2.19,4.12],[[553468,17.146487,50.363176,1],1.2,2.77,-1.57],[[553484,17.080738,50.308643,1],8.9,8.24,0.66],[[557218,17.123713,50.342045,1],21.21,11.95,9.26],[[569330,17.051691,50.185253,0],1.72],[[569356,17.228153,50.257454,2],6.05,9.21,-3.16],[[597996,17.396122,50.263894,3],3.76,5.29,-1.53],[[500135,17.535662,49.603626,0],1.51],[[500160,17.520135,49.721619,1],1.01],[[500496,17.250979,49.593878,6],11.31,9.55,1.76],[[500526,17.317289,49.668757,2],8,6.17,1.83],[[500623,16.97518,49.709629,2],12.5,10.73,1.77],[[500801,17.238673,49.528444,1],10.05,15.38,-5.33],[[500852,17.287037,49.663112,3],9.4,8.91,0.49],[[500861,16.892988,49.704361,2],15.59,12.39,3.2],[[500879,17.193626,49.536347,1],7.35,28.43,-21.08],[[501476,17.179781,49.816357,2],5.73,4.88,0.85],[[501646,17.322508,49.649973,3],8.85,9.27,-0.42],[[501751,17.077119,49.578656,2],9.91,7.54,2.37],[[501794,17.27734,49.482585,2],20.36,16.27,4.09],[[501841,17.310944,49.537953,2],12.79,14.92,-2.13],[[502146,17.402638,49.627673,3],11.23,5.85,5.38],[[502235,17.179642,49.572151,2],4.42,4.45,-0.03],[[502405,17.224227,49.716409,1],14.83,12.42,2.41],[[502545,17.210806,49.640186,2],8.02,9.3,-1.28],[[502839,17.054513,49.656198,1],16.66,13.04,3.62],[[503142,17.394675,49.70927,1],3.31,7.38,-4.07],[[503304,17.253626,49.537792,1],20.35,17.11,3.24],[[503444,17.076255,49.701309,3],9.82,10.53,-0.71],[[503622,16.947383,49.649243,1],13.33,12.93,0.4],[[503657,17.135827,49.558552,3],7.07,8.28,-1.21],[[503738,17.333246,49.498174,2],14.28,14.4,-0.12],[[504246,17.01963,49.705924,1],14.74,8.93,5.81],[[504441,17.129794,49.654721,2],9.17,14.49,-5.32],[[504505,17.065499,49.602226,2],9.12,9.91,-0.79],[[504785,17.222863,49.796542,2],13.91,13.55,0.36],[[505013,17.148305,49.642471,2],8.75,4.31,4.44],[[505081,17.085882,49.62411,2],11.97,11.9,0.07],[[505111,17.100026,49.561652,2],9.76,9.42,0.34],[[505161,17.220518,49.684136,3],11.12,9.1,2.02],[[505188,17.298995,49.730542,4],7.32,8.94,-1.62],[[505218,17.132851,49.831136,2],7.04,5.64,1.4],[[505269,17.126175,49.593272,2],19.76,18.45,1.31],[[505293,17.08111,49.817411,2],9.54,12.13,-2.59],[[505366,17.42708,49.541173,2],12.06,12.97,-0.91],[[505501,17.180511,49.764066,2],8.15,8.87,-0.72],[[505587,17.121542,49.771013,4],5.62,6.87,-1.25],[[505609,17.364082,49.594326,3],34.39,28.04,6.35],[[505650,17.33766,49.552072,3],26.58,38.35,-11.77],[[505668,17.483576,49.578679,2],20.06,21.59,-1.53],[[505862,17.186914,49.724632,1],30.89,30.4,0.49],[[540005,17.050055,49.837875,0],5.08,9.83,-4.75],[[545279,17.445404,49.742397,1],3.53,1.5,2.03],[[546976,17.405043,49.740948,0],13.2,8.92,4.28],[[547018,17.153923,49.69162,1],9.46,7.96,1.5],[[547026,17.323754,49.597116,2],16.37,11.56,4.81],[[547077,17.328172,49.630522,2],16.48,14.55,1.93],[[547123,17.241052,49.764167,0],13.33,13.04,0.29],[[552011,17.272686,49.686232,1],15.6,10.67,4.93],[[552020,17.277495,49.638193,1],11.51,9.88,1.63],[[552038,17.011221,49.656944,0],17.18,14.47,2.71],[[552062,17.019776,49.644661,0],31.94,43.2,-11.26],[[552071,17.078926,49.649318,0],39.39,39.18,0.21],[[552089,17.31912,49.640125,1],8.29,8.6,-0.31],[[552119,17.288054,49.461184,2],16.23,12.77,3.46],[[552151,17.176605,49.641248,2],9.84,9.22,0.62],[[552160,17.161923,49.721386,1],13.38,14.51,-1.13],[[552178,17.045152,49.681155,1],36.47,14.12,22.35],[[552186,17.083808,49.718889,2],12.62,15.36,-2.74],[[552194,16.963636,49.67466,0],23.07,13.88,9.19],[[552216,17.120578,49.576275,1],13.23,9.21,4.02],[[552232,17.082765,49.601996,1],23.45,16.81,6.64],[[552259,17.001576,49.613591,0],13.04,13.92,-0.88],[[552267,17.05639,49.632317,1],20.95,19.68,1.27],[[552305,17.323633,49.741758,0],11.76,1.92,9.84],[[552313,17.338,49.705886,1],6.41,6.94,-0.53],[[552330,17.294675,49.753458,0],16.07,18.84,-2.77],[[552348,17.23154,49.752475,1],6.41,10.9,-4.49],[[552356,17.260966,49.737929,1],2.81,7.33,-4.52],[[552364,17.157685,49.587135,1],13.84,10.63,3.21],[[552372,17.062716,49.787639,2],9.38,14.97,-5.59],[[552381,17.077461,49.834478,1],4.66,7.06,-2.4],[[552399,17.144047,49.754196,0],21.25,30.95,-9.7],[[552402,17.343594,49.60536,1],31.96,27.27,4.69],[[552411,17.390548,49.587462,2],16.1,16.11,-0.01],[[552429,17.381252,49.572579,0],17.64,10.93,6.71],[[552437,17.344253,49.520843,1],19.11,12.9,6.21],[[552445,17.447349,49.578642,1],11.51,8.12,3.39],[[554103,17.25688,49.765829,0],5.26,8.86,-3.6],[[554901,17.195665,49.614533,2],8.26,9.12,-0.86],[[554944,17.401657,49.602712,1],12.77,5.26,7.51],[[568392,17.411581,49.567276,2],20.49,26.06,-5.57],[[568872,17.254067,49.518462,1],27.84,21.86,5.98],[[568911,17.001818,49.692571,1],45.34,20.43,24.91],[[568961,16.99541,49.635568,1],17.6,20,-2.4],[[569003,17.225136,49.691682,1],8.39,7.01,1.38],[[569054,17.175596,49.733438,0],27.5,27.45,0.05],[[569771,17.382014,49.527138,0],35.93,33.78,2.15],[[569798,17.37728,49.771108,1],9.09,11.34,-2.25],[[569844,17.259668,49.715844,1],4.65,17.77,-13.12],[[597414,17.298064,49.820063,1],5.55,5.51,0.04],[[597678,17.442222,49.79384,3],4.31,7.08,-2.77],[[597686,17.506344,49.754048,1],3.5,7.5,-4],[[506761,17.041589,49.423541,0],4.93,5.47,-0.54],[[506770,17.063403,49.441499,1],8.98,9.03,-0.05],[[543543,17.22677,49.358882,1],12.24,27.27,-15.03],[[544710,17.062571,49.405804,0],27.9,23.25,4.65],[[549967,16.937715,49.622521,0],26,34.48,-8.48],[[549983,16.949496,49.631541,0],15.68,20.33,-4.65],[[557196,17.212617,49.302054,1],9.41,10.38,-0.97],[[558419,17.134108,49.491208,2],3.76,2.78,0.98],[[589250,17.106851,49.472549,5],7.73,7.26,0.47],[[589268,17.166534,49.448359,2],9.47,6.57,2.9],[[589276,17.043319,49.511097,1],11.69,9.44,2.25],[[589284,17.236699,49.459774,1],8.62,5.71,2.91],[[589292,16.957654,49.620952,1],25.98,23.25,2.73],[[589306,16.889847,49.455207,0],17.64,27.9,-10.26],[[589314,16.83297,49.548791,1],12.08,12.4,-0.32],[[589322,17.090164,49.370064,2],12.5,12.94,-0.44],[[589331,16.892539,49.608693,0],21.87,30.5,-8.63],[[589349,16.92698,49.587129,1],20.17,16.05,4.12],[[589357,16.829233,49.509838,1],11.65,19.51,-7.86],[[589365,17.175182,49.43255,1],4.79,7.78,-2.99],[[589381,17.037775,49.551061,2],9.34,8.8,0.54],[[589390,17.19374,49.412429,1],3.22,3.84,-0.62],[[589403,17.093902,49.516364,2],6.25,2.84,3.41],[[589420,17.082286,49.415458,1],10.61,19.13,-8.52],[[589438,17.105673,49.385961,1],19.23,29.16,-9.93],[[589446,17.141647,49.35854,1],17.17,16.85,0.32],[[589454,17.160101,49.350312,1],7.43,4.69,2.74],[[589462,16.897488,49.433359,1],6.97,7.06,-0.09],[[589489,17.143364,49.328187,1],17.59,5.83,11.76],[[589497,16.850985,49.612993,0],21.73,18.07,3.66],[[589501,16.996747,49.541496,1],3.89,2.73,1.16],[[589519,16.790882,49.549106,1],19.52,21.05,-1.53],[[589527,17.128429,49.364185,1],9.27,15.12,-5.85],[[589535,17.220521,49.478575,0],3.7,1.78,1.92],[[589543,17.193197,49.450115,1],6.63,6.45,0.18],[[589560,16.910181,49.636303,1],22.27,23.11,-0.84],[[589578,17.251454,49.424694,1],14.56,12.96,1.6],[[589586,16.862184,49.608512,1],16.09,13.48,2.61],[[589594,16.841358,49.650182,1],13.43,18.84,-5.41],[[589608,17.211237,49.403017,1],14.36,11.11,3.25],[[589616,17.250871,49.446217,1],16.21,12.5,3.71],[[589624,16.889217,49.590395,3],16.85,16.54,0.31],[[589632,17.058346,49.514078,3],19.95,8.37,11.58],[[589641,17.171314,49.284523,1],16.85,17.47,-0.62],[[589659,