{"reg":344,"towns":[[[504301,15.745503,49.982634,1],9.09],[[504807,15.727244,49.94646,1],29.78],[[504921,15.739289,49.965357,1],12.71],[[504955,15.894469,49.979022,0],16.07],[[505005,15.86473,49.897307,1],7.87],[[505030,15.883877,49.960537,0],12.76],[[530697,15.677746,49.919564,0],19.56],[[547794,15.78717,49.837054,0],52],[[547808,15.713618,49.967283,1],5.97],[[547816,15.957449,49.74259,1],36.61],[[547824,15.761796,49.859518,0],18.75],[[547832,15.760021,49.877003,1],17.58],[[547841,15.621171,49.923275,0],9.63],[[547859,15.926941,49.931755,0],27.27],[[547867,16.127052,49.822412,0],13.2],[[547875,15.545079,49.916436,0],16.04],[[547891,15.745214,49.9279,1],9.77],[[554847,15.95683,49.814666,1],28.72],[[554952,16.043608,49.793442,1],10.97],[[556882,15.768153,49.915662,1],19.67],[[571164,15.795158,49.949824,4],18.93],[[571181,15.595868,49.837134,1],14.1],[[571202,15.704985,49.841414,1],22.28],[[571229,15.925435,49.97695,0],14.28],[[571237,15.535529,49.901849,0],7.14],[[571245,15.733261,49.957375,1],17.05],[[571253,15.839524,49.830355,1],8.75],[[571270,15.937395,49.963804,1],17.2],[[571296,15.777938,49.847036,0],12],[[571300,15.986569,49.761203,0],24.19],[[571377,15.926515,49.739067,0],7.04],[[571385,15.665028,49.94717,3],18.26],[[571393,15.907661,49.762231,3],17.48],[[571407,16.071649,49.84568,0],43.9],[[571440,15.923513,49.794858,1],12.29],[[571458,15.893093,49.933561,0],16.94],[[571466,15.916873,49.887322,1],12],[[571474,15.744393,49.802435,1],2.02],[[571482,15.57603,49.934901,0],13.72],[[571491,15.910648,49.959563,2],26.28],[[571504,15.990827,49.882632,1],4.76],[[571539,15.934067,49.902149,3],8.95],[[571547,15.991536,49.955625,2],8.28],[[571563,16.03112,49.929644,1],14.81],[[571571,15.975128,49.736024,1],47.63],[[571580,15.982386,49.772574,1],29.78],[[571610,15.855614,49.947276,1],6.3],[[571628,15.651641,49.923421,1],9.32],[[571652,15.745623,49.821656,0],14.06],[[571661,16.026846,49.772498,2],24.8],[[571709,15.958993,49.845309,0],18.42],[[571725,15.75641,49.841833,0],14.7],[[571733,15.741396,49.87195,0],16.94],[[571750,16.023891,49.916576,0],6.81],[[571768,15.839045,49.888935,1],17.21],[[571776,16.028604,49.893513,3],21.51],[[571822,15.605872,49.905062,1],2.46],[[571831,15.884829,49.841358,2],18.1],[[571857,15.724015,49.887468,1],17.07],[[571873,15.709072,49.934791,1],35.02],[[571890,15.886976,49.94387,0],30.55],[[571903,15.628949,49.941391,1],5.59],[[571911,15.804712,49.844597,2],15.52],[[571962,15.839135,49.919409,1],15.29],[[572004,16.079952,49.826885,0],28.12],[[572039,15.536819,49.936237,1],5.17],[[572063,15.988264,49.79687,1],23.07],[[572071,15.628821,49.893895,2],4.46],[[572080,16.11631,49.805994,2],26.44],[[572098,15.957751,49.833121,1],16.3],[[572101,16.038455,49.831724,1],59.62],[[572110,15.92634,49.938074,0],19.04],[[572152,15.96422,49.796504,1],30.12],[[572161,15.531541,49.888353,2],6.35],[[572179,15.951376,49.922359,2],8.39],[[572217,15.916661,49.922503,1],16.78],[[572225,15.65653,49.847037,2],7.25],[[572241,15.996654,49.843567,3],17.76],[[572268,15.813873,49.921196,3],23.76],[[572276,15.764066,49.933341,1],22.99],[[572314,16.072158,49.89166,0],28.57],[[572322,15.90302,49.738058,1],23.65],[[572331,15.813804,49.890007,1],10.27],[[572349,16.034289,49.72454,1],40.06],[[572381,15.914659,49.824479,1],24.05],[[572390,15.816049,49.786894,1],8.42],[[572403,15.919674,49.932925,0],25],[[572411,15.580129,49.869219,3],30.82],[[572420,15.84134,49.978962,1],9.04],[[572446,15.867345,49.979251,1],11.76],[[572454,15.66685,49.889133,0],14.47],[[572462,15.884462,49.817781,1],12.42],[[572471,15.880178,49.971029,1],18.34],[[572497,15.88183,49.749189,1],16.4],[[572501,15.973606,49.788649,1],41.25],[[572527,15.93634,49.713143,0],16.88],[[572535,15.941145,49.856443,1],22.3],[[572543,15.837299,49.747799,0],16.66],[[572551,15.829087,49.76477,1],7.33],[[572578,15.884208,49.910081,2],9.85],[[572641,15.858205,49.873077,1],4.76],[[573787,15.681376,49.963712,1],10.78],[[573817,15.893381,49.868517,0],9.09],[[573876,16.100192,49.828645,1],26.95],[[574007,15.527475,49.861905,0],13.63],[[574091,15.566816,49.892807,0],25],[[574104,16.030432,49.972703,0],15.38],[[530794,15.461124,50.032844,0],3.84],[[553719,15.702721,50.039211,1],8.58],[[555134,15.781299,50.034409,5],13.01],[[572764,15.604954,49.9819,0],7.89],[[572799,15.898214,50.069473,0],4.1],[[572802,15.538618,50.119436,0],16.07],[[572845,15.889187,50.043622,0],7.84],[[572853,15.624255,50.131879,0],2.85],[[572861,15.65169,50.109618,1],37.11],[[572870,15.805868,50.093029,1],18.9],[[572888,15.855832,50.114148,0],15.21],[[572896,15.671936,50.05613,1],10.86],[[572934,15.746276,50.092124,0],17.77],[[572942,15.70284,50.12887,0],8.1],[[572951,15.738311,50.128935,0],6.66],[[572977,15.725091,49.993164,1],5.55],[[572985,15.734932,49.997348,0],17.33],[[573019,15.580349,49.945993,0],7.14],[[573027,15.5373,49.969347,0],13.33],[[573035,15.486111,50.001981,0],10.52],[[573078,15.647275,50.079868,0],6.81],[[573515,15.827021,50.070734,1],20.38],[[574198,15.822517,50.042269,1],15.3],[[574724,15.68091,49.999411,0],14.81],[[574741,15.644768,50.008869,1],2.19],[[574767,15.67989,50.075702,3],10.81],[[574783,15.856639,50.127301,1],7.69],[[574791,15.557385,50.000688,0],14.28],[[574805,15.577582,50.051994,2],11.11],[[574813,15.823385,50.12496,0],15.15],[[574821,15.562977,49.948338,0],15.38],[[574830,15.625408,50.101131,1],20.66],[[574848,15.911265,50.132532,2],10.52],[[574856,15.773339,50.13312,2],6.99],[[574864,15.717675,49.985238,1],12.87],[[574899,15.912545,50.028543,2],9.86],[[574902,15.691707,50.113474,1],6.49],[[574911,15.967844,50.029373,2],22.55],[[574929,15.924033,50.077906,1],10.5],[[574953,15.808857,50.105191,1],15.87],[[574961,15.426616,50.075555,1],2.73],[[574988,15.986005,50.06611,3],7.15],[[574996,16.084069,50.049109,2],6.63],[[575011,15.958886,50.076611,2],4.78],[[575046,15.78888,50.103527,0],16.43],[[575054,15.619515,49.987822,2],8.27],[[575062,15.880341,50.083128,1],6.66],[[575071,15.418562,50.034532,3],5.43],[[575089,15.937327,50.109676,1],10.67],[[575097,15.541389,50.128259,0],1.49],[[575101,15.529259,50.007735,1],2.38],[[575119,16.077983,50.012339,0],1.09],[[575127,15.610295,49.995451,0],5.76],[[575135,15.660618,49.981594,0],13.43],[[575143,15.694777,49.980674,1],19.13],[[575151,15.609768,50.118105,0],6.25],[[575178,15.487192,50.057816,1],21.19],[[575194,15.386682,50.043079,1],2.91],[[575232,15.903791,50.009667,1],12.85],[[575259,15.410279,50.051519,0],7.89],[[575305,15.756738,50.153387,1],14.4],[[575313,15.568989,49.98787,1],6.14],[[575330,15.514334,49.984932,0],11.42],[[575372,15.775487,49.989526,2],15.03],[[575381,15.572047,50.014912,0],13.11],[[575399,15.940811,50.00105,2],9.05],[[575429,15.790553,50.145512,3],5.99],[[575437,15.805408,49.993525,2],13.72],[[575445,16.030478,50.044716,1],7.02],[[575461,16.000768,50.097655,1],3.4],[[575470,15.581991,49.991102,0],5],[[575500,15.560413,50.039948,3],10.35],[[575518,15.614899,50.072887,0],19.67],[[575526,15.519991,50.106455,0],17.02],[[575534,15.802625,50.07288,1],13.8],[[575551,15.606265,50.106311,1],12],[[575569,15.664377,50.127321,1],7.79],[[575577,15.889408,50.104773,1],11.55],[[575593,15.704827,50.060247,2],6.28],[[575607,15.477455,50.03599,2],2.43],[[575615,15.440919,50.050233,0],10.34],[[575623,15.519831,50.053188,1],70.72],[[575640,15.852803,50.066605,3],13.3],[[575658,15.96145,49.992168,1],16.39],[[575666,15.556821,50.093704,1],7.57],[[575682,15.763532,50.084994,2],10.14],[[575704,15.778951,50.065498,2],13.25],[[575712,15.754182,50.000581,1],4.72],[[575721,15.720737,50.124004,1],9.21],[[575739,15.71522,50.001737,1],10.98],[[575755,15.614128,49.956461,0],14.28],[[575763,15.522806,50.087564,1],35.34],[[575771,15.639615,49.976687,1],24.17],[[575780,15.601078,49.965437,1],10],[[575810,15.445738,50.080585,0],11.11],[[575828,16.044093,50.000215,0],4.81],[[575879,16.017879,49.992474,1],17.85],[[575887,15.872852,49.988669,1],12.34],[[575909,15.494626,50.102031,0],28],[[575917,15.567111,49.974044,0],13.33],[[575925,15.61687,50.029694,1],5.1],[[575933,15.533003,50.10432,0],3.33],