{"reg":584,"towns":[[[514276,14.719254,50.680046,1],5.31],[[530387,14.59215,50.753003,0],2.63,14.89,-12.26],[[544337,14.838293,50.702975,1],5.66,6.25,-0.59],[[546232,14.45693,50.655449,0],2.56,5.66,-3.1],[[546259,14.486766,50.655024,0],5],[[546267,14.467408,50.536579,1],5.95,1.12,4.83],[[546275,14.482593,50.735875,0],5.55,15.78,-10.23],[[546283,14.599127,50.719575,0],2.02,4.44,-2.42],[[561380,14.539799,50.67862,5],6.06,11.1,-5.04],[[561398,14.722084,50.533742,1],1.94,18.6,-16.66],[[561401,14.603251,50.502986,0],8.69,11.76,-3.07],[[561410,14.396598,50.608503,1],2.63,1.8,0.83],[[561428,14.679426,50.669033,0],4,3.63,0.37],[[561444,14.703495,50.729288,2],3.01,6.15,-3.14],[[561479,14.633019,50.777293,3],6.72,10.19,-3.47],[[561495,14.654377,50.565945,3],4,6.94,-2.94],[[561533,14.540343,50.540444,2],4.21,7.5,-3.29],[[561541,14.808823,50.726074,1],6.98,11.35,-4.37],[[561584,14.493073,50.618099,1],8.73,12.93,-4.2],[[561592,14.493538,50.712584,1],4.37,10.37,-6],[[561606,14.404106,50.704219,1],5.4,7.5,-2.1],[[561614,14.562772,50.578538,0],4,2.04,1.96],[[561622,14.559384,50.74039,0],1.75],[[561665,14.584657,50.608694,1],2.85,6.89,-4.04],[[561681,14.472979,50.773693,3],4.27,6.45,-2.18],[[561720,14.392521,50.632503,1],5.55,1.58,3.97],[[561738,14.701621,50.828174,0],4.1,23.4,-19.3],[[561746,14.678722,50.768777,1],0.68,7.35,-6.67],[[561827,14.678659,50.807507,1],9.43,6.66,2.77],[[561835,14.724956,50.655768,3],4.41,6.2,-1.79],[[561851,14.746964,50.692151,1],4.34,7.4,-3.06],[[561860,14.555664,50.757714,4],5.77,7.97,-2.2],[[561878,14.442254,50.765514,1],3.8,5.39,-1.59],[[561886,14.671066,50.527594,1],3.75,5.43,-1.68],[[561894,14.527685,50.766932,1],7,5.1,1.9],[[561959,14.533028,50.786771,1],4.09,13.54,-9.45],[[561983,14.601372,50.617925,1],5.38,9.67,-4.29],[[561991,14.468026,50.796139,1],1.17,3.04,-1.87],[[562017,14.80363,50.58629,2],2.5,3.14,-0.64],[[562025,14.53067,50.745217,2],1.07,5.69,-4.62],[[562050,14.588922,50.739037,1],5.29,10.41,-5.12],[[562076,14.532396,50.655151,1],4.4,10.13,-5.73],[[562092,14.801127,50.702903,3],3.56,8.2,-4.64],[[562106,14.450096,50.696974,1],5.35,6.77,-1.42],[[562114,14.428717,50.632379,1],26.25,21.33,4.92],[[562131,14.596917,50.7919,1],3.96,8.69,-4.73],[[562173,14.664004,50.719064,0],6.89,4.76,2.13],[[562203,14.735433,50.743566,0],4.25],[[562220,14.453036,50.730204,1],2.04,11.11,-9.07],[[562238,14.57122,50.55324,0],6.25,9.37,-3.12],[[562246,14.524708,50.634208,1],8.23,15.81,-7.58],[[562262,14.645335,50.684854,3],1.68,4.29,-2.61],[[562297,14.396344,50.714039,2],3.7,8.22,-4.52],[[530425,15.184679,50.681858,0],8.06,11.94,-3.88],[[546577,15.167986,50.675488,1],13.44,16.81,-3.37],[[546585,15.26303,50.755788,1],2.61,7.85,-5.24],[[563510,15.170414,50.722153,5],8.64,15.95,-7.31],[[563528,15.275813,50.7624,1],7.75,23.01,-15.26],[[563536,15.142571,50.791188,1],4.31,16.52,-12.21],[[563552,15.313862,50.75481,3],4.48,12.83,-8.35],[[563561,15.303285,50.68764,1],6.06,16.3,-10.24],[[563579,15.158867,50.652357,1],1.9,7.85,-5.95],[[563595,15.169244,50.772141,2],10.35,17.94,-7.59],[[563609,15.136637,50.627796,2],4.81,15.77,-10.96],[[563617,15.295375,50.670963,0],6.06,9.37,-3.31],[[563633,15.231574,50.782016,1],4.62,12.82,-8.2],[[563641,15.228332,50.62476,2],5.12,6.59,-1.47],[[563668,15.365424,50.759359,1],1.62,10.72,-9.1],[[563676,15.212313,50.64567,1],4.39,15.11,-10.72],[[563684,15.2678,50.679747,0],5.37,16.66,-11.29],[[563692,15.220572,50.741456,2],7.12,10.96,-3.84],[[563706,15.195534,50.646408,2],6.76,13.28,-6.52],[[563714,15.198577,50.696455,1],6.62,16.66,-10.04],[[563731,15.214758,50.72524,1],16.16,23.61,-7.45],[[563749,15.236038,50.687791,2],6.78,13.08,-6.3],[[563757,15.317471,50.703338,2],4.6,13.56,-8.96],[[563773,15.277749,50.672861,0],1.53,15.06,-13.53],[[563781,15.115859,50.698552,1],6.66,12.01,-5.35],[[563790,15.149898,50.683891,3],8.18,14.7,-6.52],[[563803,15.213411,50.676103,1],8.73,16.93,-8.2],[[563811,15.246502,50.738301,3],5.29,16.45,-11.16],[[563820,15.307982,50.737629,3],5,12.25,-7.25],[[563838,15.315498,50.713834,3],4.79,11.36,-6.57],[[563846,15.311826,50.664974,0],4.54,18.86,-14.32],[[563854,15.27004,50.697784,1],5.86,21.83,-15.97],[[563862,15.353616,50.708647,1],2.45,1.75,0.7],[[563871,15.254186,50.64284,3],5.71,16.26,-10.55],[[530433,15.026152,50.921515,1],1.52,9.52,-8],[[530468,15.075978,50.711714,1],7.97,20.52,-12.55],[[530484,15.09393,50.699666,1],11.37,21.17,-9.8],[[544345,15.017139,50.701762,1],6.81,17.83,-11.02],[[544353,15.006457,50.897,1],3.63,6.06,-2.43],[[544477,15.026936,50.791093,2],7.54,23.89,-16.35],[[544531,15.100281,50.592605,1],6.97,16.8,-9.83],[[544582,15.082181,50.626455,1],5.08,13.76,-8.68],[[544604,15.111598,50.640548,0],1.56,17.74,-16.18],[[545937,15.109852,50.601,0],2.7,7.4,-4.7],[[545953,15.113636,50.619335,1],8.62,17.51,-8.89],[[546593,15.001175,50.831607,1],2.63,12.83,-10.2],[[546607,15.036676,50.892748,1],5.17,7.96,-2.79],[[546631,15.222203,50.873842,1],8.69,24.82,-16.13],[[546658,14.940408,50.704656,0],1.88,17.46,-15.58],[[561631,14.760633,50.765382,3],6.66,6.91,-0.25],[[561657,14.824344,50.762974,0],2.7,16.27,-13.57],[[563889,15.054439,50.76638,6],11.7,31.88,-20.18],[[563901,15.035522,50.664931,1],6.56,14.67,-8.11],[[563919,14.924507,50.823246,1],3.61,5.41,-1.8],[[563935,15.12367,50.971244,1],5.58,11.41,-5.83],[[563960,14.996287,50.661116,3],5.6,10.1,-4.5],[[563994,15.168786,50.945787,1],7.61,5.88,1.73],[[564028,15.079851,50.921496,3],4.44,12.4,-7.96],[[564036,15.065266,51.019134,1],3.63,1.18,2.45],[[564044,15.181785,50.877301,3],7.53,21.73,-14.2],[[564052,14.926704,50.631998,0],11.84,9.27,2.57],[[564061,15.08996,50.665963,3],6.69,17.41,-10.72],[[564079,15.201599,50.965564,0],10.76,18.42,-7.66],[[564095,14.844658,50.852892,3],2.1,3.54,-1.44],[[564109,14.869039,50.83632,2],1.11,4.2,-3.09],[[564117,14.968947,50.817027,3],3.16,9.51,-6.35],[[564133,15.249643,50.960916,1],7.84,6.58,1.26],[[564141,15.004443,50.610271,1],6.03,11.32,-5.29],[[564168,15.127667,50.940324,1],0.76,3.35,-2.59],[[564176,14.933501,50.774549,1],8.73,17.76,-9.03],[[564184,14.901417,50.73858,1],6.58,13.68,-7.1],[[564206,15.190471,50.890241,1],3.25,11.81,-8.56],[[564231,15.056405,50.831733,2],5.18,18.25,-13.07],[[564265,15.229539,50.925011,3],4.31,9.19,-4.88],[[564281,15.083777,50.849733,1],9.64,21.07,-11.43],[[564290,14.921485,50.69499,2],5.76,10.97,-5.21],[[564303,15.076196,50.594968,1],8.4,15.32,-6.92],[[564311,15.076532,50.979084,1],2.94,13.75,-10.81],[[564354,15.084005,50.578232,2],2.98,11.22,-8.24],[[564371,15.114757,50.904256,3],5.42,13.16,-7.74],[[564397,14.818942,50.789106,1],5.09,17.28,-12.19],[[564401,15.034217,50.605,0],10.71,11.47,-0.76],[[564427,14.986005,50.711344,1],9.66,19.47,-9.81],[[564435,15.043456,50.587332,1],1.55,5.26,-3.71],[[564443,15.063976,50.572684,1],2.43,5,-2.57],[[564451,15.088809,50.626916,0],3.17,12.28,-9.11],[[564460,15.052732,50.706477,2],8.22,18.24,-10.02],[[564494,15.02506,50.966732,2],2.16,9.09,-6.93],[[564516,15.052112,50.618816,1],4,13.68,-9.68],[[564532,14.95149,50.64615,1],6.62,9.94,-3.32],[[564541,14.876403,50.765065,1],1.26,7.6,-6.34],[[547476,15.400555,50.724065,1],1.16,7.44,-6.28],[[547484,15.246847,50.519937,0],1.28,9.09,-7.81],[[573400,15.218593,50.617659,0],15.68,10.63,5.05],[[573418,15.533412,50.580946,1],4.97,8.09,-3.12],[[574201,15.57583,50.52618,0],2.12,17.28,-15.16],[[576964,15.328241,50.605258,3],4.19,7.91,-3.72],[[576972,15.445427,50.534417,1],2.94,2.24,0.7],[[576981,15.548272,50.666433,2],3.73,10.05,-6.32],[[576999,15.368478,50.603258,1],2.42,22.37,-19.95],[[577006,15.337206,50.640171,1],3.66,10.99,-7.33],[[577014,15.396332,50.488672,0],3.12,3.84,-0.72],[[577031,15.58394,50.542694,0],4.47,5.33,-0.86],[[577049,15.401976,50.604834,0],3.84,5.12,-1.28],[[577057,15.60765,50.5317,1],0.64,1.51,-0.87],[[577073,15.421312,50.613238,1],2.83,6.87,-4.04],[[577081,15.431521,50.772186,2],9.14,14.16,-5.02],[[577111,15.300548,50.520473,0],2.63,3.22,-0.59],[[577120,15.571571,50.608357,2],4.12,10.5,-6.38],[[577146,15.200342,50.544906,1],6.45,17.68,-11.23],[[577154,15.300449,50.602387,1],5.3,9.72,-4.42],