{"reg":702,"towns":[[[538868,12.279652,50.086208,1],9.85],[[538906,12.547716,50.055886,1],3.33],[[539112,12.59591,49.991631,1],4.58],[[539279,12.666767,49.966767,2],7.22],[[539473,12.779206,49.953112,0],2.56],[[539481,12.654905,49.976907,1],2.27],[[539554,12.48425,50.103171,1],1.85],[[554481,12.369964,50.079633,5],4.28],[[554499,12.195113,50.223983,4],0.21],[[554502,12.551125,50.018055,2],0.68],[[554511,12.665618,49.93907,1],0.39],[[554529,12.349781,50.120159,3],4.89],[[554545,12.272617,50.156457,2],1.59],[[554553,12.175894,50.304702,2],0.26],[[554600,12.624853,50.010693,2],0.35],[[554626,12.448928,50.036398,1],3.31],[[554634,12.406065,50.252592,2],0.23],[[554642,12.701298,49.964699,4],1.47],[[554707,12.445362,50.217131,1],1.27],[[554740,12.34681,50.220815,2],0.43],[[554812,12.361561,50.170411,2],1.29],[[554880,12.616745,49.942277,1],3.96],[[555631,12.86316,49.981953,3],2.07],[[577979,12.298291,50.140272,0],2.04],[[500101,13.046575,50.172681,0],4],[[506486,12.924571,50.409844,0],10.78],[[506494,12.719531,50.360145,1],0.75],[[537845,12.85168,50.148702,0],5.35],[[537870,12.870986,50.197494,1],2.66],[[537918,12.895923,50.247898,2],3.81],[[537926,12.800046,50.226649,1],2.35],[[537934,12.770109,50.237288,1],2.75],[[537969,12.871721,50.25545,1],3.69],[[538001,12.962918,50.20449,1],4.5],[[538019,12.711084,50.291365,1],1.12],[[538116,12.814015,50.294681,1],9.09],[[538159,12.919811,50.283247,1],4.4],[[551651,12.789994,50.213854,1],4.7],[[554961,12.872062,50.231952,5],5.71],[[554979,12.818377,50.368855,2],3.66],[[554995,12.838429,50.083561,1],2],[[555029,13.045282,50.151007,2],0.54],[[555169,12.771048,50.390493,1],12],[[555185,12.871918,50.309508,2],1.6],[[555207,13.249179,50.104736,1],3.76],[[555215,12.934767,50.358573,3],3.35],[[555258,12.903449,50.187545,1],4.21],[[555304,12.921351,50.072448,1],0.96],[[555347,13.000007,50.262803,1],3.98],[[555363,12.863613,50.32819,1],2.71],[[555380,12.729474,50.322529,3],1.26],[[555398,12.784334,50.271028,3],2.03],[[555428,12.939183,50.306035,4],2.48],[[555452,12.783825,50.365797,1],5.05],[[555479,12.736597,50.428273,1],5.12],[[555525,13.170783,50.051663,1],3.48],[[555533,12.897194,50.267226,2],4.06],[[555550,12.874064,50.165217,1],5.44],[[555584,13.051067,50.337331,1],5.69],[[555592,13.005785,50.183216,1],4.57],[[555614,12.976213,50.237016,1],5.34],[[555622,13.114279,50.058313,1],1],[[555657,12.985171,50.060604,3],2.02],[[555681,12.954852,50.070847,1],2.7],[[555690,13.254676,50.174239,1],1.17],[[555703,13.009826,50.284179,1],2.79],[[555711,13.173868,50.14131,1],1.6],[[555738,13.016307,50.303424,1],5.46],[[555762,13.163084,50.092028,2],1.82],[[556947,12.925973,50.179793,1],3.59],[[578029,12.696743,50.348275,1],1.06],[[578045,13.002857,50.344955,1],2.2],[[538337,12.786342,50.109287,1],1.73],[[538434,12.625358,50.192341,2],3.11],[[538591,12.645192,50.164731,2],1.37],[[560286,12.659992,50.174629,4],1.07],[[560294,12.643488,50.145752,3],0.45],[[560308,12.505287,50.374494,1],1.09],[[560341,12.637158,50.243218,1],2],[[560359,12.550653,50.183078,3],0.75],[[560367,12.807697,50.138742,3],1.7],[[560383,12.747709,50.23983,4],1.3],[[560421,12.504505,50.14885,1],1],[[560456,12.534192,50.216079,1],1.59],[[560464,12.67954,50.19412,1],0.51],[[560472,12.517588,50.323835,3],0.83],[[560499,12.530388,50.119038,3],0.81],[[560537,12.754163,50.186112,3],1.76],[[560561,12.775287,50.084201,0],6.06],[[560570,12.738121,50.206578,3],1.11],[[560588,12.558884,50.251243,2],1.92],[[560600,12.573526,50.29638,3],0.3],[[560642,12.719941,50.181807,1],0.41],[[560651,12.526519,50.356766,1],1.85],[[560677,12.603439,50.318764,1],0.9],[[560685,12.717598,50.233928,2],0.87],[[579360,12.676998,50.182307,0],3.94]],"districts":[["CZ0411",2.58,5.99,-3.41],["CZ0412",4.05,7.99,-3.94],["CZ0413",1.09,5.5,-4.41]],"regions":[["CZ041",null]]}