{"reg":702,"towns":[[[538868,12.279652,50.086208,1],9.85,4.3,5.55],[[538906,12.547716,50.055886,1],3.33,5.33,-2],[[539112,12.59591,49.991631,1],4.58,1.04,3.54],[[539279,12.666767,49.966767,2],7.22,6.31,0.91],[[539473,12.779206,49.953112,0],2.56,3.57,-1.01],[[539481,12.654905,49.976907,1],2.27,5.03,-2.76],[[539554,12.48425,50.103171,1],1.85,3.84,-1.99],[[554481,12.369964,50.079633,5],4.28,8.33,-4.05],[[554499,12.195113,50.223983,4],0.21,3.97,-3.76],[[554502,12.551125,50.018055,2],0.68,2.46,-1.78],[[554511,12.665618,49.93907,1],0.39,4.28,-3.89],[[554529,12.349781,50.120159,3],4.89,10.6,-5.71],[[554545,12.272617,50.156457,2],1.59,5.75,-4.16],[[554553,12.175894,50.304702,2],0.26,0.75,-0.49],[[554600,12.624853,50.010693,2],0.35,2.24,-1.89],[[554626,12.448928,50.036398,1],3.31,7.78,-4.47],[[554634,12.406065,50.252592,2],0.23,7.47,-7.24],[[554642,12.701298,49.964699,4],1.47,4.49,-3.02],[[554707,12.445362,50.217131,1],1.27],[[554740,12.34681,50.220815,2],0.43,1.12,-0.69],[[554812,12.361561,50.170411,2],1.29,4.12,-2.83],[[554880,12.616745,49.942277,1],3.96,10.85,-6.89],[[555631,12.86316,49.981953,3],2.07,0.99,1.08],[[577979,12.298291,50.140272,0],2.04],[[500101,13.046575,50.172681,0],4],[[506486,12.924571,50.409844,0],10.78,3.57,7.21],[[506494,12.719531,50.360145,1],0.75,5.79,-5.04],[[537845,12.85168,50.148702,0],5.35,10.81,-5.46],[[537870,12.870986,50.197494,1],2.66,13.93,-11.27],[[537918,12.895923,50.247898,2],3.81,7.66,-3.85],[[537926,12.800046,50.226649,1],2.35,12.5,-10.15],[[537934,12.770109,50.237288,1],2.75,0.93,1.82],[[537969,12.871721,50.25545,1],3.69,6.39,-2.7],[[538001,12.962918,50.20449,1],4.5,17.85,-13.35],[[538019,12.711084,50.291365,1],1.12,12.32,-11.2],[[538116,12.814015,50.294681,1],9.09,5.26,3.83],[[538159,12.919811,50.283247,1],4.4,7.22,-2.82],[[551651,12.789994,50.213854,1],4.7,9.33,-4.63],[[554961,12.872062,50.231952,5],5.71,10.96,-5.25],[[554979,12.818377,50.368855,2],3.66,6.72,-3.06],[[554995,12.838429,50.083561,1],2,4.57,-2.57],[[555029,13.045282,50.151007,2],0.54,1.85,-1.31],[[555169,12.771048,50.390493,1],12,13.2,-1.2],[[555185,12.871918,50.309508,2],1.6,6.08,-4.48],[[555207,13.249179,50.104736,1],3.76,3.72,0.04],[[555215,12.934767,50.358573,3],3.35,5.73,-2.38],[[555258,12.903449,50.187545,1],4.21,7.92,-3.71],[[555304,12.921351,50.072448,1],0.96,6.95,-5.99],[[555347,13.000007,50.262803,1],3.98,9.71,-5.73],[[555363,12.863613,50.32819,1],2.71,5.53,-2.82],[[555380,12.729474,50.322529,3],1.26,5.52,-4.26],[[555398,12.784334,50.271028,3],2.03,5.08,-3.05],[[555428,12.939183,50.306035,4],2.48,3.57,-1.09],[[555452,12.783825,50.365797,1],5.05,5.29,-0.24],[[555479,12.736597,50.428273,1],5.12,5.71,-0.59],[[555525,13.170783,50.051663,1],3.48,1.26,2.22],[[555533,12.897194,50.267226,2],4.06,5.37,-1.31],[[555550,12.874064,50.165217,1],5.44,6.35,-0.91],[[555584,13.051067,50.337331,1],5.69,10.16,-4.47],[[555592,13.005785,50.183216,1],4.57,4.18,0.39],[[555614,12.976213,50.237016,1],5.34,9.25,-3.91],[[555622,13.114279,50.058313,1],1,4.62,-3.62],[[555657,12.985171,50.060604,3],2.02,7.2,-5.18],[[555681,12.954852,50.070847,1],2.7,5.08,-2.38],[[555690,13.254676,50.174239,1],1.17,5.2,-4.03],[[555703,13.009826,50.284179,1],2.79,1.69,1.1],[[555711,13.173868,50.14131,1],1.6,1.25,0.35],[[555738,13.016307,50.303424,1],5.46,8.42,-2.96],[[555762,13.163084,50.092028,2],1.82,2.86,-1.04],[[556947,12.925973,50.179793,1],3.59,15.82,-12.23],[[578029,12.696743,50.348275,1],1.06,25.71,-24.65],[[578045,13.002857,50.344955,1],2.2,4.44,-2.24],[[538337,12.786342,50.109287,1],1.73,5.97,-4.24],[[538434,12.625358,50.192341,2],3.11,6.99,-3.88],[[538591,12.645192,50.164731,2],1.37,6.95,-5.58],[[560286,12.659992,50.174629,4],1.07,6.57,-5.5],[[560294,12.643488,50.145752,3],0.45,4.5,-4.05],[[560308,12.505287,50.374494,1],1.09],[[560341,12.637158,50.243218,1],2,3.52,-1.52],[[560359,12.550653,50.183078,3],0.75,2.75,-2],[[560367,12.807697,50.138742,3],1.7,5.54,-3.84],[[560383,12.747709,50.23983,4],1.3,3,-1.7],[[560421,12.504505,50.14885,1],1],[[560456,12.534192,50.216079,1],1.59,4.81,-3.22],[[560464,12.67954,50.19412,1],0.51,3.88,-3.37],[[560472,12.517588,50.323835,3],0.83,7.28,-6.45],[[560499,12.530388,50.119038,3],0.81,5.24,-4.43],[[560537,12.754163,50.186112,3],1.76,7.12,-5.36],[[560561,12.775287,50.084201,0],6.06,34.37,-28.31],[[560570,12.738121,50.206578,3],1.11,3.58,-2.47],[[560588,12.558884,50.251243,2],1.92,3.89,-1.97],[[560600,12.573526,50.29638,3],0.3,2.79,-2.49],[[560642,12.719941,50.181807,1],0.41,7.4,-6.99],[[560651,12.526519,50.356766,1],1.85,0.97,0.88],[[560677,12.603439,50.318764,1],0.9,3.29,-2.39],[[560685,12.717598,50.233928,2],0.87,0.9,-0.03],[[579360,12.676998,50.182307,0],3.94,5.88,-1.94]],"districts":[["CZ0411",2.58,5.99,-3.41],["CZ0412",4.05,7.99,-3.94],["CZ0413",1.09,5.5,-4.41]],"regions":[["CZ041",null]]}