{"reg":703,"towns":[[[513890,14.619672,50.563681,0],50,36,14],[[514161,14.664183,50.51251,0],40.74,33.33,7.41],[[514195,14.624388,50.515564,0],60.52,21.21,39.31],[[514276,14.719254,50.680046,1],36.17,21.12,15.05],[[530387,14.59215,50.753003,0],44.73,21.27,23.46],[[544337,14.838293,50.702975,1],33.01,16.07,16.94],[[546232,14.45693,50.655449,0],38.46,18.86,19.6],[[546259,14.486766,50.655024,0],15,13.51,1.49],[[546267,14.467408,50.536579,1],27.38,29.21,-1.83],[[546275,14.482593,50.735875,0],40.74,19.29,21.45],[[546283,14.599127,50.719575,0],45.45,17.77,27.68],[[553638,14.638554,50.543414,0],37.77,17.24,20.53],[[561380,14.539799,50.67862,5],17.52,12.42,5.1],[[561398,14.722084,50.533742,1],21.35,11.62,9.73],[[561401,14.603251,50.502986,0],19.56,14.7,4.86],[[561410,14.396598,50.608503,1],25,5.4,19.6],[[561428,14.679426,50.669033,0],60,23.63,36.37],[[561444,14.703495,50.729288,2],31.43,10.76,20.67],[[561479,14.633019,50.777293,3],10.34,9.33,1.01],[[561495,14.654377,50.565945,3],29.23,21.94,7.29],[[561533,14.540343,50.540444,2],22.58,25.2,-2.62],[[561541,14.808823,50.726074,1],38.7,11.35,27.35],[[561584,14.493073,50.618099,1],14.56,11.2,3.36],[[561592,14.493538,50.712584,1],15.84,11.32,4.52],[[561606,14.404106,50.704219,1],29.18,24.58,4.6],[[561614,14.562772,50.578538,0],46.66,24.48,22.18],[[561622,14.559384,50.74039,0],54.38,42.3,12.08],[[561665,14.584657,50.608694,1],18.28,15.51,2.77],[[561681,14.472979,50.773693,3],38.17,30.3,7.87],[[561720,14.392521,50.632503,1],25,20.1,4.9],[[561738,14.701621,50.828174,0],35.61,21.27,14.34],[[561746,14.678722,50.768777,1],29.25,19.85,9.4],[[561827,14.678659,50.807507,1],28.3,10.47,17.83],[[561835,14.724956,50.655768,3],25.85,21.29,4.56],[[561851,14.746964,50.692151,1],33.04,12.34,20.7],[[561860,14.555664,50.757714,4],34.37,27.25,7.12],[[561878,14.442254,50.765514,1],30.43,27.45,2.98],[[561886,14.671066,50.527594,1],31.25,19.56,11.69],[[561894,14.527685,50.766932,1],54.2,38.77,15.43],[[561959,14.533028,50.786771,1],45.9,27.08,18.82],[[561983,14.601372,50.617925,1],13.77,8.6,5.17],[[561991,14.468026,50.796139,1],78.23,62.8,15.43],[[562017,14.80363,50.58629,2],10.93,3.4,7.53],[[562025,14.53067,50.745217,2],62.36,43.96,18.4],[[562050,14.588922,50.739037,1],26.47,18.22,8.25],[[562076,14.532396,50.655151,1],36.12,15.41,20.71],[[562092,14.801127,50.702903,3],36.94,11.35,25.59],[[562106,14.450096,50.696974,1],29.64,29.49,0.15],[[562114,14.428717,50.632379,1],8.75,8,0.75],[[562131,14.596917,50.7919,1],47.02,40.09,6.93],[[562173,14.664004,50.719064,0],29.31,14.28,15.03],[[562203,14.735433,50.743566,0],48.93,26.86,22.07],[[562220,14.453036,50.730204,1],16.32,15.38,0.94],[[562238,14.57122,50.55324,0],25,18.75,6.25],[[562246,14.524708,50.634208,1],27.05,15.81,11.24],[[562262,14.645335,50.684854,3],47.83,40.13,7.7],[[562297,14.396344,50.714039,2],37.96,11.6,26.36],[[530425,15.184679,50.681858,0],24.19,29.85,-5.66],[[546577,15.167986,50.675488,1],31.09,17.69,13.4],[[546585,15.26303,50.755788,1],16.33,15.71,0.62],[[563510,15.170414,50.722153,5],16.79,14.29,2.5],[[563528,15.275813,50.7624,1],15.5,17.46,-1.96],[[563536,15.142571,50.791188,1],37.93,38.01,-0.08],[[563552,15.313862,50.75481,3],43.79,31.96,11.83],[[563561,15.303285,50.68764,1],29.29,20.1,9.19],[[563579,15.158867,50.652357,1],42.85,25.98,16.87],[[563595,15.169244,50.772141,2],27.81,26.92,0.89],[[563609,15.136637,50.627796,2],38.85,18.63,20.22],[[563617,15.295375,50.670963,0],37.87,25,12.87],[[563633,15.231574,50.782016,1],20.58,21.61,-1.03],[[563641,15.228332,50.62476,2],20.75,9.64,11.11],[[563668,15.365424,50.759359,1],48.2,30.79,17.41],[[563676,15.212313,50.64567,1],36.26,19.76,16.5],[[563684,15.2678,50.679747,0],29.03,12.5,16.53],[[563692,15.220572,50.741456,2],23.75,16.34,7.41],[[563706,15.195534,50.646408,2],45.24,16.89,28.35],[[563714,15.198577,50.696455,1],18.23,14.58,3.65],[[563731,15.214758,50.72524,1],14.14,10.55,3.59],[[563749,15.236038,50.687791,2],24.82,13.25,11.57],[[563757,15.317471,50.703338,2],35.52,18.6,16.92],[[563773,15.277749,50.672861,0],38.46,12.32,26.14],[[563781,15.115859,50.698552,1],29.82,44.96,-15.14],[[563790,15.149898,50.683891,3],20.53,28.2,-7.67],[[563803,15.213411,50.676103,1],26.21,19.04,7.17],[[563811,15.246502,50.738301,3],16.51,10.69,5.82],[[563820,15.307982,50.737629,3],20.53,10.96,9.57],[[563838,15.315498,50.713834,3],23.32,16.84,6.48],[[563846,15.311826,50.664974,0],38.63,3.77,34.86],[[563854,15.27004,50.697784,1],28.93,13.6,15.33],[[563862,15.353616,50.708647,1],46.07,23.97,22.1],[[563871,15.254186,50.64284,3],32.61,12.28,20.33],[[530433,15.026152,50.921515,1],57.25,49.4,7.85],[[530468,15.075978,50.711714,1],31.52,16.79,14.73],[[530484,15.09393,50.699666,1],32.33,20.58,11.75],[[544345,15.017139,50.701762,1],49.24,32.48,16.76],[[544353,15.006457,50.897,1],55.45,53.53,1.92],[[544477,15.026936,50.791093,2],38.23,31.85,6.38],[[544531,15.100281,50.592605,1],23.25,20.8,2.45],[[544582,15.082181,50.626455,1],37.28,15.94,21.34],[[544604,15.111598,50.640548,0],60.93,37.09,23.84],[[545937,15.109852,50.601,0],18.91,17.28,1.63],[[545953,15.113636,50.619335,1],43.96,19.7,24.26],[[545996,15.050573,51.004564,1],34.78,13.28,21.5],[[546593,15.001175,50.831607,1],42.54,20,22.54],[[546607,15.036676,50.892748,1],51.72,36.28,15.44],[[546631,15.222203,50.873842,1],28.98,9.92,19.06],[[546658,14.940408,50.704656,0],54.71,14.28,40.43],[[561631,14.760633,50.765382,3],39.67,16.9,22.77],[[561657,14.824344,50.762974,0],32.43,16.27,16.16],[[563889,15.054439,50.76638,6],33.5,23.46,10.04],[[563901,15.035522,50.664931,1],45.25,24.32,20.93],[[563919,14.924507,50.823246,1],64.72,69.88,-5.16],[[563935,15.12367,50.971244,1],38.54,30.13,8.41],[[563943,14.917705,50.644523,0],40,28,12],[[563960,14.996287,50.661116,3],39.26,11.91,27.35],[[563994,15.168786,50.945787,1],37.14,32.35,4.79],[[564028,15.079851,50.921496,3],28.95,23.61,5.34],[[564036,15.065266,51.019134,1],55.15,51.47,3.68],[[564044,15.181785,50.877301,3],52.19,19.31,32.88],[[564052,14.926704,50.631998,0],30.26,19.58,10.68],[[564061,15.08996,50.665963,3],39.22,18.9,20.32],[[564079,15.201599,50.965564,0],43.07,21.05,22.02],[[564095,14.844658,50.852892,3],68.98,63.72,5.26],[[564109,14.869039,50.83632,2],73.05,66.1,6.95],[[564117,14.968947,50.817027,3],63.36,48.35,15.01],[[564133,15.249643,50.960916,1],33.98,38.32,-4.34],[[564141,15.004443,50.610271,1],50,25.47,24.53],[[564168,15.127667,50.940324,1],48.46,32.21,16.25],[[564176,14.933501,50.774549,1],53.17,36.18,16.99],[[564184,14.901417,50.73858,1],44.44,27.75,16.69],[[564206,15.190471,50.890241,1],44.71,23.62,21.09],[[564231,15.056405,50.831733,2],40.17,24,16.17],[[564265,15.229539,50.925011,3],23.05,17.55,5.5],[[564281,15.083777,50.849733,1],42.98,30.57,12.41],[[564290,14.921485,50.69499,2],28.84,18.29,10.55],[[564303,15.076196,50.594968,1],34.4,20.96,13.44],[[564311,15.076532,50.979084,1],41.17,40,1.17],[[564354,15.084005,50.578232,2],28.45,24.59,3.86],[[564371,15.114757,50.904256,3],36.89,23.58,13.31],[[564397,14.818942,50.789106,1],56.47,32.71,23.76],[[564401,15.034217,50.605,0],28.57,13.11,15.46],[[564427,14.986005,50.711344,1],35.04,27.03,8.01],[[564435,15.043456,50.587332,1],44.18,36.09,8.09],[[564443,15.063976,50.572684,1],41.46,30,11.46],[[564451,15.088809,50.626916,0],58.73,31.57,27.16],[[564460,15.052732,50.706477,2],43.7,27.7,16],[[564494,15.02506,50.966732,2],30.89,20.68,10.21],[[564516,15.052112,50.618816,1],31.2,18.94,12.26],[[564532,14.95149,50.64615,1],26.5,12.04,14.46],[[564541,14.876403,50.765065,1],44.3,15.21,29.09],[[547476,15.400555,50.724065,1],45.34,25.53,19.81],[[547484,15.246847,50.519937,0],38.46,37.66,0.8],[[573400,15.218593,50.617659,0],39.21,19.14,20.07],[[573418,15.533412,50.580946,1],44.75,27.16,17.59],[[574201,15.57583,50.52618,0],55.31,16.04,39.27],[[576964,15.328241,50.605258,3],31.89,21.25,10.64],[[576972,15.445427,50.534417,1],26.47,16.85,9.62],[[576981,15.548272,50.666433,2],30.45,10.89,19.56],[[576999,15.368478,50.603258,1],39.1,19.63,19.47],[[577006,15.337206,50.640171,1],37.15,21.98,15.17],[[577014,15.396332,50.488672,0],25,