{"reg":704,"towns":[[[545538,14.360479,50.715168,0],5.66],[[545708,14.314344,51.019574,1],1.42],[[545856,14.333391,50.747281,1],1.49],[[546348,14.352834,50.820458,1],1.11],[[562335,14.212861,50.772656,5],0.34],[[562343,14.264055,50.837124,1],2.29],[[562351,14.3125,50.741692,3],0.38],[[562394,14.417784,50.797908,3],0.23],[[562441,14.286956,50.982619,2],0.7],[[562505,14.545731,50.881485,1],0.55],[[562530,14.483083,50.863346,2],0.92],[[562564,14.103948,50.760925,3],0.82],[[562611,14.510101,50.913136,3],0.24],[[562645,14.53547,50.812746,1],0.75],[[562661,14.360332,51.011146,1],0.75],[[562718,14.169817,50.735259,1],0.82],[[562751,14.363794,50.965179,2],0.5],[[562777,14.555255,50.953525,4],0.27],[[562793,14.515148,50.880068,1],0.63],[[562858,14.452699,51.003793,3],0.29],[[562882,14.618348,50.911648,4],0.35],[[562891,14.396877,50.730538,1],3.7],[[562921,14.301255,50.661245,2],3.58],[[562939,14.37384,50.784784,1],1.26],[[546160,13.478643,50.424293,0],1.96],[[562971,13.410837,50.463598,5],0.33],[[562998,13.358172,50.511799,1],0.56],[[563021,13.359354,50.447783,1],0.65],[[563048,13.172313,50.420806,0],3.12],[[563056,13.429205,50.430887,1],1.01],[[563072,13.498471,50.387359,1],2.63],[[563081,13.430488,50.332881,1],1.6],[[563099,13.448885,50.500627,4],0.95],[[563102,13.271422,50.376092,4],0.17],[[563129,13.171393,50.384561,4],0.25],[[563188,13.385678,50.315996,0],1.14],[[563200,13.333493,50.446278,1],1.52],[[563218,13.280572,50.262382,1],0.81],[[563242,13.26742,50.447156,1],0.69],[[563285,13.110315,50.381769,2],0.32],[[563293,13.349824,50.321219,0],2.32],[[563315,13.136207,50.499571,0],2.12],[[563323,13.284757,50.298139,2],1.15],[[563331,13.29881,50.35328,1],2.04],[[563340,13.391931,50.44104,2],0.57],[[563358,13.530649,50.471126,1],1.1],[[563382,13.457492,50.440706,2],0.62],[[563404,13.032237,50.492426,3],1.03],[[563412,13.37473,50.269771,1],1.69],[[563439,13.312156,50.301078,1],0.95],[[563471,13.461343,50.420047,0],2.43],[[563498,13.237511,50.466591,1],1.49],[[563501,13.470366,50.520381,2],1.79],[[505528,14.004486,50.483044,1],0.78],[[530506,14.109038,50.553345,0],2.17],[[542440,14.196615,50.480652,0],3.7],[[542539,14.069206,50.519327,0],2.89],[[546755,14.301296,50.461941,0],4.16],[[546763,14.253325,50.556722,0],9.52],[[546852,14.243217,50.454495,0],2.08],[[564567,14.130646,50.53852,4],2.31],[[564575,14.341026,50.416252,2],0.38],[[564591,14.150595,50.493264,3],2.88],[[564613,14.141967,50.481073,1],1.29],[[564621,14.145512,50.453763,2],7.41],[[564648,14.216366,50.360615,1],3.4],[[564656,14.126018,50.404377,2],0.49],[[564711,14.028506,50.484284,2],2.13],[[564729,13.908578,50.438699,1],4.59],[[564737,13.96506,50.465654,0],9.09],[[564745,14.29389,50.437691,1],0.55],[[564753,14.16124,50.454991,1],5.15],[[564818,14.190273,50.424637,1],4.3],[[564877,14.33511,50.488694,2],0.22],[[564893,14.230906,50.462572,1],5.98],[[564923,14.250171,50.47327,1],1.89],[[564966,14.279353,50.552187,0],1.56],[[565016,14.101914,50.480149,1],2.08],[[565032,14.248831,50.392685,1],1.38],[[565067,14.301425,50.405474,1],1.37],[[565075,13.980842,50.394622,1],1.75],[[565083,14.21461,50.522692,2],0.27],[[565091,14.285987,50.448307,1],0.84],[[565113,14.047429,50.525685,1],1.04],[[565121,14.289175,50.568962,2],1.48],[[565156,14.039146,50.566669,1],4.91],[[565164,14.044498,50.406368,3],1.6],[[565211,14.263257,50.621676,1],1.59],[[565229,14.051142,50.515143,3],0.92],[[565245,14.05484,50.534078,1],0.35],[[565253,14.152928,50.372805,1],1.18],[[565318,14.127166,50.362321,2],0.61],[[565393,14.198588,50.56034,1],2.85],[[565415,13.948396,50.472089,1],1.28],[[565431,14.264579,50.50573,2],1.32],[[565458,14.032075,50.569522,1],0.62],[[565474,14.193965,50.403615,1],1.23],[[565491,14.218727,50.373201,1],2.14],[[565547,14.117546,50.45949,0],6.45],[[565555,14.260565,50.425305,4],0.51],[[565601,14.038155,50.430683,1],1.33],[[565610,14.387857,50.503633,1],1.14],[[565679,14.249643,50.363689,2],0.99],[[565695,14.037519,50.498891,1],2.7],[[565709,14.374322,50.453087,3],0.65],[[565717,14.150658,50.511102,3],1.44],[[565741,14.189878,50.503389,1],1.32],[[565768,13.990159,50.476429,2],1.11],[[565776,13.899372,50.45817,1],3.07],[[565792,14.20553,50.599744,1],4.54],[[565806,14.035645,50.463202,1],5.26],[[565814,14.34769,50.585804,3],1.25],[[565831,14.254008,50.43399,1],1.73],[[565857,14.063884,50.539512,1],2.01],[[565865,14.020198,50.510608,1],1.21],[[565873,13.955542,50.497071,0],1.85],[[565881,14.268153,50.373533,1],0.86],[[565890,14.286605,50.4833,1],1.98],[[565903,14.084782,50.462705,1],2.85],[[565938,14.091136,50.413264,1],1.29],[[565946,14.091474,50.523199,1],4.7],[[565962,14.156757,50.555387,2],3.38],[[530557,13.784625,50.45686,0],1.78],[[530565,13.876828,50.464261,0],5],[[542547,13.852757,50.347086,1],1.17],[[542555,13.735342,50.311585,0],2.22],[[542571,13.812247,50.332834,2],0.99],[[542580,13.863081,50.373356,1],0.77],[[542628,13.845324,50.361485,2],2.13],[[543012,13.912212,50.286331,0],1.28],[[543128,13.571151,50.349927,1],0.49],[[546861,13.794844,50.370197,2],0.46],[[546879,13.800031,50.312594,1],0.76],[[565971,13.803455,50.354081,4],0.59],[[565997,13.640793,50.37326,1],3.26],[[566152,13.729627,50.234257,1],1.92],[[566187,13.563098,50.277534,1],1.11],[[566217,13.730349,50.288215,1],1.58],[[566233,13.843328,50.335042,1],1.39],[[566241,13.859103,50.39887,1],3.73],[[566284,13.944037,50.403319,1],1.09],[[566314,13.426708,50.174477,2],0.7],[[566322,13.766007,50.375267,2],1.13],[[566349,13.838289,50.452574,1],0.91],[[566357,13.621573,50.293667,1],0.9],[[566411,13.642025,50.344465,0],3.57],[[566454,13.537482,50.26677,2],1.73],[[566519,13.474941,50.339745,1],0.88],[[566535,13.917056,50.295028,1],0.86],[[566551,13.959969,50.342609,2],1.1],[[566560,13.446526,50.127625,1],0.69],[[566586,13.887909,50.371926,1],0.86],[[566608,13.262884,50.216536,0],2.77],[[566616,13.41203,50.229475,3],0.52],[[566624,13.70302,50.359895,3],0.59],[[566713,13.907818,50.350713,1],0.64],[[566853,13.662622,50.28475,1],0.98],[[566870,13.563783,50.402684,1],1.66],[[566934,13.37997,50.180096,2],0.25],[[566977,13.766026,50.299412,1],0.8],[[566985,13.545886,50.327276,4],0.89],[[567027,13.633012,50.501655,5],10.76],[[567043,13.717955,50.449824,2],2.64],[[567051,13.762928,50.449262,0],11.11],[[567060,13.700283,50.543055,2],2.66],[[567078,13.390831,50.63211,0],1.35],[[567108,13.547489,50.70759,0],2.94],[[567141,13.598881,50.450149,1],3.55],[[567167,13.436834,50.606416,1],5.79],[[567175,13.547284,50.5732,2],3.56],[[567191,13.548232,50.638349,0],7.69],[[567221,13.723088,50.478686,0],4.54],[[567256,13.610342,50.598526,4],3.23],[[567264,13.657403,50.593384,3],14.2],[[567272,13.636592,50.587967,1],4.48],[[567281,13.75425,50.491802,1],5.44],[[567299,13.560308,50.462594,0],4.61],[[567311,13.598813,50.62126,3],2.58],[[567329,13.482558,50.594847,1],0.69],[[567337,13.695511,50.505083,2],3.34],[[567345,13.705297,50.499915,1],5.03],[[567353,13.652795,50.444544,0],6.41],[[567361,13.754506,50.465729,0],10.71],[[567426,13.726169,50.527718,1],4.86],[[567442,13.835384,50.644558,5],1.26],[[567451,13.775459,50.548647,4],1.19],[[567469,13.929313,50.579462,1],0.66],[[567485,13.879624,50.589151,1],0.8],[[567507,13.788947,50.681139,3],10.89],[[567515,13.746322,50.603871,3],1.65],[[567523,13.712691,50.630921,2],3.26],[[567531,13.808142,50.587806,2],0.76],[[567558,13.726873,50.659299,2],3.83],[[567566,13.785716,50.517448,2],1.19],[[567582,13.749019,50.628702,1],3.72],[[567604,13.826385,50.615093,1],2.94],[[567612,13.873166,50.560217,1],0.85],[[567621,13.755656,50.655181,3],5.24],[[567639,13.858264,50.684596,4],0.71],[[567647,13.765404,50.618346,1],2.94],[[567655,13.772139,50.585119,1],2.63],[[567710,13.895449,50.650606,2],0.36],[[567728,13.657342,50.720738,0],2.08],[[567752,13.823154,50.656439,2],2.87],[[567779,13.691488,50.622637,3],5.64],[[567787,13.836123,50.667833,3],1.73],[[567833,13.869399,50.660759,1],1.86],[[567841,13.811707,50.576236,2],1.61],[[567868,13.787596,50.605057,2],1.7],[[530620,13.920379,50.686777,1],8.17],[[546186,14.092111,50.688055,0],2.77],[[546925,14.01732,