{"reg":704,"towns":[[[545538,14.360479,50.715168,0],5.66,5,0.66],[[545708,14.314344,51.019574,1],1.42,1.17,0.25],[[545856,14.333391,50.747281,1],1.49,5.92,-4.43],[[546348,14.352834,50.820458,1],1.11,8.97,-7.86],[[562335,14.212861,50.772656,5],0.34,6.63,-6.29],[[562343,14.264055,50.837124,1],2.29,10.4,-8.11],[[562351,14.3125,50.741692,3],0.38,4.98,-4.6],[[562394,14.417784,50.797908,3],0.23,5.97,-5.74],[[562441,14.286956,50.982619,2],0.7,1.41,-0.71],[[562505,14.545731,50.881485,1],0.55],[[562530,14.483083,50.863346,2],0.92,1.54,-0.62],[[562564,14.103948,50.760925,3],0.82,8.4,-7.58],[[562611,14.510101,50.913136,3],0.24,0.45,-0.21],[[562645,14.53547,50.812746,1],0.75],[[562661,14.360332,51.011146,1],0.75],[[562718,14.169817,50.735259,1],0.82,6.32,-5.5],[[562751,14.363794,50.965179,2],0.5,0.91,-0.41],[[562777,14.555255,50.953525,4],0.27,1.17,-0.9],[[562793,14.515148,50.880068,1],0.63,0.88,-0.25],[[562858,14.452699,51.003793,3],0.29,1.61,-1.32],[[562882,14.618348,50.911648,4],0.35,2.15,-1.8],[[562891,14.396877,50.730538,1],3.7,2.67,1.03],[[562921,14.301255,50.661245,2],3.58,7.66,-4.08],[[562939,14.37384,50.784784,1],1.26,3.09,-1.83],[[546160,13.478643,50.424293,0],1.96,1.69,0.27],[[562971,13.410837,50.463598,5],0.33,9.62,-9.29],[[562998,13.358172,50.511799,1],0.56,4.24,-3.68],[[563021,13.359354,50.447783,1],0.65,8.23,-7.58],[[563048,13.172313,50.420806,0],3.12],[[563056,13.429205,50.430887,1],1.01,8.61,-7.6],[[563072,13.498471,50.387359,1],2.63,3.26,-0.63],[[563081,13.430488,50.332881,1],1.6,9.75,-8.15],[[563099,13.448885,50.500627,4],0.95,9.76,-8.81],[[563102,13.271422,50.376092,4],0.17,9.55,-9.38],[[563129,13.171393,50.384561,4],0.25,5.69,-5.44],[[563188,13.385678,50.315996,0],1.14,2.24,-1.1],[[563200,13.333493,50.446278,1],1.52,7.59,-6.07],[[563218,13.280572,50.262382,1],0.81,3.61,-2.8],[[563242,13.26742,50.447156,1],0.69,20,-19.31],[[563285,13.110315,50.381769,2],0.32,6.34,-6.02],[[563293,13.349824,50.321219,0],2.32],[[563315,13.136207,50.499571,0],2.12,4.08,-1.96],[[563323,13.284757,50.298139,2],1.15,5.34,-4.19],[[563331,13.29881,50.35328,1],2.04,9.3,-7.26],[[563340,13.391931,50.44104,2],0.57,8.57,-8],[[563358,13.530649,50.471126,1],1.1,17.21,-16.11],[[563382,13.457492,50.440706,2],0.62,13.81,-13.19],[[563404,13.032237,50.492426,3],1.03,2.91,-1.88],[[563412,13.37473,50.269771,1],1.69,4.41,-2.72],[[563439,13.312156,50.301078,1],0.95,5.55,-4.6],[[563471,13.461343,50.420047,0],2.43],[[563498,13.237511,50.466591,1],1.49,8.98,-7.49],[[563501,13.470366,50.520381,2],1.79,18.34,-16.55],[[505528,14.004486,50.483044,1],0.78,8.33,-7.55],[[530506,14.109038,50.553345,0],2.17,6.89,-4.72],[[542440,14.196615,50.480652,0],3.7],[[542539,14.069206,50.519327,0],2.89,22.66,-19.77],[[546755,14.301296,50.461941,0],4.16,11.76,-7.6],[[546763,14.253325,50.556722,0],9.52,10.9,-1.38],[[546852,14.243217,50.454495,0],2.08,10.2,-8.12],[[564567,14.130646,50.53852,4],2.31,6.08,-3.77],[[564575,14.341026,50.416252,2],0.38,5.17,-4.79],[[564591,14.150595,50.493264,3],2.88,8.48,-5.6],[[564613,14.141967,50.481073,1],1.29,9.61,-8.32],[[564621,14.145512,50.453763,2],7.41,23.47,-16.06],[[564648,14.216366,50.360615,1],3.4,9.87,-6.47],[[564656,14.126018,50.404377,2],0.49,3.13,-2.64],[[564711,14.028506,50.484284,2],2.13,12.28,-10.15],[[564729,13.908578,50.438699,1],4.59,26.08,-21.49],[[564737,13.96506,50.465654,0],9.09,33.33,-24.24],[[564745,14.29389,50.437691,1],0.55,4.29,-3.74],[[564753,14.16124,50.454991,1],5.15,6.12,-0.97],[[564818,14.190273,50.424637,1],4.3,4.23,0.07],[[564877,14.33511,50.488694,2],0.22,3.57,-3.35],[[564893,14.230906,50.462572,1],5.98,15.78,-9.8],[[564923,14.250171,50.47327,1],1.89,8.6,-6.71],[[564966,14.279353,50.552187,0],1.56,9.89,-8.33],[[565016,14.101914,50.480149,1],2.08,15.38,-13.3],[[565032,14.248831,50.392685,1],1.38,0.69,0.69],[[565067,14.301425,50.405474,1],1.37,5.12,-3.75],[[565075,13.980842,50.394622,1],1.75,15.31,-13.56],[[565083,14.21461,50.522692,2],0.27,3.45,-3.18],[[565091,14.285987,50.448307,1],0.84,8.69,-7.85],[[565113,14.047429,50.525685,1],1.04,7.22,-6.18],[[565121,14.289175,50.568962,2],1.48,3.65,-2.17],[[565156,14.039146,50.566669,1],4.91,8.87,-3.96],[[565164,14.044498,50.406368,3],1.6,6.89,-5.29],[[565211,14.263257,50.621676,1],1.59,6.09,-4.5],[[565229,14.051142,50.515143,3],0.92,9.8,-8.88],[[565245,14.05484,50.534078,1],0.35,9.23,-8.88],[[565253,14.152928,50.372805,1],1.18,2.77,-1.59],[[565318,14.127166,50.362321,2],0.61,5.43,-4.82],[[565393,14.198588,50.56034,1],2.85,5.98,-3.13],[[565415,13.948396,50.472089,1],1.28,15.1,-13.82],[[565431,14.264579,50.50573,2],1.32,4.88,-3.56],[[565458,14.032075,50.569522,1],0.62,14.13,-13.51],[[565474,14.193965,50.403615,1],1.23,2.89,-1.66],[[565491,14.218727,50.373201,1],2.14,4.8,-2.66],[[565547,14.117546,50.45949,0],6.45],[[565555,14.260565,50.425305,4],0.51,3.9,-3.39],[[565601,14.038155,50.430683,1],1.33,31.42,-30.09],[[565610,14.387857,50.503633,1],1.14,2.73,-1.59],[[565679,14.249643,50.363689,2],0.99,2.83,-1.84],[[565695,14.037519,50.498891,1],2.7,11.27,-8.57],[[565709,14.374322,50.453087,3],0.65,4.29,-3.64],[[565717,14.150658,50.511102,3],1.44,6.7,-5.26],[[565741,14.189878,50.503389,1],1.32,7.26,-5.94],[[565768,13.990159,50.476429,2],1.11,15.97,-14.86],[[565776,13.899372,50.45817,1],3.07,31.44,-28.37],[[565792,14.20553,50.599744,1],4.54,4.68,-0.14],[[565806,14.035645,50.463202,1],5.26,23.61,-18.35],[[565814,14.34769,50.585804,3],1.25,4.47,-3.22],[[565831,14.254008,50.43399,1],1.73,25.27,-23.54],[[565857,14.063884,50.539512,1],2.01,17.64,-15.63],[[565865,14.020198,50.510608,1],1.21,13.88,-12.67],[[565873,13.955542,50.497071,0],1.85,10,-8.15],[[565881,14.268153,50.373533,1],0.86,13.6,-12.74],[[565890,14.286605,50.4833,1],1.98,2.4,-0.42],[[565903,14.084782,50.462705,1],2.85,10.97,-8.12],[[565938,14.091136,50.413264,1],1.29,9.72,-8.43],[[565946,14.091474,50.523199,1],4.7,15.47,-10.77],[[565962,14.156757,50.555387,2],3.38,7.45,-4.07],[[530557,13.784625,50.45686,0],1.78,7.57,-5.79],[[530565,13.876828,50.464261,0],5,39.28,-34.28],[[542547,13.852757,50.347086,1],1.17,8.57,-7.4],[[542555,13.735342,50.311585,0],2.22,10.93,-8.71],[[542571,13.812247,50.332834,2],0.99,8.69,-7.7],[[542580,13.863081,50.373356,1],0.77,3.25,-2.48],[[542628,13.845324,50.361485,2],2.13,8.61,-6.48],[[543012,13.912212,50.286331,0],1.28,8.64,-7.36],[[543128,13.571151,50.349927,1],0.49,9.21,-8.72],[[546861,13.794844,50.370197,2],0.46,5.59,-5.13],[[546879,13.800031,50.312594,1],0.76,3.4,-2.64],[[565971,13.803455,50.354081,4],0.59,4.34,-3.75],[[565997,13.640793,50.37326,1],3.26,6,-2.74],[[566152,13.729627,50.234257,1],1.92,1.41,0.51],[[566187,13.563098,50.277534,1],1.11,7.87,-6.76],[[566217,13.730349,50.288215,1],1.58,6.51,-4.93],[[566233,13.843328,50.335042,1],1.39,8.02,-6.63],[[566241,13.859103,50.39887,1],3.73,10.18,-6.45],[[566284,13.944037,50.403319,1],1.09,10.82,-9.73],[[566314,13.426708,50.174477,2],0.7,4.38,-3.68],[[566322,13.766007,50.375267,2],1.13,3.39,-2.26],[[566349,13.838289,50.452574,1],0.91,9.83,-8.92],[[566357,13.621573,50.293667,1],0.9,13.23,-12.33],[[566411,13.642025,50.344465,0],3.57,11.66,-8.09],[[566454,13.537482,50.26677,2],1.73,4.1,-2.37],[[566519,13.474941,50.339745,1],0.88,7.04,-6.16],[[566535,13.917056,50.295028,1],0.86,3.87,-3.01],[[566551,13.959969,50.342609,2],1.1,5.1,-4],[[566560,13.446526,50.127625,1],0.69,4.06,-3.37],[[566586,13.887909,50.371926,1],0.86,10.16,-9.3],[[566608,13.262884,50.216536,0],2.77,8.88,-6.11],[[566616,13.41203,50.229475,3],0.52,3.43,-2.91],[[566624,13.70302,50.359895,3],0.59,10.64,-10.05],[[566713,13.907818,50.350713,1],0.64,3.87,-3.23],[[566853,13.662622,50.28475,1],0.98,9.52,-8.54],[[566870,13.563783,50.402684,1],1.66,14.75,-13.09],[[566934,13.37997,50.180096,2],0.25,5.56,-5.31],[[566977,13.766026,50.299412,1],0.8,4.68,-3.88],[[566985,13.545886,50.327276,4],0.89,8.74,-7.85],[[567027,13.633012,50.501655,5],10.76,39.12,-28.36],[[567043,13.717955,50.449824,2],2.64,15.61,-12.97],[[567051,13.762928,50.449262,0],11.11,18.82,-7.71],[[567060,13.700283,50.543055,2],2.66,13.04,-10.38],[[567078,