{"reg":724,"towns":[[[506737,17.711595,49.389281,2],0.39,6.11,-5.72],[[542393,17.413233,49.228329,0],3.57,3.12,0.45],[[549690,17.564472,49.361618,0],4.28,9.25,-4.97],[[549720,17.616021,49.320079,1],0.64,6.39,-5.75],[[557188,17.36013,49.254875,1],3.03,3.6,-0.57],[[587257,17.23521,49.149944,0],1.72,8.19,-6.47],[[587354,17.43461,49.230694,1],1.72,3.06,-1.34],[[587397,17.186821,49.268795,0],1.42,8.69,-7.27],[[588296,17.39948,49.291758,5],1.94,7.33,-5.39],[[588300,17.426201,49.245527,1],0.73,6.39,-5.66],[[588326,17.334894,49.329903,1],1.82,10,-8.18],[[588385,17.440825,49.351167,1],2.04,2.72,-0.68],[[588393,17.674121,49.399337,3],0.67,4.74,-4.07],[[588407,17.261484,49.172391,0],4,5.55,-1.55],[[588431,17.233486,49.292989,1],1.63,4.54,-2.91],[[588458,17.57843,49.33341,4],0.8,8.62,-7.82],[[588474,17.617522,49.301023,1],1.09,9.7,-8.61],[[588491,17.463848,49.316992,3],1.27,6.09,-4.82],[[588512,17.364618,49.35654,3],1.79,8.14,-6.35],[[588521,17.382954,49.203174,1],3.57,6.89,-3.32],[[588555,17.618744,49.35638,1],1.5,10.34,-8.84],[[588563,17.377672,49.267176,1],1.98,6.38,-4.4],[[588601,17.164435,49.10649,3],1.87,6.49,-4.62],[[588610,17.511445,49.374174,1],0.33,11.04,-10.71],[[588644,17.469853,49.242324,2],1.86,5.92,-4.06],[[588652,17.402164,49.377252,1],0.74,3.31,-2.57],[[588661,17.588001,49.273774,1],1.66,7.87,-6.21],[[588695,17.208524,49.202303,1],1.32,10.84,-9.52],[[588717,17.398055,49.220846,1],1.68,12.05,-10.37],[[588733,17.344491,49.301479,1],4.76,5.36,-0.6],[[588741,17.601188,49.310408,1],0.95,13.06,-12.11],[[588750,17.549103,49.276669,1],2.32,10.28,-7.96],[[588768,17.209733,49.249941,3],1.58,6.4,-4.82],[[588784,17.497843,49.364766,1],2.04,8.03,-5.99],[[588806,17.166004,49.203726,0],2,12.69,-10.69],[[588814,17.453821,49.210212,1],1.65,7.54,-5.89],[[588822,17.751607,49.431087,1],2.3,5.03,-2.73],[[588831,17.56585,49.379562,0],1.33,6.02,-4.69],[[588849,17.169012,49.25977,1],1.72,5.23,-3.51],[[588865,17.228235,49.271262,1],3.12,4.56,-1.44],[[588890,17.495591,49.324587,1],1.44,8.21,-6.77],[[588903,17.587212,49.379083,2],1.72,9.09,-7.37],[[588920,17.813268,49.413088,1],0.75,8.69,-7.94],[[588938,17.335656,49.2714,2],4.54,9.42,-4.88],[[588954,17.286157,49.188888,1],3.95,12.29,-8.34],[[588997,17.670437,49.377245,1],1.25,11.61,-10.36],[[589004,17.359592,49.233688,1],4.31,5.22,-0.91],[[589047,17.449702,49.257184,1],3.77,4.28,-0.51],[[589080,17.268275,49.230501,1],7.24,7.9,-0.66],[[589128,17.281547,49.28519,1],44.05,8.94,35.11],[[589136,17.693071,49.447233,1],0.8,11.19,-10.39],[[589152,17.560195,49.304651,1],0.85,15.04,-14.19],[[589161,17.352936,49.382726,1],1.24,2.94,-1.7],[[589187,17.284751,49.248989,2],5.74,7.33,-1.59],[[589195,17.319096,49.227808,2],12.63,6.61,6.02],[[589217,17.312714,49.301917,1],6.96,6.09,0.87],[[589225,17.436042,49.372004,1],0.97,4.85,-3.88],[[589233,17.604528,49.291574,1],2.17,9.04,-6.87],[[550744,17.470215,49.045088,3],1.07,8.29,-7.22],[[550752,17.433488,49.075248,3],1.99,5.79,-3.8],[[592005,17.49595,49.059897,5],1.78,6.91,-5.13],[[592013,17.476827,49.123859,2],1.85,7.07,-5.22],[[592021,17.717631,48.988113,2],0.93,2.43,-1.5],[[592030,17.549716,49.099749,2],8.58,4.72,3.86],[[592048,17.814983,49.038744,3],0.56,4.77,-4.21],[[592056,17.571104,48.934962,1],0.6,5.2,-4.6],[[592064,17.350953,49.062643,2],3.11,5.18,-2.07],[[592072,17.356023,49.094985,1],2.37,5.36,-2.99],[[592081,17.580451,49.121484,2],2.87,9.67,-6.8],[[592102,17.338628,49.086371,2],1.55,7.34,-5.79],[[592111,17.764159,48.974921,1],0.37,4.33,-3.96],[[592137,17.619917,49.10453,1],0.83,5.17,-4.34],[[592145,17.585962,48.968468,3],0.8,6.32,-5.52],[[592153,17.600184,49.047152,1],8.33,16.28,-7.95],[[592170,17.526788,48.988219,3],1.86,5.73,-3.87],[[592188,17.624276,48.933273,1],1.24,7.84,-6.6],[[592196,17.257265,49.040274,0],7.4],[[592200,17.582201,49.049868,2],30.06,29.6,0.46],[[592218,17.464577,49.108271,1],1.27,8.83,-7.56],[[592226,17.427985,49.116359,2],2.58,9.75,-7.17],[[592234,17.388585,49.154219,1],0.6,7.38,-6.78],[[592269,17.516817,49.098647,2],1.03,4.39,-3.36],[[592277,17.800925,48.99393,1],1.85,4.27,-2.42],[[592285,17.665308,48.94107,1],1.6,4.29,-2.69],[[592293,17.407042,49.045476,1],3.19,7.87,-4.68],[[592307,17.416297,49.157681,1],2.56,14.72,-12.16],[[592323,17.457274,49.131767,1],0.7,5.98,-5.28],[[592366,17.27186,49.049125,1],19.62,15.68,3.94],[[592382,17.536075,49.086778,2],0.9,7.1,-6.2],[[592391,17.403508,49.112121,1],2.63,3.42,-0.79],[[592404,17.589225,49.099385,1],0.4,5.86,-5.46],[[592412,17.38152,49.031694,2],0.75,2.52,-1.77],[[592421,17.752313,49.016782,1],0.7,2.87,-2.17],[[592439,17.647683,48.974744,3],1.08,4.4,-3.32],[[592447,17.300934,49.030686,1],2.25,6.83,-4.58],[[592455,17.467622,48.975689,2],3.44,7.3,-3.86],[[592463,17.436427,49.004438,3],4.6,11.12,-6.52],[[592471,17.249789,49.055871,1],52.6,45.5,7.1],[[592480,17.644446,49.07963,1],2.94,11.11,-8.17],[[592498,17.850785,49.038403,1],0.83,3.75,-2.92],[[592501,17.529564,49.0409,1],1.26,6.07,-4.81],[[592510,17.340746,49.033999,2],1.29,4.49,-3.2],[[592528,17.527232,49.052651,2],0.95,6.83,-5.88],[[592536,17.633144,49.069003,2],1.42,8.88,-7.46],[[592552,17.737584,49.056153,1],1.71,5.64,-3.93],[[592561,17.342876,49.140618,1],3.28,10,-6.72],[[592579,17.611677,48.946995,1],1.19,10.04,-8.85],[[592587,17.277842,49.129212,0],1.69,7.93,-6.24],[[592609,17.86312,48.965972,1],0.39,7.51,-7.12],[[592617,17.706822,48.902257,3],1.93,4.77,-2.84],[[592625,17.307593,49.05671,1],2.22,10.94,-8.72],[[592633,17.248767,49.117266,0],1.61,7.84,-6.23],[[592650,17.452331,49.122346,1],0.48,9.66,-9.18],[[592668,17.62464,49.116539,0],1.29,7.76,-6.47],[[592676,17.72216,49.028682,2],0.68,3.2,-2.52],[[592692,17.544444,49.121967,2],1.1,7.44,-6.34],[[592706,17.436325,49.130976,2],3.03,6.43,-3.4],[[592714,17.331526,49.048213,0],2.43,3.52,-1.09],[[592722,17.369935,49.084369,2],1.07,10.46,-9.39],[[592731,17.649938,49.030373,4],3.01,4.38,-1.37],[[592749,17.389953,48.985657,3],1.83,7.35,-5.52],[[592757,17.272063,49.036216,0],4.28,4.87,-0.59],[[592781,17.312035,49.034552,1],1.65,3.79,-2.14],[[592790,17.394372,49.105527,2],2.6,8.72,-6.12],[[592803,17.562531,49.037101,1],6.76,12.23,-5.47],[[592820,17.581938,49.009996,3],0.83,4.73,-3.9],[[592846,17.779332,49.022764,2],0.94,6.77,-5.83],[[592854,17.628309,49.129954,1],5.26,8.66,-3.4],[[592862,17.379491,49.074059,2],1.17,9.41,-8.24],[[592871,17.880344,48.980354,0],4.44,11.32,-6.88],[[500062,17.97427,49.465249,2],0.36],[[500071,17.943924,49.467058,2],0.2],[[541630,17.993952,49.339025,5],0.91,3.93,-3.02],[[541648,17.89306,49.461056,1],0.38,5.35,-4.97],[[541711,17.974099,49.415411,2],0.27,6.97,-6.7],[[541800,18.194298,49.455076,2],0.61,2.43,-1.82],[[542644,18.11186,49.201841,2],1.79,3.56,-1.77],[[542679,18.1476,49.317501,2],2.26,4.84,-2.58],[[542687,18.288701,49.43226,2],0.88,2.97,-2.09],[[542725,18.061103,49.181314,2],0.46,4.81,-4.35],[[542750,17.869548,49.354774,2],0.51,5.71,-5.2],[[542768,18.060734,49.303745,2],1.36,3.89,-2.53],[[542784,18.090479,49.303274,2],0.53,2.76,-2.23],[[542814,18.217836,49.429584,2],0.79,3,-2.21],[[542831,17.898722,49.495846,1],0.53,3.88,-3.35],[[542865,17.950317,49.383651,2],1.55,3.8,-2.25],[[542903,17.965972,49.444628,1],2.45,5.26,-2.81],[[542911,18.240174,49.351376,3],17.21,5.78,11.43],[[542946,17.885865,49.382193,2],0.76,4.31,-3.55],[[542989,17.815441,49.478541,3],0.24,3.58,-3.34],[[542997,17.865253,49.492821,1],1.39,0.85,0.54],[[543021,17.809991,49.444343,1],0.47,4.91,-4.44],[[543098,18.016608,49.178879,1],2.46,5.97,-3.51],[[544264,17.998777,49.284384,1],1.14,3.87,-2.73],[[544302,17.930151,49.520653,2],0.35,8.01,-7.66],[[544370,18.051411,49.20313,2],0.7,3.03,-2.33],[[544396,17.921879,49.290608,2],2.39,13.85,-11.46],[[544418,17.832764,49.438791,1],2.43,5.79,-3.36],[[544434,18.019755,49.239886,1],1.04,1.07,-0.03],[[544469,18.04863,49.409504,1],0.89,4.67,-3.78],[[544507,17.925167,49.413614,1],1.47,6.06,-4.59],[[544566,18.198046,49.337068,3],3.08,3.09,-0.01],[[544574,17.917399,49.432567,1],2.09,3.14,-1.05],[[544621,17.867653,49.45682,1],0.64,5.26,-4.62],[[544655,17.955546,49.233333,1],1.67,7.1,