{"reg":724,"towns":[[[506737,17.711595,49.389281,2],0.39],[[542393,17.413233,49.228329,0],3.57],[[549690,17.564472,49.361618,0],4.28],[[549720,17.616021,49.320079,1],0.64],[[557188,17.36013,49.254875,1],3.03],[[587257,17.23521,49.149944,0],1.72],[[587354,17.43461,49.230694,1],1.72],[[587397,17.186821,49.268795,0],1.42],[[588296,17.39948,49.291758,5],1.94],[[588300,17.426201,49.245527,1],0.73],[[588326,17.334894,49.329903,1],1.82],[[588385,17.440825,49.351167,1],2.04],[[588393,17.674121,49.399337,3],0.67],[[588407,17.261484,49.172391,0],4],[[588431,17.233486,49.292989,1],1.63],[[588458,17.57843,49.33341,4],0.8],[[588474,17.617522,49.301023,1],1.09],[[588491,17.463848,49.316992,3],1.27],[[588512,17.364618,49.35654,3],1.79],[[588521,17.382954,49.203174,1],3.57],[[588555,17.618744,49.35638,1],1.5],[[588563,17.377672,49.267176,1],1.98],[[588601,17.164435,49.10649,3],1.87],[[588610,17.511445,49.374174,1],0.33],[[588644,17.469853,49.242324,2],1.86],[[588652,17.402164,49.377252,1],0.74],[[588661,17.588001,49.273774,1],1.66],[[588695,17.208524,49.202303,1],1.32],[[588717,17.398055,49.220846,1],1.68],[[588733,17.344491,49.301479,1],4.76],[[588741,17.601188,49.310408,1],0.95],[[588750,17.549103,49.276669,1],2.32],[[588768,17.209733,49.249941,3],1.58],[[588784,17.497843,49.364766,1],2.04],[[588806,17.166004,49.203726,0],2],[[588814,17.453821,49.210212,1],1.65],[[588822,17.751607,49.431087,1],2.3],[[588831,17.56585,49.379562,0],1.33],[[588849,17.169012,49.25977,1],1.72],[[588865,17.228235,49.271262,1],3.12],[[588890,17.495591,49.324587,1],1.44],[[588903,17.587212,49.379083,2],1.72],[[588920,17.813268,49.413088,1],0.75],[[588938,17.335656,49.2714,2],4.54],[[588954,17.286157,49.188888,1],3.95],[[588997,17.670437,49.377245,1],1.25],[[589004,17.359592,49.233688,1],4.31],[[589047,17.449702,49.257184,1],3.77],[[589080,17.268275,49.230501,1],7.24],[[589128,17.281547,49.28519,1],44.05],[[589136,17.693071,49.447233,1],0.8],[[589152,17.560195,49.304651,1],0.85],[[589161,17.352936,49.382726,1],1.24],[[589187,17.284751,49.248989,2],5.74],[[589195,17.319096,49.227808,2],12.63],[[589217,17.312714,49.301917,1],6.96],[[589225,17.436042,49.372004,1],0.97],[[589233,17.604528,49.291574,1],2.17],[[550744,17.470215,49.045088,3],1.07],[[550752,17.433488,49.075248,3],1.99],[[592005,17.49595,49.059897,5],1.78],[[592013,17.476827,49.123859,2],1.85],[[592021,17.717631,48.988113,2],0.93],[[592030,17.549716,49.099749,2],8.58],[[592048,17.814983,49.038744,3],0.56],[[592056,17.571104,48.934962,1],0.6],[[592064,17.350953,49.062643,2],3.11],[[592072,17.356023,49.094985,1],2.37],[[592081,17.580451,49.121484,2],2.87],[[592102,17.338628,49.086371,2],1.55],[[592111,17.764159,48.974921,1],0.37],[[592137,17.619917,49.10453,1],0.83],[[592145,17.585962,48.968468,3],0.8],[[592153,17.600184,49.047152,1],8.33],[[592170,17.526788,48.988219,3],1.86],[[592188,17.624276,48.933273,1],1.24],[[592196,17.257265,49.040274,0],7.4],[[592200,17.582201,49.049868,2],30.06],[[592218,17.464577,49.108271,1],1.27],[[592226,17.427985,49.116359,2],2.58],[[592234,17.388585,49.154219,1],0.6],[[592269,17.516817,49.098647,2],1.03],[[592277,17.800925,48.99393,1],1.85],[[592285,17.665308,48.94107,1],1.6],[[592293,17.407042,49.045476,1],3.19],[[592307,17.416297,49.157681,1],2.56],[[592323,17.457274,49.131767,1],0.7],[[592366,17.27186,49.049125,1],19.62],[[592382,17.536075,49.086778,2],0.9],[[592391,17.403508,49.112121,1],2.63],[[592404,17.589225,49.099385,1],0.4],[[592412,17.38152,49.031694,2],0.75],[[592421,17.752313,49.016782,1],0.7],[[592439,17.647683,48.974744,3],1.08],[[592447,17.300934,49.030686,1],2.25],[[592455,17.467622,48.975689,2],3.44],[[592463,17.436427,49.004438,3],4.6],[[592471,17.249789,49.055871,1],52.6],[[592480,17.644446,49.07963,1],2.94],[[592498,17.850785,49.038403,1],0.83],[[592501,17.529564,49.0409,1],1.26],[[592510,17.340746,49.033999,2],1.29],[[592528,17.527232,49.052651,2],0.95],[[592536,17.633144,49.069003,2],1.42],[[592552,17.737584,49.056153,1],1.71],[[592561,17.342876,49.140618,1],3.28],[[592579,17.611677,48.946995,1],1.19],[[592587,17.277842,49.129212,0],1.69],[[592609,17.86312,48.965972,1],0.39],[[592617,17.706822,48.902257,3],1.93],[[592625,17.307593,49.05671,1],2.22],[[592633,17.248767,49.117266,0],1.61],[[592650,17.452331,49.122346,1],0.48],[[592668,17.62464,49.116539,0],1.29],[[592676,17.72216,49.028682,2],0.68],[[592692,17.544444,49.121967,2],1.1],[[592706,17.436325,49.130976,2],3.03],[[592714,17.331526,49.048213,0],2.43],[[592722,17.369935,49.084369,2],1.07],[[592731,17.649938,49.030373,4],3.01],[[592749,17.389953,48.985657,3],1.83],[[592757,17.272063,49.036216,0],4.28],[[592781,17.312035,49.034552,1],1.65],[[592790,17.394372,49.105527,2],2.6],[[592803,17.562531,49.037101,1],6.76],[[592820,17.581938,49.009996,3],0.83],[[592846,17.779332,49.022764,2],0.94],[[592854,17.628309,49.129954,1],5.26],[[592862,17.379491,49.074059,2],1.17],[[592871,17.880344,48.980354,0],4.44],[[500062,17.97427,49.465249,2],0.36],[[500071,17.943924,49.467058,2],0.2],[[541630,17.993952,49.339025,5],0.91],[[541648,17.89306,49.461056,1],0.38],[[541711,17.974099,49.415411,2],0.27],[[541800,18.194298,49.455076,2],0.61],[[542644,18.11186,49.201841,2],1.79],[[542679,18.1476,49.317501,2],2.26],[[542687,18.288701,49.43226,2],0.88],[[542725,18.061103,49.181314,2],0.46],[[542750,17.869548,49.354774,2],0.51],[[542768,18.060734,49.303745,2],1.36],[[542784,18.090479,49.303274,2],0.53],[[542814,18.217836,49.429584,2],0.79],[[542831,17.898722,49.495846,1],0.53],[[542865,17.950317,49.383651,2],1.55],[[542903,17.965972,49.444628,1],2.45],[[542911,18.240174,49.351376,3],17.21],[[542946,17.885865,49.382193,2],0.76],[[542989,17.815441,49.478541,3],0.24],[[542997,17.865253,49.492821,1],1.39],[[543021,17.809991,49.444343,1],0.47],[[543098,18.016608,49.178879,1],2.46],[[544264,17.998777,49.284384,1],1.14],[[544302,17.930151,49.520653,2],0.35],[[544370,18.051411,49.20313,2],0.7],[[544396,17.921879,49.290608,2],2.39],[[544418,17.832764,49.438791,1],2.43],[[544434,18.019755,49.239886,1],1.04],[[544469,18.04863,49.409504,1],0.89],[[544507,17.925167,49.413614,1],1.47],[[544566,18.198046,49.337068,3],3.08],[[544574,17.917399,49.432567,1],2.09],[[544621,17.867653,49.45682,1],0.64],[[544655,17.955546,49.233333,1],1.67],[[544671,17.961456,49.248001,1],2.2],[[544698,18.252106,49.436192,2],0.62],[[544728,17.942957,49.387569,1],0.54],[[544787,17.915097,49.367793,2],0.71],[[544841,18.143131,49.458626,4],1.15],[[544850,17.995701,49.394052,1],1.71],[[544906,17.96516,49.273311,1],1.61],[[544922,18.056978,49.458663,1],0.81],[[544931,18.083277,49.162525,1],0.64],[[544949,18.109885,49.415172,2],1.09],[[544990,17.996783,49.262249,2],1.43],[[545058,17.971237,49.471904,4],1.33],[[545112,18.053888,49.165971,1],1.05],[[545163,18.283665,49.360736,2],1.59],[[545198,18.094836,49.441612,2],1.07],[[545210,18.184136,49.443885,2],0.29],[[545236,18.044471,49.474196,3],1.01],[[545244,18.077943,49.261068,1],2.76],[[545252,18.092595,49.466126,3],4.8],[[553026,18.11706,49.225377,1],0.72],[[556866,17.958094,49.304675,1],4.32],[[570346,18.020158,49.312144,1],1.65],[[570371,18.003211,49.308336,1],2.12],[[500011,17.747486,49.218113,2],2.11],[[534811,17.77407,49.140048,0],3.7],[[535184,17.982741,49.177486,1],0.84],[[538744,17.656742,49.184965,2],1.75],[[549401,17.769364,49.129313,2],2.78],[[549436,17.568861,49.150786,1],3.93],[[549444,17.561448,49.181867,1],1.85],[[549461,17.537954,49.176665,1],3.05],[[549533,18.035541,49.154482,1],1.45],[[549550,17.883478,49.212296,1],1.11],[[549622,17.768842,49.215383,1],1.51],[[549649,17.587443,49.221167,2],1.4],[[556874,17.810083,49.105005,1],1.48],[[556980,17.91147,49.066239,1],1.5],[[557145,17.668809,49.30359,1],5.59],[[557170,17.76694,49.271025,1],3.36],[[573434,17.602533,49.169435,1],2.67],[[585068,17.662863,49.224537,5],2.58],[[585076,17.710527,49.083208,1],2.98],[[585092,17.636864,49.163201,1],1.31],[[585106,17.913427,49.222558,1],2.82],[[585114,18.022809,49.092465,3],1.06],[[585131,17.741218,48.923332,1],3.26],[[585149,17.699728,