{"reg":747,"towns":[[[530417,14.461724,50.888706,0],2.5],[[544647,14.264287,50.820934,1],2.59],[[544680,14.265378,50.860304,1],0.73],[[544701,14.231709,50.848754,0],5.55],[[545678,14.355383,50.775633,1],9.21],[[545783,14.293376,50.769646,1],4],[[545791,14.339205,50.684307,0],7.57],[[545856,14.333391,50.747281,1],1.49],[[545899,14.327018,50.725809,1],1.9],[[545929,14.340721,50.762175,1],0.91],[[546330,14.41998,50.818924,1],2.81],[[546348,14.352834,50.820458,1],1.11],[[546453,14.268547,50.810319,0],2.98],[[546496,14.256524,50.794169,1],4],[[555193,14.205036,50.696428,1],5.88],[[562335,14.212861,50.772656,5],4.62],[[562343,14.264055,50.837124,1],8.39],[[562351,14.3125,50.741692,3],3.17],[[562394,14.417784,50.797908,3],1.11],[[562408,14.193259,50.714949,1],4.02],[[562432,14.595146,50.879988,2],0.36],[[562505,14.545731,50.881485,1],1.67],[[562513,14.242617,50.87451,1],4.41],[[562521,14.303537,50.789539,1],5.06],[[562530,14.483083,50.863346,2],0.61],[[562556,14.394022,50.852494,1],0.79],[[562564,14.103948,50.760925,3],2.73],[[562572,14.57519,50.874552,1],1.11],[[562581,14.568449,50.993471,3],0.27],[[562611,14.510101,50.913136,3],0.24],[[562645,14.53547,50.812746,1],0.75],[[562700,14.270704,50.741627,1],2.32],[[562718,14.169817,50.735259,1],4.11],[[562751,14.363794,50.965179,2],1],[[562777,14.555255,50.953525,4],0.31],[[562858,14.452699,51.003793,3],0.39],[[562874,14.322006,50.701933,1],3.52],[[562882,14.618348,50.911648,4],0.23],[[562891,14.396877,50.730538,1],1.85],[[562912,14.374393,50.990885,2],0.28],[[562921,14.301255,50.661245,2],0.89],[[562939,14.37384,50.784784,1],3.79],[[562947,14.335423,50.990647,1],0.94],[[566900,14.293898,50.842265,1],3.75],[[562971,13.410837,50.463598,5],0.72],[[562998,13.358172,50.511799,1],2.25],[[563021,13.359354,50.447783,1],0.65],[[563048,13.172313,50.420806,0],3.12],[[563056,13.429205,50.430887,1],1.52],[[563072,13.498471,50.387359,1],1.75],[[563099,13.448885,50.500627,4],0.5],[[563102,13.271422,50.376092,4],0.62],[[563129,13.171393,50.384561,4],1.7],[[563188,13.385678,50.315996,0],1.14],[[563242,13.26742,50.447156,1],1.39],[[563277,13.45081,50.480923,1],2.61],[[563285,13.110315,50.381769,2],1.62],[[563315,13.136207,50.499571,0],2.12],[[563323,13.284757,50.298139,2],0.76],[[563358,13.530649,50.471126,1],0.36],[[563382,13.457492,50.440706,2],0.62],[[563404,13.032237,50.492426,3],0.77],[[530506,14.109038,50.553345,0],2.17],[[542423,14.307446,50.360924,1],2.12],[[542491,14.082115,50.543636,0],1.88],[[542521,14.082042,50.536682,0],1.75],[[546780,14.213625,50.559879,1],1.33],[[546828,14.167132,50.589503,0],12.5],[[564567,14.130646,50.53852,4],1.08],[[564575,14.341026,50.416252,2],1.16],[[564591,14.150595,50.493264,3],1.01],[[564621,14.145512,50.453763,2],1.29],[[564648,14.216366,50.360615,1],1.13],[[564656,14.126018,50.404377,2],0.49],[[564672,14.307223,50.374801,1],2.56],[[564711,14.028506,50.484284,2],2.43],[[564729,13.908578,50.438699,1],4.59],[[564737,13.96506,50.465654,0],2.27],[[564753,14.16124,50.454991,1],7.21],[[564770,14.320808,50.525222,1],1.56],[[564818,14.190273,50.424637,1],3.22],[[564842,14.10679,50.572465,1],3.29],[[564851,14.346588,50.358792,1],0.57],[[564877,14.33511,50.488694,2],1.1],[[564893,14.230906,50.462572,1],0.59],[[564923,14.250171,50.47327,1],1.89],[[564931,13.993372,50.463209,0],11.11],[[564940,14.085254,50.439891,1],0.78],[[564958,14.000996,50.548326,1],3.57],[[565024,14.006583,50.43154,1],1.43],[[565032,14.248831,50.392685,1],4.16],[[565075,13.980842,50.394622,1],3.5],[[565083,14.21461,50.522692,2],2.5],[[565113,14.047429,50.525685,1],1.04],[[565121,14.289175,50.568962,2],0.74],[[565164,14.044498,50.406368,3],1.6],[[565211,14.263257,50.621676,1],1.59],[[565229,14.051142,50.515143,3],0.87],[[565237,14.085804,50.501745,1],2.1],[[565245,14.05484,50.534078,1],2.85],[[565253,14.152928,50.372805,1],0.39],[[565296,14.11933,50.526999,0],2.38],[[565318,14.127166,50.362321,2],0.61],[[565393,14.198588,50.56034,1],0.95],[[565415,13.948396,50.472089,1],4.7],[[565431,14.264579,50.50573,2],0.33],[[565458,14.032075,50.569522,1],1.87],[[565474,14.193965,50.403615,1],1.23],[[565482,14.351181,50.461398,1],1.81],[[565491,14.218727,50.373201,1],0.71],[[565521,14.068389,50.41107,1],1.7],[[565555,14.260565,50.425305,4],4.16],[[565601,14.038155,50.430683,1],2.66],[[565610,14.387857,50.503633,1],0.57],[[565679,14.249643,50.363689,2],4.31],[[565695,14.037519,50.498891,1],0.45],[[565709,14.374322,50.453087,3],0.25],[[565717,14.150658,50.511102,3],0.57],[[565741,14.189878,50.503389,1],1.32],[[565768,13.990159,50.476429,2],10.22],[[565776,13.899372,50.45817,1],1.53],[[565792,14.20553,50.599744,1],0.75],[[565814,14.34769,50.585804,3],0.62],[[565831,14.254008,50.43399,1],1.73],[[565849,13.976864,50.53909,2],5.87],[[565857,14.063884,50.539512,1],2.01],[[565881,14.268153,50.373533,1],1.73],[[565903,14.084782,50.462705,1],1.42],[[565938,14.091136,50.413264,1],1.29],[[565962,14.156757,50.555387,2],1.56],[[530557,13.784625,50.45686,0],7.14],[[530565,13.876828,50.464261,0],15],[[530581,13.494015,50.308851,1],1.58],[[542547,13.852757,50.347086,1],1.17],[[542571,13.812247,50.332834,2],2.32],[[542628,13.845324,50.361485,2],0.8],[[546011,13.747256,50.320403,1],0.47],[[546429,13.829608,50.408357,0],2.77],[[546861,13.794844,50.370197,2],2.32],[[546879,13.800031,50.312594,1],2.29],[[546887,13.842119,50.368582,0],2.73],[[565971,13.803455,50.354081,4],2.54],[[565997,13.640793,50.37326,1],3.26],[[566152,13.729627,50.234257,1],0.64],[[566187,13.563098,50.277534,1],0.55],[[566233,13.843328,50.335042,1],4.19],[[566241,13.859103,50.39887,1],6.54],[[566284,13.944037,50.403319,1],2.73],[[566314,13.426708,50.174477,2],0.35],[[566322,13.766007,50.375267,2],1.13],[[566349,13.838289,50.452574,1],2.75],[[566357,13.621573,50.293667,1],1.8],[[566403,13.680972,50.300702,1],2.29],[[566411,13.642025,50.344465,0],5.35],[[566438,13.313301,50.132182,2],0.28],[[566454,13.537482,50.26677,2],1.73],[[566501,13.313325,50.218181,1],1.21],[[566519,13.474941,50.339745,1],2.65],[[566551,13.959969,50.342609,2],0.94],[[566578,13.703895,50.250358,1],0.91],[[566586,13.887909,50.371926,1],8.69],[[566616,13.41203,50.229475,3],0.6],[[566624,13.70302,50.359895,3],0.82],[[566659,13.779373,50.411665,1],4],[[566713,13.907818,50.350713,1],0.64],[[566721,13.848572,50.308774,1],1.57],[[566829,13.886229,50.315391,1],6],[[566853,13.662622,50.28475,1],0.49],[[566870,13.563783,50.402684,1],5],[[566926,13.907083,50.32262,0],2],[[566951,13.670442,50.394975,1],3.73],[[566977,13.766026,50.299412,1],0.8],[[566985,13.545886,50.327276,4],0.94],[[567019,13.540101,50.367513,1],2.5],[[567027,13.633012,50.501655,5],1.39],[[567043,13.717955,50.449824,2],0.37],[[567051,13.762928,50.449262,0],3.17],[[567060,13.700283,50.543055,2],1.77],[[567141,13.598881,50.450149,1],0.59],[[567175,13.547284,50.5732,2],0.41],[[567191,13.548232,50.638349,0],2.56],[[567221,13.723088,50.478686,0],7.57],[[567248,13.63312,50.454552,0],3.7],[[567256,13.610342,50.598526,4],1.03],[[567264,13.657403,50.593384,3],0.77],[[567272,13.636592,50.587967,1],0.64],[[567281,13.75425,50.491802,1],0.68],[[567302,13.665101,50.574142,1],1.73],[[567311,13.598813,50.62126,3],1.29],[[567329,13.482558,50.594847,1],0.69],[[567345,13.705297,50.499915,1],0.71],[[567426,13.726169,50.527718,1],3.47],[[546909,13.885519,50.528228,0],12.24],[[567442,13.835384,50.644558,5],2.51],[[567451,13.775459,50.548647,4],3.87],[[567469,13.929313,50.579462,1],4.63],[[567477,13.8643,50.628776,2],2.12],[[567485,13.879624,50.589151,1],1.61],[[567507,13.788947,50.681139,3],1.05],[[567515,13.746322,50.603871,3],1.04],[[567523,13.712691,50.630921,2],3.62],[[567531,13.808142,50.587806,2],13.68],[[567558,13.726873,50.659299,2],1.72],[[567566,13.785716,50.517448,2],2.77],[[567582,13.749019,50.628702,1],2.32],[[567604,13.826385,50.615093,1],1.47],[[567612,13.873166,50.560217,1],8.58],[[567621,13.755656,50.655181,3],2.7],[[567639,13.858264,50.684596,4],0.98],[[567647,13.765404,50.618346,1],2.2],[[567655,13.772139,50.585119,1],2.63],[[567698,13.818088,50.480523,1],52.56],