{"reg":764,"towns":[[[546232,14.45693,50.655449,0],2.56],[[561380,14.539799,50.67862,5],0.27],[[561444,14.703495,50.729288,2],0.33],[[561495,14.654377,50.565945,3],0.07],[[561533,14.540343,50.540444,2],0.74],[[561681,14.472979,50.773693,3],0.22],[[561720,14.392521,50.632503,1],0.69],[[561835,14.724956,50.655768,3],0.14],[[561860,14.555664,50.757714,4],0.09],[[561878,14.442254,50.765514,1],0.54],[[561983,14.601372,50.617925,1],0.59],[[562025,14.53067,50.745217,2],0.21],[[562131,14.596917,50.7919,1],0.99],[[563510,15.170414,50.722153,5],0.03],[[563668,15.365424,50.759359,1],0.32],[[563781,15.115859,50.698552,1],0.35],[[563811,15.246502,50.738301,3],0.1],[[563820,15.307982,50.737629,3],0.13],[[563838,15.315498,50.713834,3],0.15],[[563871,15.254186,50.64284,3],0.16],[[544604,15.111598,50.640548,0],1.56],[[545996,15.050573,51.004564,1],1.08],[[561631,14.760633,50.765382,3],0.1],[[563889,15.054439,50.76638,6],0.02],[[563901,15.035522,50.664931,1],0.36],[[563960,14.996287,50.661116,3],0.24],[[564028,15.079851,50.921496,3],0.09],[[564095,14.844658,50.852892,3],0.04],[[564117,14.968947,50.817027,3],0.05],[[564184,14.901417,50.73858,1],0.41],[[564231,15.056405,50.831733,2],0.21],[[564354,15.084005,50.578232,2],0.27],[[564494,15.02506,50.966732,2],0.27],[[573418,15.533412,50.580946,1],1.1],[[576964,15.328241,50.605258,3],0.23],[[577197,15.506637,50.608996,3],0.18],[[577316,15.19435,50.591643,2],0.18],[[577626,15.156909,50.587385,4],0.08],[[577651,15.487779,50.630181,1],0.31],[[577693,15.401633,50.685688,2],0.19]],"districts":[["CZ0511",0.18,0.21,-0.03],["CZ0512",0.05,0.38,-0.33],["CZ0513",0.05,0.45,-0.4],["CZ0514",0.08,0.43,-0.35]],"regions":[["CZ051",null]]}