{"reg":785,"towns":[[[553425,12.931243,49.439803,4],0.53],[[553441,12.717718,49.591261,2],0.29],[[553450,12.989366,49.500115,2],1.47],[[553506,12.995414,49.586461,0],5.26],[[553549,12.858904,49.369488,1],1.47],[[553557,12.786498,49.446373,1],2.08],[[553581,12.872799,49.455812,1],0.68],[[553620,13.074684,49.53414,1],1.26],[[553654,13.101403,49.593721,3],0.82],[[553662,13.101163,49.569701,0],1.25],[[553671,12.944527,49.530286,3],0.73],[[553689,12.771578,49.559821,2],0.42],[[553735,12.830346,49.418088,1],0.51],[[553743,13.083271,49.358456,1],1.58],[[553751,12.956921,49.453663,1],1.61],[[553786,13.040638,49.390348,3],0.61],[[553794,12.814835,49.434948,2],0.79],[[553816,13.108876,49.486895,1],1.27],[[553824,13.002193,49.402659,2],0.89],[[553832,13.021618,49.53926,0],1.78],[[553841,13.073059,49.590322,1],0.72],[[553948,12.980829,49.467066,1],0.92],[[553981,12.951311,49.403252,2],0.58],[[554031,12.933341,49.420508,0],1.42],[[554057,12.805087,49.477383,0],1.35],[[554120,13.133597,49.343523,1],0.56],[[554138,12.806891,49.458386,2],0.3],[[554260,13.118703,49.508409,1],1.19],[[554294,13.06931,49.553835,3],1.18],[[554316,12.913028,49.414854,0],5.68],[[554359,12.845635,49.420341,1],0.68],[[554464,13.002035,49.434161,1],0.33],[[566080,13.021847,49.585171,0],33.33],[[566098,12.99704,49.615661,0],1.88],[[566101,13.048969,49.585019,0],2.63],[[566136,13.04969,49.382698,1],0.79],[[566292,12.764531,49.49683,0],2.77],[[566331,12.771387,49.505677,0],8.33],[[566365,13.131214,49.527617,1],1.12],[[566373,12.914379,49.389227,0],3.44],[[541753,13.228504,49.491162,0],1.21],[[541796,13.6748,49.28948,0],1.69],[[541915,13.378436,49.390514,0],6.25],[[541923,13.61746,49.348864,0],2.08],[[542148,13.499417,49.024173,0],4.44],[[542172,13.294553,49.501992,0],1.33],[[555771,13.295194,49.395655,4],0.88],[[555797,13.312677,49.301709,1],1.84],[[555801,13.297971,49.3795,1],2.67],[[555835,13.361712,49.410002,1],2.24],[[555894,13.58477,49.283469,1],0.87],[[556041,13.171052,49.27441,1],1.83],[[556076,13.50936,49.196383,1],2.85],[[556254,13.701106,49.320794,3],1.14],[[556301,13.498603,49.261381,2],1],[[556319,13.596547,49.323206,1],3.25],[[556335,13.717463,49.405001,1],0.81],[[556378,13.17397,49.466785,1],1.65],[[556394,13.218239,49.345257,2],0.99],[[556432,13.556264,49.143,2],0.26],[[556467,13.439106,49.299057,2],0.46],[[556629,13.652357,49.330621,1],1.31],[[556637,13.402993,49.480195,2],0.38],[[556718,13.357005,49.360477,2],0.36],[[556726,13.454904,49.275464,0],4.83],[[556734,13.572532,49.414314,1],0.91],[[556751,13.546557,49.331486,2],1.07],[[556831,13.143639,49.293979,3],1.47],[[556921,13.440898,49.218758,1],0.46],[[556955,13.471166,49.390036,2],1.05],[[557005,13.354485,49.447575,1],0.81],[[557021,13.515272,49.14064,1],1.53],[[557099,13.684205,49.207905,1],2.04],[[557129,13.640501,49.179345,1],1.19],[[557137,13.246341,49.30337,2],2.47],[[557153,13.520509,49.231776,4],0.82],[[557161,13.739694,49.371445,1],0.75],[[557200,13.284281,49.481466,2],1.69],[[557382,13.701518,49.365032,1],1.14],[[557455,13.29636,49.345613,1],1.37],[[557528,13.235305,49.137543,2],2.4],[[557544,13.627949,49.267334,1],0.56],[[566055,13.271216,49.525544,1],2.5],[[578061,13.347004,49.422439,0],2.43],[[578240,13.160547,49.215418,0],5.71],[[578321,13.457818,49.417621,0],2.22],[[578436,13.744269,49.38787,0],2.17],[[578461,13.254671,49.488506,0],3.7],[[578525,13.707375,49.249661,0],3.84],[[539741,13.426875,49.649772,1],1.62],[[540561,13.465091,49.730543,1],6.53],[[540641,13.524657,49.715159,1],8.04],[[545970,13.373737,49.738531,5],1.69],[[545988,13.373737,49.738531,5],2.06],[[546003,13.373737,49.738531,5],1.46],[[546208,13.373737,49.738531,4],1.55],[[553590,13.477167,49.655024,0],4.16],[[554731,13.373737,49.738531,2],1.33],[[554758,13.373737,49.738531,2],1.66],[[554766,13.373737,49.738531,1],2.93],[[554774,13.373737,49.738531,2],2.36],[[554791,13.373737,49.738531,6],1.72],[[557846,13.476053,49.643095,1],1.41],[[557978,13.373737,49.738531,2],4.93],[[558001,13.448442,49.6693,2],3.07],[[558141,13.519727,49.640535,2],0.21],[[558371,13.47361,49.697786,3],2.25],[[558427,13.504047,49.675659,3],1.44],[[558460,13.509931,49.719174,1],6.87],[[558851,13.491611,49.777455,2],1.82],[[558966,13.49369,49.793305,2],0.64],[[559130,13.486312,49.753353,1],3.64],[[559199,13.373737,49.738531,1],1.28],[[530131,13.244478,49.59986,0],2.29],[[530182,13.530832,49.630078,1],1.83],[[539783,13.274335,49.579961,1],4.2],[[540064,13.100966,49.638638,0],5.88],[[540102,13.728163,49.426677,0],2.77],[[540293,13.220352,49.544137,0],2.08],[[540412,13.396669,49.624495,0],2.19],[[540421,13.368061,49.547925,0],4.34],[[542296,13.316677,49.531654,0],1.26],[[546399,13.725854,49.622664,0],5.66],[[557587,13.540199,49.582303,3],2.14],[[557641,13.397992,49.648043,1],1.47],[[557650,13.683496,49.540479,1],0.38],[[557668,13.264653,49.60493,1],0.84],[[557676,13.293177,49.654933,3],0.71],[[557684,13.34434,49.602031,1],3.95],[[557722,13.386298,49.531575,1],3.53],[[557749,13.756199,49.439432,0],1.26],[[557773,13.479305,49.605305,0],6.94],[[557781,13.313337,49.632666,2],1.15],[[557803,13.520152,49.547648,1],4.45],[[557838,13.202822,49.65419,3],1.04],[[557862,13.740706,49.462805,2],0.53],[[557897,13.576777,49.50201,0],1.75],[[557943,13.577065,49.446183,0],5.76],[[557951,13.455391,49.540003,1],2],[[558010,13.608016,49.562286,0],5.71],[[558028,13.315847,49.546752,1],1.44],[[558052,13.605014,49.469232,1],1.36],[[558061,13.735393,49.506411,1],0.49],[[558095,13.62585,49.434661,0],1.56],[[558109,13.582361,49.48627,3],0.88],[[558125,13.515683,49.441098,1],0.44],[[558176,13.683735,49.579685,1],1.11],[[558249,13.333607,49.573091,3],1.57],[[558257,13.33946,49.562138,2],0.63],[[558290,13.249019,49.538655,1],1.02],[[558303,13.4146,49.579972,1],2.16],[[558311,13.504999,49.588075,1],3.44],[[558346,13.239149,49.576294,1],0.62],[[558362,13.605669,49.613815,3],0.38],[[558389,13.164846,49.639199,3],0.88],[[558401,13.458498,49.611889,1],2.27],[[558435,13.399739,49.670623,2],1.83],[[558486,13.382148,49.677894,1],0.94],[[558494,13.119336,49.661704,1],2.17],[[558567,13.249051,49.645645,1],3.41],[[558583,13.519921,49.607059,1],3.92],[[558591,13.186446,49.578482,1],1.21],[[558605,13.572958,49.551092,1],2.01],[[558630,13.489551,49.483512,1],1.2],[[578541,13.507696,49.521192,0],1.23],[[578614,13.62662,49.492585,0],5.4],[[530221,13.103241,49.728607,0],6.06],[[530247,13.399461,50.016105,0],1.72],[[530328,13.103784,49.813006,0],6.25],[[538183,13.126409,49.732444,0],7.4],[[553603,13.643134,49.960729,0],9.09],[[558672,13.156096,49.719824,1],1.35],[[558699,13.302879,49.885275,0],2.08],[[558745,13.429819,49.828513,1],2.33],[[558770,13.468475,49.88466,1],1.52],[[558796,13.273369,49.896264,1],1.14],[[558834,13.448829,49.797516,1],2.43],[[558869,13.089275,49.709118,2],1.12],[[558877,13.264218,49.889081,1],2.3],[[558885,13.355689,49.84023,3],3.24],[[558915,13.44157,49.849175,2],1.29],[[558931,13.26323,49.939841,0],0.8],[[558940,13.317774,49.793052,2],1.47],[[558974,13.646002,49.97192,0],4.76],[[558982,13.474387,49.872569,0],1.51],[[558991,13.512774,49.870714,0],3.7],[[559008,13.383058,49.893239,3],1.15],[[559024,13.464495,49.943303,0],1.85],[[559041,13.542516,49.931343,1],2.28],[[559059,13.252214,49.763902,2],1.77],[[559067,13.541176,49.993998,2],1.12],[[559075,13.487584,49.982024,3],1.43],[[559083,13.30535,49.872448,1],0.79],[[559091,13.055063,49.926348,0],3.12],[[559121,13.237025,49.862066,0],2.7],[[559148,13.328535,49.821738,1],1.21],[[559164,13.257039,49.694828,3],1.91],[[559202,13.233304,49.991884,2],0.27],[[559211,13.251189,49.77598,2],1.48],[[559237,13.364505,49.985347,1],0.54],[[559245,13.312306,49.895538,1],2.23],[[559261,13.164739,49.974944,1],0.5],[[559288,13.274982,49.822935,1],1.88],[[559300,13.204705,49.712816,3],2.4],[[559318,13.413718,49.889575,1],0.53],[[559334,13.102822,49.840507,1],1.43],[[559351,13.390465,49.934598,3],0.55],[[559369,13.17685,49.774084,1],1.53],[[559377,13.121864,49.778992,1],0.64],[[559393,13.126957,49.702736,1],1.75],[[559423,13.146015,49.730821,1],1.44],[[559431,13.373838,