{"reg":792,"towns":[[[529729,14.33126,48.957506,0],4.16],[[535206,14.525035,48.968311,3],0.43],[[535231,14.600707,48.880718,0],1.42],[[535249,14.407512,49.019337,1],2.45],[[535346,14.487974,48.901535,1],2.94],[[535401,14.646319,49.149418,0],1.28],[[535460,14.359977,48.933382,0],2.27],[[535494,14.507364,49.01349,1],0.61],[[535575,14.334947,48.948248,0],2.12],[[535648,14.52874,48.920709,1],1.88],[[535699,14.754708,48.847072,1],1.05],[[535761,14.569321,48.99562,1],0.92],[[535826,14.539603,49.000624,1],1.16],[[535991,14.335259,49.045975,1],0.46],[[544256,14.480355,48.975758,5],0.58],[[544272,14.500984,49.023491,2],0.51],[[544281,14.642367,48.898704,3],0.15],[[544299,14.434092,48.921882,2],0.16],[[544361,14.309399,49.108733,1],1.27],[[544388,14.58137,49.170963,2],0.43],[[544426,14.346061,49.142904,2],0.21],[[544442,14.360478,48.976295,2],0.77],[[544485,14.434371,49.052354,3],0.31],[[544493,14.429572,48.939,2],0.76],[[544515,14.735114,48.761347,2],8.4],[[544523,14.476024,49.037403,1],1.96],[[544540,14.868392,48.83852,0],3.92],[[544558,14.478672,49.019035,2],0.72],[[544591,14.387621,49.296087,1],0.45],[[544639,14.726899,48.889587,1],0.63],[[544663,14.446481,48.897635,2],0.76],[[544736,14.618133,48.932311,2],0.26],[[544744,14.683706,48.969727,1],0.65],[[544779,14.608479,49.016073,3],0.28],[[544795,14.451559,48.962172,3],0.11],[[544809,14.527609,48.824304,1],0.42],[[544817,14.69925,48.940569,1],0.72],[[544868,14.778483,48.789733,3],2.33],[[544884,14.704931,48.84133,1],0.5],[[544981,14.541889,48.993496,3],0.35],[[545023,14.615065,48.797949,1],0.55],[[545066,14.541407,48.948161,3],0.61],[[545074,14.521073,48.945486,2],0.46],[[545082,14.569486,48.899683,1],0.59],[[545091,14.527777,48.890503,0],3.79],[[545104,14.508621,48.824139,1],1.8],[[545121,14.572298,49.100158,2],0.22],[[545139,14.653443,49.00193,1],4.23],[[545171,14.639338,48.842418,3],0.56],[[545201,14.42067,49.223502,3],0.66],[[545228,14.453933,48.923831,2],1.29],[[545261,14.376014,48.917453,1],0.41],[[545287,14.35799,49.217064,2],0.3],[[545317,14.26727,48.990054,1],0.89],[[545341,14.366234,49.066188,3],0.31],[[545368,14.334957,49.002908,1],0.84],[[545376,14.708287,48.806971,1],2.46],[[545384,14.510527,49.20382,1],0.47],[[551490,14.395791,48.978807,0],1.23],[[598607,14.56456,48.983725,1],0.72],[[513661,14.24726,48.948418,1],0.95],[[536229,14.395976,48.870362,0],4.54],[[536296,14.287135,48.678126,0],3.03],[[545392,14.317566,48.812835,4],0.35],[[545406,14.627471,48.729507,2],3.27],[[545414,14.556987,48.790089,1],0.39],[[545457,14.110637,48.738072,1],0.47],[[545473,14.409805,48.855526,2],0.55],[[545481,14.165732,48.661044,2],1.01],[[545490,14.321188,48.890096,2],0.51],[[545511,14.032672,48.767465,2],0.77],[[545546,14.211239,48.854119,2],1.95],[[545554,14.258692,48.810921,2],0.24],[[545562,14.496373,48.738589,3],0.42],[[545571,14.305777,48.90507,3],0.24],[[545619,14.576875,48.686212,2],0.75],[[545694,14.647748,48.670025,0],2.17],[[545821,14.462614,48.829589,3],0.53],[[545830,14.286258,48.774351,3],0.87],[[545848,14.311919,48.616082,3],0.34],[[545872,14.40728,48.794137,1],0.86],[[598623,14.407373,48.834818,1],1.09],[[507784,14.915123,49.143619,0],1.78],[[508152,15.156956,49.140007,1],0.68],[[508501,14.756284,49.063083,1],4.72],[[509078,14.904124,49.084695,1],0.63],[[509141,14.900629,48.852822,1],0.81],[[545881,15.006239,49.144582,4],0.62],[[546020,15.589973,49.087277,0],7.27],[[546038,15.531006,49.076348,1],0.99],[[546089,14.963775,48.768608,3],1.72],[[546097,15.324472,49.068454,1],0.37],[[546101,15.073772,49.060706,1],0.46],[[546127,15.434304,49.07992,3],0.42],[[546305,15.28546,49.129602,0],2.22],[[546461,14.928089,48.96245,2],5],[[546500,15.06744,49.189995,2],1.01],[[546542,14.853256,49.184882,2],0.56],[[546623,14.970283,49.074391,1],0.7],[[546674,14.717374,49.084786,2],0.4],[[546801,15.072705,49.239453,2],0.76],[[546844,14.82226,49.081103,1],1],[[546917,15.462488,48.965043,1],1.26],[[547069,14.933012,48.879314,1],6.36],[[547166,15.351639,48.997636,2],0.47],[[547263,15.286981,49.185258,2],0.26],[[547280,14.877056,48.893435,3],4.63],[[547336,14.764232,49.003615,3],1.97],[[561045,14.682477,49.076158,0],2.32],[[561061,15.028473,49.172879,0],1.66],[[561070,14.901411,49.049781,0],1.85],[[562378,14.952798,48.979627,0],1.88],[[562386,14.913529,48.949506,1],6],[[562467,15.022153,49.110604,1],0.94],[[562602,14.988276,49.101227,0],2],[[562807,14.915223,48.85324,0],3.84],[[562840,14.739869,48.971783,1],1.86],[[549240,14.158129,49.303554,5],0.78],[[549304,14.33964,49.402569,1],0.81],[[549321,14.055739,49.418097,0],1.78],[[549339,14.069328,49.465681,1],0.37],[[549347,14.093158,49.356861,2],1.51],[[549363,14.048531,49.29535,1],0.39],[[549380,14.04237,49.333979,1],0.6],[[549410,14.33498,49.52294,1],3.84],[[549452,14.427673,49.52356,2],0.34],[[549509,14.211859,49.49999,1],0.78],[[549517,14.278199,49.517705,2],0.38],[[549541,14.245724,49.434342,0],1.33],[[549576,14.360109,49.450998,3],0.21],[[549771,14.217277,49.199591,3],0.31],[[549827,14.101842,49.240999,1],2.19],[[549843,14.418256,49.428755,2],0.49],[[549878,14.087266,49.447708,1],1.14],[[562211,14.142696,49.439009,0],3.38],[[598801,14.275882,49.425542,0],2.04],[[598844,14.211797,49.365671,0],4.16],[[537195,13.939516,49.028068,0],6.89],[[537420,14.231802,49.01045,0],2.94],[[545902,13.659961,48.989939,1],1.53],[[550094,14.0001,49.01101,4],0.27],[[550116,13.816441,49.09618,1],1.4],[[550159,13.934788,49.115542,1],1.51],[[550167,13.829161,49.115134,2],0.23],[[550230,13.987074,49.055065,2],0.29],[[550361,14.149903,48.994897,2],0.43],[[550442,14.197098,49.049406,3],0.29],[[550515,13.666687,49.1019,2],0.68],[[550523,13.821516,48.859471,0],1.69],[[550540,14.055317,49.084131,2],0.51],[[550621,13.729209,49.13697,2],0.25],[[550671,13.886674,48.908916,3],0.54],[[550701,13.978153,48.942727,1],1.78],[[550728,13.697479,49.084672,2],0.24],[[561568,13.645759,49.038803,0],4.16],[[530034,14.150308,49.132595,1],1.36],[[536601,13.827677,49.465172,0],1.78],[[536792,13.892282,49.218622,0],3.33],[[536890,13.952507,49.488972,0],2.43],[[536911,14.135183,49.188696,0],3.57],[[550787,13.910408,49.260504,4],0.31],[[550809,14.079028,49.121951,2],1.66],[[550850,13.881864,49.424993,3],0.11],[[550922,14.020488,49.25292,1],0.46],[[550949,13.975181,49.155339,0],1.66],[[550965,14.230951,49.153152,1],0.9],[[551155,13.89714,49.333292,1],1.17],[[551201,13.830458,49.273591,2],0.24],[[551261,13.804051,49.227936,0],1.61],[[551333,14.193459,49.114439,1],0.72],[[551635,13.935156,49.132138,1],1.51],[[551643,13.974442,49.277278,1],2.41],[[551660,13.930344,49.31645,2],0.49],[[551791,13.75606,49.297703,1],0.43],[[551856,14.005988,49.267249,1],0.51],[[551953,14.175231,49.147997,3],0.76],[[551970,13.886339,49.165886,3],0.56],[[561690,14.061257,49.11119,0],9.09],[[598909,13.99296,49.183483,0],2.32],[[549631,14.479339,49.502815,1],1.04],[[552046,14.677566,49.413089,5],0.44],[[552054,14.468202,49.295336,3],0.47],[[552241,14.850632,49.435483,1],0.98],[[552321,14.621315,49.295598,1],0.98],[[552461,14.677049,49.478132,2],0.4],[[552534,14.527704,49.485634,2],0.16],[[552666,14.578788,49.364014,2],0.17],[[552704,14.808669,49.53323,3],0.48],[[552721,14.7457,49.299224,1],1.26],[[552801,14.481477,49.396884,2],0.4],[[552828,14.701577,49.354541,3],0.17],[[552976,14.44584,49.350249,0],1.44],[[553069,14.684908,49.385291,3],0.12],[[553077,14.695306,49.303479,1],1.32],[[553271,14.699294,49.186616,3],0.17],[[553310,14.725326,49.151291,0],1.96],[[553417,14.646734,49.318442,1],0.33],[[559016,14.640664,49.452054,0],2.17],[[562866,14.612918,49.213602,0],2.43],[[563625,14.466726,49.332597,0],3.33],[[599042,14.616671,49.38703,1],2.98],[[599123,14.68458,49.34038,1],0.78],[[506737,17.711595,49.389281,2],0.19],[[549690,17.564472,49.361618,0],1.42],[[553905,17.678364,49.428534,1],1.9],[[588296,17.39948,49.291758,5],0.22],[[588393,17.674121,49.399337,3],0.63],[[588458,17.57843,49.33341,4],0.17],[[588491,17.463848,49.316992,3],0.37],[[588512,17.364618,49.35654,3],0.38],[[588598,17.780479,49.434675,1],0.86],[[588601,17.164435,49.10649,3],0.28],