{"reg":103,"towns":[[[513890,14.619672,50.563681,0],5.36],[[514276,14.719254,50.680046,1],1.05],[[544337,14.838293,50.702975,1],0.82],[[561380,14.539799,50.67862,5],0.16],[[561444,14.703495,50.729288,2],0.64],[[561479,14.633019,50.777293,3],0.18],[[561495,14.654377,50.565945,3],0.14],[[561533,14.540343,50.540444,2],0.22],[[561541,14.808823,50.726074,1],0.47],[[561584,14.493073,50.618099,1],0.72],[[561681,14.472979,50.773693,3],0.1],[[561720,14.392521,50.632503,1],0.91],[[561835,14.724956,50.655768,3],1.85],[[561851,14.746964,50.692151,1],2.2],[[561860,14.555664,50.757714,4],0.27],[[561878,14.442254,50.765514,1],0.88],[[561886,14.671066,50.527594,1],0.99],[[561894,14.527685,50.766932,1],1.27],[[561983,14.601372,50.617925,1],0.52],[[562017,14.80363,50.58629,2],2.07],[[562092,14.801127,50.702903,3],0.65],[[562262,14.645335,50.684854,3],0.11],[[563510,15.170414,50.722153,5],0.17],[[563552,15.313862,50.75481,3],0.24],[[563561,15.303285,50.68764,1],0.53],[[563595,15.169244,50.772141,2],0.43],[[563609,15.136637,50.627796,2],0.22],[[563617,15.295375,50.670963,0],1.56],[[563668,15.365424,50.759359,1],0.3],[[563706,15.195534,50.646408,2],0.18],[[563749,15.236038,50.687791,2],0.29],[[563757,15.317471,50.703338,2],0.33],[[563790,15.149898,50.683891,3],0.33],[[563811,15.246502,50.738301,3],0.27],[[563820,15.307982,50.737629,3],0.19],[[563838,15.315498,50.713834,3],0.14],[[563871,15.254186,50.64284,3],0.05],[[530468,15.075978,50.711714,1],0.33],[[544345,15.017139,50.701762,1],0.59],[[544477,15.026936,50.791093,2],0.45],[[544531,15.100281,50.592605,1],1.42],[[544582,15.082181,50.626455,1],0.78],[[545996,15.050573,51.004564,1],2.17],[[546631,15.222203,50.873842,1],5],[[556891,15.054439,50.76638,3],0.8],[[556904,15.054439,50.76638,0],0.49],[[563889,15.054439,50.76638,6],0.51],[[563901,15.035522,50.664931,1],0.31],[[563960,14.996287,50.661116,3],0.34],[[564028,15.079851,50.921496,3],0.78],[[564044,15.181785,50.877301,3],0.54],[[564061,15.08996,50.665963,3],0.3],[[564079,15.201599,50.965564,0],1.27],[[564095,14.844658,50.852892,3],0.21],[[564117,14.968947,50.817027,3],0.16],[[564133,15.249643,50.960916,1],0.61],[[564231,15.056405,50.831733,2],0.35],[[564265,15.229539,50.925011,3],0.23],[[564354,15.084005,50.578232,2],0.52],[[564371,15.114757,50.904256,3],0.52],[[564397,14.818942,50.789106,1],0.38],[[564401,15.034217,50.605,0],2.86],[[564427,14.986005,50.711344,1],0.27],[[564435,15.043456,50.587332,1],1.08],[[564451,15.088809,50.626916,0],1.27],[[564460,15.052732,50.706477,2],0.19],[[564516,15.052112,50.618816,1],0.68],[[576964,15.328241,50.605258,3],0.38],[[576981,15.548272,50.666433,2],0.62],[[576999,15.368478,50.603258,1],0.31],[[577073,15.421312,50.613238,1],0.43],[[577081,15.431521,50.772186,2],10.24],[[577120,15.571571,50.608357,2],0.93],[[577162,15.429698,50.703569,2],0.63],[[577189,15.491835,50.680618,0],0.98],[[577197,15.506637,50.608996,3],0.6],[[577235,15.404135,50.571751,2],1.35],[[577308,15.373517,50.530724,3],0.31],[[577332,15.468897,50.600813,1],2.35],[[577391,15.44404,50.619384,1],1.98],[[577405,15.463395,50.661618,2],5.04],[[577430,15.245541,50.577589,1],0.61],[[577456,15.448787,50.729228,3],0.77],[[577472,15.259515,50.535418,2],0.52],[[577545,15.358086,50.550949,1],1.17],[[577553,15.54947,50.553543,2],0.26],[[577570,15.427821,50.498928,0],1.02],[[577626,15.156909,50.587385,4],0.04],[[577642,15.308967,50.546714,0],1.1],[[577651,15.487779,50.630181,1],0.62],[[577669,15.531308,50.679115,1],0.75],[[577707,15.274194,50.61161,1],0.55]],"districts":[["CZ0511",0.34],["CZ0512",0.17],["CZ0513",0.48],["CZ0514",0.58]],"regions":[["CZ051",0.39]]}