{"reg":1118,"towns":[[[544647,14.264287,50.820934,1],2.3],[[545856,14.333391,50.747281,1],0.79],[[546348,14.352834,50.820458,1],2.11],[[546453,14.268547,50.810319,0],1.45],[[546496,14.256524,50.794169,1],0.43],[[555193,14.205036,50.696428,1],2.22],[[562335,14.212861,50.772656,5],0.62],[[562343,14.264055,50.837124,1],1.55],[[562351,14.3125,50.741692,3],0.11],[[562394,14.417784,50.797908,3],0.16],[[562408,14.193259,50.714949,1],2.76],[[562432,14.595146,50.879988,2],0.32],[[562441,14.286956,50.982619,2],0.54],[[562530,14.483083,50.863346,2],0.32],[[562564,14.103948,50.760925,3],2.14],[[562581,14.568449,50.993471,3],0.55],[[562611,14.510101,50.913136,3],0.11],[[562661,14.360332,51.011146,1],4.64],[[562751,14.363794,50.965179,2],1.49],[[562777,14.555255,50.953525,4],0.25],[[562858,14.452699,51.003793,3],0.36],[[562882,14.618348,50.911648,4],0.16],[[546062,13.484983,50.463315,0],3.95],[[546160,13.478643,50.424293,0],1.23],[[562971,13.410837,50.463598,5],1.39],[[562980,13.50601,50.424657,0],1.43],[[562998,13.358172,50.511799,1],0.5],[[563005,13.413447,50.540271,1],1.02],[[563013,13.420942,50.40228,2],0.97],[[563056,13.429205,50.430887,1],0.84],[[563064,13.251454,50.510328,1],1.61],[[563072,13.498471,50.387359,1],0.85],[[563099,13.448885,50.500627,4],0.71],[[563102,13.271422,50.376092,4],0.1],[[563111,13.322071,50.577837,0],3.28],[[563129,13.171393,50.384561,4],0.39],[[563137,13.053997,50.438324,2],0.45],[[563161,13.301587,50.486132,1],2.6],[[563200,13.333493,50.446278,1],1.01],[[563269,13.106679,50.362327,1],0.98],[[563277,13.45081,50.480923,1],3.86],[[563285,13.110315,50.381769,2],6.22],[[563323,13.284757,50.298139,2],0.37],[[563340,13.391931,50.44104,2],2.7],[[563358,13.530649,50.471126,1],0.68],[[563382,13.457492,50.440706,2],1.13],[[563404,13.032237,50.492426,3],0.35],[[563412,13.37473,50.269771,1],5.81],[[563471,13.461343,50.420047,0],8.33],[[563498,13.237511,50.466591,1],3.41],[[563501,13.470366,50.520381,2],0.74],[[505528,14.004486,50.483044,1],0.74],[[546721,14.016401,50.450166,0],2.82],[[564567,14.130646,50.53852,4],0.24],[[564656,14.126018,50.404377,2],0.17],[[564711,14.028506,50.484284,2],0.3],[[564966,14.279353,50.552187,0],2.6],[[565083,14.21461,50.522692,2],0.76],[[565121,14.289175,50.568962,2],0.9],[[565164,14.044498,50.406368,3],0.11],[[565229,14.051142,50.515143,3],0.14],[[565237,14.085804,50.501745,1],2.59],[[565318,14.127166,50.362321,2],0.19],[[565458,14.032075,50.569522,1],0.47],[[565482,14.351181,50.461398,1],2.4],[[565555,14.260565,50.425305,4],0.05],[[565709,14.374322,50.453087,3],0.2],[[565717,14.150658,50.511102,3],0.13],[[565776,13.899372,50.45817,1],2.35],[[565792,14.20553,50.599744,1],0.69],[[565806,14.035645,50.463202,1],1.19],[[565814,14.34769,50.585804,3],0.15],[[565849,13.976864,50.53909,2],0.37],[[565865,14.020198,50.510608,1],1.16],[[565873,13.955542,50.497071,0],1.59],[[565946,14.091474,50.523199,1],0.6],[[530590,13.513599,50.33349,1],1.46],[[530603,13.604272,50.321307,0],5],[[542555,13.735342,50.311585,0],2.13],[[542628,13.845324,50.361485,2],0.26],[[543128,13.571151,50.349927,1],0.41],[[546011,13.747256,50.320403,1],0.4],[[546879,13.800031,50.312594,1],0.66],[[546895,13.801725,50.295025,0],6.25],[[565971,13.803455,50.354081,4],0.49],[[566012,13.628683,50.40695,0],1.15],[[566021,13.471313,50.217441,1],0.42],[[566063,13.721648,50.401253,1],1.15],[[566128,13.609915,50.230738,0],1.96],[[566152,13.729627,50.234257,1],2.03],[[566187,13.563098,50.277534,1],0.59],[[566306,13.367878,50.254271,1],7.93],[[566314,13.426708,50.174477,2],0.67],[[566322,13.766007,50.375267,2],0.28],[[566357,13.621573,50.293667,1],6.83],[[566438,13.313301,50.132182,2],0.31],[[566454,13.537482,50.26677,2],2.19],[[566501,13.313325,50.218181,1],1.02],[[566527,13.460534,50.19866,1],2.63],[[566535,13.917056,50.295028,1],0.64],[[566551,13.959969,50.342609,2],0.56],[[566616,13.41203,50.229475,3],0.31],[[566624,13.70302,50.359895,3],0.1],[[566721,13.848572,50.308774,1],1.34],[[566870,13.563783,50.402684,1],1.56],[[566926,13.907083,50.32262,0],4.35],[[566934,13.37997,50.180096,2],0.24],[[566977,13.766026,50.299412,1],0.74],[[566985,13.545886,50.327276,4],0.4],[[567027,13.633012,50.501655,5],0.36],[[567043,13.717955,50.449824,2],0.35],[[567051,13.762928,50.449262,0],1.32],[[567175,13.547284,50.5732,2],0.19],[[567256,13.610342,50.598526,4],0.11],[[567264,13.657403,50.593384,3],0.09],[[567311,13.598813,50.62126,3],0.16],[[567345,13.705297,50.499915,1],0.59],[[567442,13.835384,50.644558,5],0.12],[[567451,13.775459,50.548647,4],0.22],[[567477,13.8643,50.628776,2],0.39],[[567485,13.879624,50.589151,1],0.77],[[567515,13.746322,50.603871,3],0.19],[[567582,13.749019,50.628702,1],0.46],[[567612,13.873166,50.560217,1],0.4],[[567639,13.858264,50.684596,4],0.03],[[567728,13.657342,50.720738,0],5.66],[[567752,13.823154,50.656439,2],0.19],[[567809,13.908818,50.603629,1],0.58],[[567841,13.811707,50.576236,2],0.44],[[567850,13.789867,50.645818,1],1.08],[[501298,14.053246,50.661216,4],0.15],[[502081,14.053246,50.661216,4],0.07],[[502316,14.053246,50.661216,4],0.16],[[554804,14.053246,50.661216,5],0.19],[[567892,14.053246,50.661216,5],0.28],[[567931,14.04319,50.597423,1],0.97],[[568007,13.941955,50.673287,3],0.3],[[568015,13.939752,50.699825,3],0.45],[[568058,14.040826,50.75865,2],0.2],[[568147,13.976255,50.789131,1],0.57],[[568201,13.954233,50.607226,2],0.45],[[568309,14.031415,50.784605,1],0.26],[[568350,14.141852,50.662808,2],1.41],[[551767,17.432173,50.003657,1],0.41],[[551783,17.43824,49.933456,0],2.7],[[551821,17.178202,49.895592,0],2.41],[[597180,17.463794,49.988277,4],0.68],[[597198,17.565611,49.869715,0],2.17],[[597228,17.371179,49.911767,3],0.14],[[597350,17.60273,49.966918,2],0.2],[[597368,17.211221,49.908546,1],0.64],[[597449,17.519131,50.251932,2],0.99],[[597481,17.445738,50.105736,1],0.43],[[597520,17.703168,50.090683,4],0.29],[[597635,17.574913,50.163036,3],0.24],[[597783,17.271873,49.931927,3],0.16],[[597872,17.399982,50.046192,2],0.85],[[597899,17.480203,50.063922,1],1.43],[[597961,17.383262,50.121048,3],0.26],[[507091,18.756984,49.656185,2],0.98],[[507237,18.527882,49.658204,2],2.72],[[507423,18.406126,49.621505,2],0.52],[[507458,18.69578,49.589496,1],1.67],[[507547,18.719541,49.585749,2],1.42],[[511935,18.821553,49.556686,2],0.27],[[511951,18.706198,49.547928,1],0.43],[[511986,18.637844,49.527977,1],2.47],[[512028,18.80242,49.55934,2],1.23],[[512176,18.737315,49.616708,2],0.85],[[512184,18.339222,49.606756,2],1.65],[[549665,18.472974,49.619845,2],0.86],[[549673,18.481485,49.582088,1],1.13],[[552488,18.468124,49.68244,1],1.77],[[552518,18.426436,49.660825,2],2.61],[[552526,18.433859,49.648584,1],3.09],[[552542,18.492374,49.660491,2],1.34],[[552551,18.363604,49.670019,2],1.91],[[552569,18.272916,49.686041,2],0.71],[[552577,18.347648,49.564927,1],0.29],[[552607,18.488568,49.684257,1],5.83],[[552615,18.571008,49.700533,1],3.26],[[552623,18.529296,49.712553,2],0.61],[[552631,18.505428,49.692472,1],2.67],[[552640,18.571511,49.641202,1],2.17],[[552658,18.571876,49.660869,1],10.36],[[552674,18.569214,49.67941,2],7.35],[[552682,18.457023,49.635907,1],1.17],[[552691,18.304316,49.708875,1],1.39],[[554014,18.759182,49.5873,3],1.66],[[554928,18.713186,49.666714,3],0.32],[[556971,18.61356,49.705458,2],2.13],[[557226,18.787469,49.57477,2],0.36],[[568813,18.48628,49.608863,1],1.05],[[568830,18.317179,49.733473,2],0.98],[[569631,18.327726,49.689354,2],0.46],[[598003,18.367422,49.682031,5],1.11],[[598011,18.372443,49.645943,3],0.9],[[598020,18.453037,49.442171,1],1.06],[[598038,18.222205,49.700196,3],1.37],[[598046,18.409749,49.717092,1],0.75],[[598062,18.720488,49.63667,3],1.27],[[598071,18.337697,49.548829,3],0.28],[[598089,18.414037,49.673927,3],0.67],[[598101,18.481063,49.712825,2],1.54],[[598135,18.223315,49.666867,2],1.15],[[598143,18.358605,49.591902,3],0.52],[[598160,18.541393,49.682383,2],8.53],[[598232,18.833235,49.520116,1],6.25],[[598259,18.764694,49.576815,3],0.29],[[598275,18.39622,49.744405,1],1.68],[[598321,18.256672,49.590494,3],0.34],[[598348,18.235519,