{"reg":112,"towns":[[[538795,12.168117,50.234889,1],48.26],[[538817,12.201857,50.255461,0],44.23],[[538868,12.279652,50.086208,1],2.86],[[538906,12.547716,50.055886,1],0.9],[[539023,12.400268,50.128744,1],0.76],[[539112,12.59591,49.991631,1],1.69],[[539279,12.666767,49.966767,2],0.71],[[539376,12.739122,49.948927,0],2.63],[[539473,12.779206,49.953112,0],2.27],[[539481,12.654905,49.976907,1],1.37],[[539619,12.522102,50.08412,0],2.04],[[554481,12.369964,50.079633,5],0.86],[[554499,12.195113,50.223983,4],30.36],[[554511,12.665618,49.93907,1],1.23],[[554529,12.349781,50.120159,3],1.46],[[554545,12.272617,50.156457,2],22.51],[[554553,12.175894,50.304702,2],26.93],[[554600,12.624853,50.010693,2],0.31],[[554618,12.230943,50.128275,1],4.28],[[554626,12.448928,50.036398,1],0.51],[[554634,12.406065,50.252592,2],1.07],[[554642,12.701298,49.964699,4],1.01],[[554651,12.453308,50.156155,1],2.38],[[554677,12.787043,50.03698,1],0.87],[[554693,12.472085,50.115352,1],1.85],[[554740,12.34681,50.220815,2],1.33],[[554812,12.361561,50.170411,2],0.61],[[554855,12.676134,49.91921,1],0.9],[[554880,12.616745,49.942277,1],0.73],[[555631,12.86316,49.981953,3],1.84],[[578002,12.372344,50.19907,0],3.23],[[500101,13.046575,50.172681,0],12.9],[[506494,12.719531,50.360145,1],0.66],[[506621,13.17119,50.12436,0],5.88],[[537845,12.85168,50.148702,0],3.39],[[537870,12.870986,50.197494,1],3.47],[[537918,12.895923,50.247898,2],6.07],[[537926,12.800046,50.226649,1],2.57],[[537934,12.770109,50.237288,1],29.84],[[537969,12.871721,50.25545,1],2.05],[[538001,12.962918,50.20449,1],4.51],[[538019,12.711084,50.291365,1],4.76],[[538027,12.765442,50.291579,0],3.41],[[538116,12.814015,50.294681,1],1.13],[[538159,12.919811,50.283247,1],0.31],[[551651,12.789994,50.213854,1],5.36],[[554961,12.872062,50.231952,5],2.91],[[554979,12.818377,50.368855,2],2.34],[[554995,12.838429,50.083561,1],22.11],[[555029,13.045282,50.151007,2],38.75],[[555045,12.769752,50.258843,1],15.63],[[555169,12.771048,50.390493,1],1.87],[[555185,12.871918,50.309508,2],1.39],[[555207,13.249179,50.104736,1],4.52],[[555215,12.934767,50.358573,3],9.11],[[555258,12.903449,50.187545,1],4.78],[[555304,12.921351,50.072448,1],13.48],[[555347,13.000007,50.262803,1],0.74],[[555363,12.863613,50.32819,1],4.25],[[555380,12.729474,50.322529,3],5.17],[[555398,12.784334,50.271028,3],6.86],[[555428,12.939183,50.306035,4],9.96],[[555444,12.892407,50.032393,1],5.31],[[555452,12.783825,50.365797,1],0.91],[[555479,12.736597,50.428273,1],1],[[555525,13.170783,50.051663,1],10.58],[[555533,12.897194,50.267226,2],1.18],[[555550,12.874064,50.165217,1],4.55],[[555584,13.051067,50.337331,1],3.47],[[555592,13.005785,50.183216,1],10.93],[[555614,12.976213,50.237016,1],3.76],[[555622,13.114279,50.058313,1],15.31],[[555657,12.985171,50.060604,3],11.98],[[555681,12.954852,50.070847,1],21.14],[[555703,13.009826,50.284179,1],2.06],[[555711,13.173868,50.14131,1],2.8],[[555738,13.016307,50.303424,1],4.25],[[555762,13.163084,50.092028,2],24.88],[[556947,12.925973,50.179793,1],4.98],[[578029,12.696743,50.348275,1],1.56],[[578045,13.002857,50.344955,1],4.44],[[511587,12.579546,50.211627,1],3.97],[[538337,12.786342,50.109287,1],6.7],[[538396,12.582432,50.135748,1],2.58],[[538434,12.625358,50.192341,2],2.29],[[538591,12.645192,50.164731,2],1.61],[[538663,12.697409,50.276819,0],9.76],[[560286,12.659992,50.174629,4],2.49],[[560294,12.643488,50.145752,3],4.07],[[560308,12.505287,50.374494,1],4.86],[[560316,12.572766,50.166437,2],0.61],[[560324,12.61344,50.162671,1],2.69],[[560341,12.637158,50.243218,1],13.39],[[560359,12.550653,50.183078,3],1.79],[[560367,12.807697,50.138742,3],15.81],[[560383,12.747709,50.23983,4],45.47],[[560413,12.602422,50.28276,1],5.71],[[560421,12.504505,50.14885,1],1.75],[[560456,12.534192,50.216079,1],0.83],[[560464,12.67954,50.19412,1],1.15],[[560472,12.517588,50.323835,3],3.08],[[560499,12.530388,50.119038,3],2.22],[[560502,12.552602,50.128978,1],4.76],[[560537,12.754163,50.186112,3],4.32],[[560545,12.632789,50.211851,2],3.81],[[560561,12.775287,50.084201,0],5.26],[[560570,12.738121,50.206578,3],13.02],[[560588,12.558884,50.251243,2],2.26],[[560596,12.620158,50.36589,0],3.03],[[560600,12.573526,50.29638,3],1.07],[[560642,12.719941,50.181807,1],4.38],[[560651,12.526519,50.356766,1],3.85],[[560677,12.603439,50.318764,1],4.67],[[560685,12.717598,50.233928,2],27.63],[[560707,12.696593,50.259197,1],16.28],[[579360,12.676998,50.182307,0],4.46]],"districts":[["CZ0411",5.94],["CZ0412",6],["CZ0413",10.61]],"regions":[["CZ041",7.29]]}