{"reg":1190,"towns":[[[535249,14.407512,49.019337,1],0.72],[[535826,14.539603,49.000624,1],0.31],[[535982,14.671182,48.779882,1],1.82],[[544256,14.480355,48.975758,5],0.04],[[544361,14.309399,49.108733,1],0.6],[[544485,14.434371,49.052354,3],0.2],[[544868,14.778483,48.789733,3],0.12],[[545201,14.42067,49.223502,3],0.04],[[545228,14.453933,48.923831,2],0.11],[[545341,14.366234,49.066188,3],0.09],[[545392,14.317566,48.812835,4],0.05],[[545562,14.496373,48.738589,3],0.06],[[545571,14.305777,48.90507,3],0.11],[[545724,14.35229,48.781912,1],0.64],[[545830,14.286258,48.774351,3],0.11],[[507717,15.392475,49.057931,1],6.9],[[508357,15.421758,49.106163,0],10],[[509116,15.539027,49.122981,0],2.99],[[545881,15.006239,49.144582,4],0.05],[[546020,15.589973,49.087277,0],4.35],[[546038,15.531006,49.076348,1],2.17],[[546054,15.389754,49.03065,1],1.32],[[546097,15.324472,49.068454,1],0.76],[[546127,15.434304,49.07992,3],3.15],[[546143,15.542926,48.957675,1],6.42],[[546305,15.28546,49.129602,0],2.56],[[546445,15.495538,49.103431,1],3.13],[[546623,14.970283,49.074391,1],0.72],[[546917,15.462488,48.965043,1],2.56],[[547085,15.05709,49.171096,1],0.78],[[547166,15.351639,48.997636,2],1.79],[[547204,15.453308,49.010499,1],3.01],[[547263,15.286981,49.185258,2],0.14],[[547280,14.877056,48.893435,3],0.41],[[547336,14.764232,49.003615,3],0.04],[[547441,15.370353,49.106922,1],0.41],[[562327,15.52082,49.047741,1],2.68],[[562424,15.506224,48.957211,0],5.88],[[562696,15.047507,49.250953,0],4.17],[[549240,14.158129,49.303554,5],0.02],[[549771,14.217277,49.199591,3],0.08],[[562190,14.310591,49.346255,0],5.77],[[550094,14.0001,49.01101,4],0.09],[[550451,13.930124,48.778263,1],0.83],[[550515,13.666687,49.1019,2],0.29],[[550663,13.958519,49.081457,2],0.21],[[550787,13.910408,49.260504,4],0.08],[[550809,14.079028,49.121951,2],0.26],[[551554,13.797628,49.26277,1],1.94],[[551562,13.963291,49.318408,1],0.68],[[551678,13.898673,49.233625,1],0.47],[[560201,13.733768,49.187495,0],2.56],[[552046,14.677566,49.413089,5],0.07],[[552054,14.468202,49.295336,3],0.13],[[552666,14.578788,49.364014,2],0.2],[[552895,14.756334,49.247699,1],1.15],[[553069,14.684908,49.385291,3],0.08],[[553131,14.718717,49.260039,3],0.05],[[563251,14.608319,49.452124,0],2.08],[[548286,15.578739,49.647038,1],0.68],[[548430,15.730501,49.732931,1],1.06],[[568414,15.579755,49.604436,4],0.07],[[568601,15.382401,49.627806,1],0.39],[[568660,15.781671,49.635883,1],0.34],[[568759,15.671142,49.720714,3],0.11],[[568988,15.277827,49.695269,3],0.07],[[569291,15.648156,49.606211,1],0.4],[[569321,15.73865,49.576939,3],0.08],[[569569,15.404038,49.66811,3],0.05],[[569780,15.813706,49.696057,3],0.1],[[550281,15.589163,49.409551,1],0.57],[[586846,15.595469,49.41586,5],0.27],[[586854,15.823702,49.436298,0],1.85],[[586862,15.410734,49.290179,2],0.26],[[586889,15.560205,49.417417,1],0.79],[[586897,15.734153,49.368136,1],3.45],[[586943,15.676522,49.307047,3],0.08],[[586978,15.472878,49.3694,1],0.58],[[586986,15.587278,49.334875,0],1.45],[[587028,15.650023,49.478429,2],0.21],[[587281,15.465658,49.416395,0],2.27],[[587346,15.780333,49.366688,2],0.3],[[587362,15.652675,49.51005,0],1.37],[[587389,15.604156,49.094109,0],2.41],[[587427,15.700567,49.413143,1],0.6],[[587478,15.702039,49.374132,3],0.2],[[587486,15.637796,49.396595,1],1.38],[[587591,15.563696,49.13951,1],0.7],[[587648,15.569796,49.2666,0],2.63],[[587711,15.718914,49.487099,3],0.18],[[588113,15.667107,49.405141,2],0.22],[[588156,15.576862,49.334609,1],0.93],[[588164,15.444727,49.211082,0],3.85],[[588288,15.678575,49.454999,1],0.68],[[590843,15.672268,49.27088,2],0.26],[[547492,15.223083,49.430721,4],0.06],[[547760,14.960993,49.372757,2],0.21],[[547778,15.178468,49.511334,2],0.4],[[547913,15.327794,49.320362,2],0.38],[[547999,15.359423,49.541624,4],0.07],[[548472,14.943589,49.425159,1],0.51],[[548561,15.240324,49.260301,3],0.13],[[549231,15.18834,49.253284,3],0.12],[[561819,15.368309,49.476693,0],1.96],[[510556,15.785165,49.012392,1],1.3],[[510980,16.125399,49.233244,1],8.57],[[511081,16.134773,49.167674,0],1.39],[[511242,16.126096,49.202721,1],1.48],[[544752,15.935004,49.073941,1],5.63],[[546933,15.852076,49.25948,0],1.27],[[550388,15.711505,49.096759,1],4.72],[[550400,15.852226,49.085207,0],3.92],[[550493,15.621844,49.082593,0],26.67],[[550507,15.768521,49.066937,1],0.79],[[550566,15.824336,49.073601,1],4.2],[[550612,15.756199,49.32869,0],2.86],[[550639,15.908371,49.29784,0],2.7],[[550710,15.808241,49.223007,1],0.84],[[550779,16.135313,49.233146,0],26.32],[[553964,15.819302,49.014482,0],1.85],[[554871,15.893355,49.191417,1],1.16],[[587664,15.822815,49.100034,0],3.92],[[587699,15.985337,49.247109,0],3.23],[[590266,15.879652,49.214887,5],0.92],[[590274,15.770586,49.135413,0],13.04],[[590347,15.896424,49.320924,0],4.62],[[590363,15.751924,49.302776,0],2.65],[[590380,16.194204,49.172155,1],0.45],[[590401,16.003938,49.271484,2],0.95],[[590410,15.65903,49.054591,1],2.42],[[590436,15.772506,49.152316,1],8.64],[[590444,15.793702,49.202965,1],1.09],[[590517,16.08201,49.129105,1],1.23],[[590568,15.695675,49.083336,1],3.03],[[590576,16.192279,49.081352,1],0.8],[[590592,15.730648,49.230933,1],0.8],[[590614,16.227607,49.226034,0],2.04],[[590649,15.842256,49.142893,1],4.31],[[590665,15.680464,48.995287,0],2.94],[[590673,16.060777,49.1078,2],0.44],[[590703,15.743777,49.202158,1],0.86],[[590711,15.767159,49.313525,0],3.7],[[590746,15.761519,49.081114,1],1.79],[[590754,15.893408,49.094184,3],1.16],[[590762,16.163698,49.25824,0],2.41],[[590789,15.570038,49.019086,3],0.59],[[590797,16.193554,49.231477,0],14.47],[[590801,16.060488,49.272529,0],1.2],[[590827,16.17187,49.144911,0],2.63],[[590835,15.935181,49.167093,0],1.54],[[590851,15.703223,48.998947,0],1.19],[[590860,15.818142,49.157925,1],6.83],[[590886,16.041305,49.190593,1],1.46],[[590908,15.792795,49.314835,1],2.67],[[590916,16.061293,49.179832,0],2.04],[[590941,16.201664,49.199373,2],1.62],[[590975,16.23308,49.244186,0],1.41],[[591009,15.755986,49.107958,1],6.56],[[591025,16.223507,49.109192,0],4.44],[[591092,15.793465,49.137327,0],1.56],[[591122,15.827933,49.180293,0],21.28],[[591157,15.846693,49.161765,0],1.22],[[591173,16.190323,49.114222,2],4.79],[[591181,15.808746,49.05219,3],2.12],[[591211,16.155845,49.205556,3],0.5],[[591246,15.803952,49.248618,0],1.1],[[591254,15.773555,49.01773,1],7.18],[[591289,16.014372,49.120315,0],3.45],[[591297,16.088033,49.206057,0],2.56],[[591301,15.769689,49.245493,2],1.01],[[591319,15.661768,49.224435,1],3.5],[[591424,15.9164,49.275939,0],2.33],[[591432,15.673827,49.198388,1],0.55],[[591459,15.778435,49.260738,1],0.34],[[591491,16.174175,49.247148,0],4.55],[[591564,15.786546,49.335141,0],1.22],[[591581,16.25337,49.192313,1],0.6],[[591629,16.107705,49.070461,2],0.27],[[591645,15.757671,49.170178,1],0.92],[[591700,15.967999,49.17486,1],1.27],[[591742,15.828017,49.19793,2],1.93],[[591769,16.064912,49.20022,1],1.75],[[591807,15.813715,49.123204,1],3.39],[[591815,15.714768,49.193393,1],2.83],[[591823,15.650302,49.084115,0],7.69],[[591840,15.924247,49.254784,1],1.52],[[591858,15.666335,49.022254,1],5],[[591874,16.03579,49.144404,1],0.87],[[591904,15.988403,49.21027,2],0.5],[[591939,15.877648,49.143644,1],1.67],[[591980,15.863268,49.02563,0],5],[[591998,15.673101,49.141973,2],0.46],[[549886,16.256802,49.440602,0],2.22],[[588016,15.96749,49.644947,0],3.33],[[591831,16.094889,49.288374,1],2.87],[[595209,15.939507,49.564288,4],0.22],[[595250,15.90881,49.400584,1],0.87],[[595284,16.05987,49.474379,1],2.35],[[595292,15.876542,49.480764,2],0.33],[[595306,16.202547,49.560508,1],1.1],[[595381,16.238271,49.330018,0],3.77],[[595411,16.261571,49.523046,3],0.19],[[595489,16.065144,49.393997,1],0.74],[[595535,16.210566,49.47711,1],2.67],[[595586,15.901791,49.566124,2],0.18],[[595594,15.994419,49.689015,2],0.24],[[595608,16.181332,49.379465,0],1.37],[[595641,16.026282,49.425865,1],0.89],[[595730,16.089764,49.324114,1],0.94],[[595756,16.005752,49.530363,1],0.9],[[595802,16.090844,49.40547,1],0.92],[[595926,16.109707,49.388682,2],2.98],