{"reg":1231,"towns":[[[553425,12.931243,49.439803,4],0.06],[[553549,12.858904,49.369488,1],0.98],[[553581,12.872799,49.455812,1],0.67],[[553671,12.944527,49.530286,3],0.33],[[553751,12.956921,49.453663,1],1.19],[[553786,13.040638,49.390348,3],0.25],[[553794,12.814835,49.434948,2],0.23],[[553816,13.108876,49.486895,1],1.09],[[553824,13.002193,49.402659,2],0.58],[[553956,12.881612,49.589255,1],1.52],[[554111,12.802721,49.510406,2],0.29],[[554120,13.133597,49.343523,1],0.51],[[554154,13.019504,49.553725,1],2.44],[[554189,12.676863,49.512872,0],2.44],[[554260,13.118703,49.508409,1],2.22],[[554294,13.06931,49.553835,3],0.1],[[554359,12.845635,49.420341,1],0.68],[[566250,12.80529,49.488639,0],3.45],[[566365,13.131214,49.527617,1],1.18],[[541753,13.228504,49.491162,0],1.56],[[541851,13.233291,49.333543,0],3.03],[[542148,13.499417,49.024173,0],1.89],[[555771,13.295194,49.395655,4],0.18],[[555835,13.361712,49.410002,1],0.4],[[556076,13.50936,49.196383,1],0.39],[[556254,13.701106,49.320794,3],0.06],[[556335,13.717463,49.405001,1],0.43],[[556378,13.17397,49.466785,1],1.63],[[556921,13.440898,49.218758,1],1.05],[[556955,13.471166,49.390036,2],0.21],[[557137,13.246341,49.30337,2],0.51],[[557153,13.520509,49.231776,4],0.11],[[557528,13.235305,49.137543,2],0.19],[[578321,13.457818,49.417621,0],2.13],[[539741,13.426875,49.649772,1],0.42],[[540561,13.465091,49.730543,1],0.28],[[545970,13.373737,49.738531,5],0.16],[[545988,13.373737,49.738531,5],0.13],[[546003,13.373737,49.738531,5],0.11],[[546208,13.373737,49.738531,4],0.07],[[554731,13.373737,49.738531,2],0.46],[[554758,13.373737,49.738531,2],0.26],[[554774,13.373737,49.738531,2],0.19],[[554791,13.373737,49.738531,6],0.14],[[557846,13.476053,49.643095,1],0.36],[[557978,13.373737,49.738531,2],0.52],[[558141,13.519727,49.640535,2],0.44],[[558371,13.47361,49.697786,3],0.28],[[558427,13.504047,49.675659,3],0.22],[[558460,13.509931,49.719174,1],0.28],[[558851,13.491611,49.777455,2],0.68],[[530131,13.244478,49.59986,0],2.33],[[539945,13.393513,49.552967,1],1.11],[[540668,13.062664,49.638318,1],1.67],[[557587,13.540199,49.582303,3],0.39],[[557668,13.264653,49.60493,1],0.45],[[557676,13.293177,49.654933,3],0.17],[[557781,13.313337,49.632666,2],0.51],[[557838,13.202822,49.65419,3],0.14],[[557862,13.740706,49.462805,2],0.23],[[557951,13.455391,49.540003,1],0.47],[[558044,13.198008,49.560538,2],0.95],[[558095,13.62585,49.434661,0],1.41],[[558109,13.582361,49.48627,3],0.3],[[558231,13.541553,49.503547,1],1.22],[[558249,13.333607,49.573091,3],0.43],[[558303,13.4146,49.579972,1],0.32],[[558311,13.504999,49.588075,1],2.02],[[558346,13.239149,49.576294,1],0.45],[[558362,13.605669,49.613815,3],0.24],[[558389,13.164846,49.639199,3],0.22],[[558435,13.399739,49.670623,2],0.14],[[558630,13.489551,49.483512,1],0.43],[[566691,13.360356,49.511993,0],3.13],[[546411,13.213823,49.701479,1],1.67],[[558672,13.156096,49.719824,1],0.39],[[558711,13.253217,49.80007,1],0.91],[[558770,13.468475,49.88466,1],0.82],[[558796,13.273369,49.896264,1],0.55],[[558915,13.44157,49.849175,2],0.46],[[558931,13.26323,49.939841,0],1.9],[[559008,13.383058,49.893239,3],0.22],[[559024,13.464495,49.943303,0],2.13],[[559032,13.474862,49.900611,0],4.92],[[559041,13.542516,49.931343,1],0.44],[[559059,13.252214,49.763902,2],0.55],[[559067,13.541176,49.993998,2],0.74],[[559075,13.487584,49.982024,3],0.59],[[559164,13.257039,49.694828,3],0.13],[[559202,13.233304,49.991884,2],0.28],[[559237,13.364505,49.985347,1],0.6],[[559245,13.312306,49.895538,1],0.78],[[559261,13.164739,49.974944,1],0.57],[[559300,13.204705,49.712816,3],0.3],[[559318,13.413718,49.889575,1],0.55],[[559334,13.102822,49.840507,1],1.21],[[559351,13.390465,49.934598,3],0.33],[[559431,13.373838,49.908441,1],0.54],[[559504,13.323963,49.861152,1],0.39],[[559521,13.395104,49.815946,3],0.12],[[559580,13.276386,49.729991,3],0.12],[[559601,13.278711,49.757083,1],0.5],[[559628,13.229541,49.841781,2],1.63],[[559679,13.419093,49.8031,3],0.08],[[566632,13.56701,49.975551,0],6.67],[[566756,13.235291,49.76964,1],0.33],[[506664,13.705369,49.677828,1],1.27],[[530379,13.725945,49.877208,0],2],[[541150,13.618864,49.723772,1],0.36],[[546534,13.794421,49.869348,0],1.27],[[559717,13.592993,49.738197,4],0.11],[[559750,13.534766,49.795629,1],0.45],[[559792,13.514367,49.74619,1],1.16],[[559822,13.65421,49.710027,3],0.62],[[559849,13.683207,49.745983,0],2.27],[[560014,13.734722,49.789152,2],0.42],[[560057,13.59104,49.778115,2],0.24],[[560162,13.757656,49.735624,3],0.14],[[567001,13.710816,49.827464,1],2.2],[[541290,12.941751,49.837622,1],1.64],[[560715,12.636292,49.79888,4],0.2],[[560758,12.775276,49.711706,3],0.15],[[560804,12.673799,49.756077,1],2.47],[[560812,12.883925,49.816245,2],0.45],[[560863,12.579508,49.831133,1],1.87],[[560910,12.650047,49.864425,1],0.52],[[560928,12.980021,49.715408,2],0.47],[[561011,12.871116,49.883163,1],1.28],[[561134,12.743897,49.868267,3],0.16],[[561151,12.673772,49.674989,2],0.4],[[561193,12.863729,49.666003,0],1.41],[[561207,12.775569,49.668894,2],0.75],[[561215,13.004203,49.753048,3],0.19],[[561231,13.072824,49.748658,0],1.43],[[551805,17.6409,49.968984,1],1.09],[[551813,17.625765,49.933251,0],3.45],[[551821,17.178202,49.895592,0],1.2],[[551996,17.342351,50.107531,1],0.96],[[597180,17.463794,49.988277,4],0.21],[[597252,17.401831,49.834288,1],1.14],[[597350,17.60273,49.966918,2],1.22],[[597392,17.599627,50.111701,1],0.6],[[597457,17.277651,49.854028,1],1.39],[[597481,17.445738,50.105736,1],0.87],[[597520,17.703168,50.090683,4],0.27],[[597546,17.574652,49.905954,1],1],[[597716,17.715337,50.275267,2],1.27],[[597783,17.271873,49.931927,3],0.27],[[597813,17.681129,50.207003,1],1.12],[[597872,17.399982,50.046192,2],0.57],[[597881,17.674365,49.946147,1],4.12],[[597899,17.480203,50.063922,1],0.71],[[507091,18.756984,49.656185,2],0.59],[[507181,18.361716,49.613573,2],1.59],[[507237,18.527882,49.658204,2],0.5],[[507458,18.69578,49.589496,1],1.67],[[511935,18.821553,49.556686,2],0.54],[[511986,18.637844,49.527977,1],3.7],[[512028,18.80242,49.55934,2],0.74],[[512176,18.737315,49.616708,2],0.43],[[512192,18.461438,49.694745,1],1.39],[[549665,18.472974,49.619845,2],0.68],[[552488,18.468124,49.68244,1],1.33],[[552518,18.426436,49.660825,2],1.96],[[552526,18.433859,49.648584,1],1.03],[[552542,18.492374,49.660491,2],0.54],[[552551,18.363604,49.670019,2],1.06],[[552569,18.272916,49.686041,2],0.71],[[552577,18.347648,49.564927,1],0.29],[[552593,18.398071,49.579287,1],1.96],[[552615,18.571008,49.700533,1],1.09],[[552623,18.529296,49.712553,2],0.3],[[552631,18.505428,49.692472,1],0.67],[[552640,18.571511,49.641202,1],1.09],[[552674,18.569214,49.67941,2],1.1],[[552691,18.304316,49.708875,1],1.04],[[554014,18.759182,49.5873,3],0.51],[[554928,18.713186,49.666714,3],0.24],[[557226,18.787469,49.57477,2],0.73],[[568163,18.442932,49.738583,1],1.19],[[568813,18.48628,49.608863,1],1.05],[[568830,18.317179,49.733473,2],1.95],[[569631,18.327726,49.689354,2],1.53],[[598003,18.367422,49.682031,5],0.77],[[598011,18.372443,49.645943,3],0.99],[[598038,18.222205,49.700196,3],0.86],[[598046,18.409749,49.717092,1],0.38],[[598062,18.720488,49.63667,3],0.71],[[598071,18.337697,49.548829,3],1.12],[[598089,18.414037,49.673927,3],0.58],[[598135,18.223315,49.666867,2],1.01],[[598143,18.358605,49.591902,3],0.64],[[598259,18.764694,49.576815,3],0.58],[[598275,18.39622,49.744405,1],2.52],[[598321,18.256672,49.590494,3],0.68],[[598348,18.235519,49.729234,2],0.88],[[598356,18.261235,49.550798,2],0.58],[[598364,18.298465,49.597285,1],3.98],[[598399,18.449769,49.716011,2],0.45],[[598445,18.524824,49.596169,2],0.28],[[598453,18.754281,49.527472,3],0.35],[[598542,18.391751,49.535196,2],0.41],[[598551,18.315185,49.63477,3],1.45],[[598569,18.290478,49.731885,3],1.15],[[598674,18.368797,49.71846,2],0.73],[[598691,18.221998,49.623907,2],0.43],[[598810,18.67089,49.677731,5],0.65],[[552739,18.481997,49.797901,3],0.4],[[555088,18.430725,49.780492,5],0.44],[[568864,18.480287,49.858829,2],1.29],[[598178,18.436881,49.749749,2],0.91],[[598917,18.543319,