{"reg":1234,"towns":[[[504301,15.745503,49.982634,1],4.67],[[504807,15.727244,49.94646,1],2.02],[[505005,15.86473,49.897307,1],1.61],[[530697,15.677746,49.919564,0],3.33],[[547808,15.713618,49.967283,1],2.3],[[547816,15.957449,49.74259,1],1.65],[[547832,15.760021,49.877003,1],4.85],[[547841,15.621171,49.923275,0],1.19],[[547859,15.926941,49.931755,0],5.88],[[547875,15.545079,49.916436,0],1.3],[[547891,15.745214,49.9279,1],0.82],[[554847,15.95683,49.814666,1],2.22],[[554952,16.043608,49.793442,1],4],[[556882,15.768153,49.915662,1],1.3],[[571164,15.795158,49.949824,4],1.22],[[571181,15.595868,49.837134,1],2],[[571202,15.704985,49.841414,1],0.54],[[571229,15.925435,49.97695,0],3.77],[[571237,15.535529,49.901849,0],5.17],[[571245,15.733261,49.957375,1],1.41],[[571253,15.839524,49.830355,1],3.75],[[571377,15.926515,49.739067,0],1.52],[[571385,15.665028,49.94717,3],0.8],[[571393,15.907661,49.762231,3],0.99],[[571407,16.071649,49.84568,0],1.39],[[571440,15.923513,49.794858,1],0.38],[[571458,15.893093,49.933561,0],2.08],[[571466,15.916873,49.887322,1],1.91],[[571491,15.910648,49.959563,2],1.57],[[571504,15.990827,49.882632,1],0.95],[[571539,15.934067,49.902149,3],2.23],[[571547,15.991536,49.955625,2],4.41],[[571563,16.03112,49.929644,1],4.08],[[571571,15.975128,49.736024,1],1.56],[[571610,15.855614,49.947276,1],0.41],[[571628,15.651641,49.923421,1],0.79],[[571661,16.026846,49.772498,2],2.87],[[571709,15.958993,49.845309,0],5],[[571725,15.75641,49.841833,0],2.22],[[571733,15.741396,49.87195,0],3.57],[[571750,16.023891,49.916576,0],1.85],[[571768,15.839045,49.888935,1],1.52],[[571776,16.028604,49.893513,3],6.31],[[571831,15.884829,49.841358,2],2.55],[[571857,15.724015,49.887468,1],4.42],[[571873,15.709072,49.934791,1],1.2],[[571903,15.628949,49.941391,1],2.06],[[571911,15.804712,49.844597,2],1.18],[[571962,15.839135,49.919409,1],1.51],[[572004,16.079952,49.826885,0],2.22],[[572039,15.536819,49.936237,1],1.22],[[572063,15.988264,49.79687,1],1.37],[[572071,15.628821,49.893895,2],0.74],[[572080,16.11631,49.805994,2],1.07],[[572098,15.957751,49.833121,1],1.5],[[572152,15.96422,49.796504,1],2.05],[[572161,15.531541,49.888353,2],1.62],[[572179,15.951376,49.922359,2],2.03],[[572217,15.916661,49.922503,1],1.75],[[572225,15.65653,49.847037,2],2.17],[[572241,15.996654,49.843567,3],2.79],[[572268,15.813873,49.921196,3],1.16],[[572276,15.764066,49.933341,1],0.84],[[572314,16.072158,49.89166,0],1.85],[[572322,15.90302,49.738058,1],0.7],[[572331,15.813804,49.890007,1],1.16],[[572349,16.034289,49.72454,1],3.14],[[572381,15.914659,49.824479,1],4.3],[[572390,15.816049,49.786894,1],0.32],[[572411,15.580129,49.869219,3],0.5],[[572420,15.84134,49.978962,1],0.57],[[572462,15.884462,49.817781,1],2.87],[[572497,15.88183,49.749189,1],0.88],[[572501,15.973606,49.788649,1],0.65],[[572543,15.837299,49.747799,0],1.43],[[572578,15.884208,49.910081,2],2.05],[[572641,15.858205,49.873077,1],5.69],[[573787,15.681376,49.963712,1],0.77],[[573876,16.100192,49.828645,1],0.82],[[573949,15.512907,49.872861,0],9.09],[[574007,15.527475,49.861905,0],5.13],[[553719,15.702721,50.039211,1],0.36],[[555096,15.781299,50.034409,3],1.39],[[555100,15.781299,50.034409,3],1.15],[[555118,15.781299,50.034409,3],1.9],[[555126,15.781299,50.034409,4],1.06],[[555134,15.781299,50.034409,5],1.14],[[557064,15.781299,50.034409,4],1],[[557072,15.781299,50.034409,4],1.19],[[572799,15.898214,50.069473,0],3.53],[[572870,15.805868,50.093029,1],1.72],[[572888,15.855832,50.114148,0],1.47],[[572896,15.671936,50.05613,1],0.51],[[572934,15.746276,50.092124,0],2.94],[[572942,15.70284,50.12887,0],2.38],[[572951,15.738311,50.128935,0],1.49],[[572977,15.725091,49.993164,1],0.72],[[572985,15.734932,49.997348,0],1.23],[[573019,15.580349,49.945993,0],10],[[573515,15.827021,50.070734,1],0.73],[[574198,15.822517,50.042269,1],1.93],[[574716,15.781299,50.034409,4],0.97],[[574741,15.644768,50.008869,1],0.97],[[574767,15.67989,50.075702,3],0.89],[[574783,15.856639,50.127301,1],3.97],[[574791,15.557385,50.000688,0],2.13],[[574805,15.577582,50.051994,2],0.89],[[574821,15.562977,49.948338,0],6.9],[[574830,15.625408,50.101131,1],1.21],[[574848,15.911265,50.132532,2],1.48],[[574856,15.773339,50.13312,2],1.71],[[574899,15.912545,50.028543,2],1.35],[[574911,15.967844,50.029373,2],1.3],[[574929,15.924033,50.077906,1],2.24],[[574953,15.808857,50.105191,1],0.58],[[574988,15.986005,50.06611,3],0.72],[[574996,16.084069,50.049109,2],0.29],[[575011,15.958886,50.076611,2],1.34],[[575020,15.781299,50.034409,1],1.12],[[575046,15.78888,50.103527,0],3.23],[[575054,15.619515,49.987822,2],0.8],[[575062,15.880341,50.083128,1],0.89],[[575071,15.418562,50.034532,3],0.67],[[575089,15.937327,50.109676,1],0.89],[[575097,15.541389,50.128259,0],1.15],[[575119,16.077983,50.012339,0],1.12],[[575143,15.694777,49.980674,1],0.76],[[575178,15.487192,50.057816,1],0.99],[[575232,15.903791,50.009667,1],0.46],[[575259,15.410279,50.051519,0],1.82],[[575305,15.756738,50.153387,1],1.49],[[575313,15.568989,49.98787,1],1.47],[[575372,15.775487,49.989526,2],0.47],[[575399,15.940811,50.00105,2],0.32],[[575429,15.790553,50.145512,3],2.69],[[575437,15.805408,49.993525,2],2.09],[[575445,16.030478,50.044716,1],0.62],[[575470,15.581991,49.991102,0],4],[[575500,15.560413,50.039948,3],0.96],[[575534,15.802625,50.07288,1],0.48],[[575551,15.606265,50.106311,1],2.69],[[575569,15.664377,50.127321,1],1.18],[[575577,15.889408,50.104773,1],1.04],[[575593,15.704827,50.060247,2],0.52],[[575607,15.477455,50.03599,2],0.18],[[575615,15.440919,50.050233,0],4.17],[[575640,15.852803,50.066605,3],1.05],[[575658,15.96145,49.992168,1],1.45],[[575682,15.763532,50.084994,2],0.67],[[575704,15.778951,50.065498,2],0.72],[[575739,15.71522,50.001737,1],2.31],[[575763,15.522806,50.087564,1],0.69],[[575771,15.639615,49.976687,1],1.5],[[575780,15.601078,49.965437,1],3.09],[[575844,15.548856,49.952551,1],2.74],[[575887,15.872852,49.988669,1],0.98],[[575925,15.61687,50.029694,1],1.55],[[575933,15.533003,50.10432,0],2.94],[[575968,15.618926,50.011243,1],0.7],[[575984,15.596053,50.085931,1],2.3],[[576018,15.583741,50.102402,1],2.53],[[576026,15.46958,50.013006,1],1.01],[[576042,15.557217,50.105854,0],2.33],[[576051,15.644886,50.062251,1],0.61],[[505145,16.518096,49.644277,2],0.29],[[505391,16.646009,49.639593,1],0.77],[[572357,16.224152,49.807641,1],0.65],[[572365,16.233042,49.803578,1],0.67],[[572373,16.193901,49.798443,1],0.46],[[572438,16.160009,49.837637,0],3.7],[[572519,16.758148,49.647572,1],0.61],[[572586,16.482734,49.640287,1],0.72],[[572594,16.425709,49.793206,0],3.13],[[572608,16.237288,49.884023,0],2.41],[[572624,16.64466,49.728486,1],1.79],[[572632,16.740556,49.780652,0],1.92],[[572691,16.480687,49.71153,2],0.24],[[572713,16.427483,49.782812,1],1.29],[[572721,16.480232,49.805398,1],1.33],[[574309,16.763539,49.692503,0],3.66],[[574325,16.742872,49.762991,0],1.61],[[577731,16.469286,49.755263,4],0.71],[[577774,16.326847,49.854287,1],0.78],[[577839,16.162337,49.741782,2],0.9],[[577863,16.522125,49.627449,2],1.44],[[577898,16.118233,49.690726,0],1.92],[[577928,16.346893,49.628557,2],0.16],[[577936,16.215295,49.898991,1],0.72],[[577944,16.328783,49.827322,1],1.12],[[577961,16.532701,49.80007,1],1.09],[[577987,16.641393,49.700947,1],2.27],[[577995,16.25471,49.82572,2],0.69],[[578053,16.243471,49.920822,0],1.47],[[578096,16.742731,49.667478,1],1.91],[[578100,16.189972,49.823356,0],1.92],[[578126,16.503245,49.617858,0],2.5],[[578134,16.385333,49.840871,1],0.71],[[578151,16.751955,49.625661,2],1.18],[[578185,16.306186,49.661104,2],0.72],[[578193,16.71136,49.632295,3],0.48],[[578231,16.539938,49.766393,1],0.98],[[578258,16.245888,49.67142,1],1.26],[[578266,16.714969,49.846904,0],5.41],[[578282,16.627737,49.794652,2],0.95],[[578304,16.462574,49.643678,0],3.23],[[578347,16.311162,49.870623,4],0.74],[[578355,16.223798,49.774189,1],1.6],[[578363,16.191233,49.855103,1],3.73],[[578380,16.727541,49.709363,2],0.25],[[578401,16.591176,49.822707,1],1.83],[[578428,16.233701,49.867799,1],1.33],[[578444,16.663631,49.757697,4],0.86],