{"reg":1442,"towns":[[[523917,17.196677,50.164036,2],1.89],[[524891,17.078379,50.389907,1],4.31],[[525227,16.916515,50.442133,1],1.85],[[533491,17.1471,50.308312,1],1.85],[[536148,17.002821,50.390868,3],4.14],[[536385,17.198147,50.224725,4],3.33],[[540030,17.14055,50.227866,2],2.59],[[540382,17.321655,50.298634,3],4.83],[[540684,17.253835,50.273123,1],2.76],[[541036,17.201256,50.329431,1],4.1],[[541117,17.255253,50.297785,1],2.76],[[541214,17.027399,50.365038,1],3.6],[[541249,17.097722,50.283473,2],3.19],[[541303,17.18636,50.372435,2],12.4],[[541346,17.046051,50.345377,1],5],[[541575,17.098814,50.30943,2],4.6],[[553301,17.281327,50.283247,1],4.26],[[553468,17.146487,50.363176,1],5.7],[[553484,17.080738,50.308643,1],2.47],[[557218,17.123713,50.342045,1],3.16],[[569356,17.228153,50.257454,2],3.25],[[569453,17.266034,50.316673,1],3.15],[[597996,17.396122,50.263894,3],5.95],[[500135,17.535662,49.603626,0],4.84],[[500160,17.520135,49.721619,1],6.86],[[500496,17.250979,49.593878,6],4.87],[[500526,17.317289,49.668757,2],3.82],[[500623,16.97518,49.709629,2],6.71],[[500801,17.238673,49.528444,1],4.61],[[500852,17.287037,49.663112,3],6.35],[[500861,16.892988,49.704361,2],4.66],[[500879,17.193626,49.536347,1],9.3],[[501476,17.179781,49.816357,2],4.66],[[501646,17.322508,49.649973,3],4.15],[[501751,17.077119,49.578656,2],5.33],[[501794,17.27734,49.482585,2],3.37],[[501841,17.310944,49.537953,2],5.74],[[502146,17.402638,49.627673,3],4.81],[[502235,17.179642,49.572151,2],4.66],[[502405,17.224227,49.716409,1],4.71],[[502545,17.210806,49.640186,2],4],[[502839,17.054513,49.656198,1],5.69],[[503142,17.394675,49.70927,1],7.59],[[503304,17.253626,49.537792,1],4.65],[[503444,17.076255,49.701309,3],13.52],[[503622,16.947383,49.649243,1],5.68],[[503657,17.135827,49.558552,3],6.57],[[503738,17.333246,49.498174,2],2.99],[[504246,17.01963,49.705924,1],8.95],[[504441,17.129794,49.654721,2],3.23],[[504505,17.065499,49.602226,2],4.23],[[504785,17.222863,49.796542,2],5.59],[[505013,17.148305,49.642471,2],7.19],[[505081,17.085882,49.62411,2],4.4],[[505111,17.100026,49.561652,2],6.8],[[505161,17.220518,49.684136,3],3.96],[[505188,17.298995,49.730542,4],6.34],[[505218,17.132851,49.831136,2],2.77],[[505269,17.126175,49.593272,2],2.2],[[505293,17.08111,49.817411,2],4.15],[[505366,17.42708,49.541173,2],4.21],[[505501,17.180511,49.764066,2],3.28],[[505587,17.121542,49.771013,4],4.52],[[505609,17.364082,49.594326,3],3.63],[[505650,17.33766,49.552072,3],3.97],[[505668,17.483576,49.578679,2],5.96],[[505862,17.186914,49.724632,1],8.39],[[540005,17.050055,49.837875,0],2],[[545279,17.445404,49.742397,1],5.31],[[547018,17.153923,49.69162,1],5.69],[[547026,17.323754,49.597116,2],2.44],[[547077,17.328172,49.630522,2],2.31],[[547093,17.284841,49.801996,0],23.53],[[547123,17.241052,49.764167,0],1.69],[[552011,17.272686,49.686232,1],8.71],[[552020,17.277495,49.638193,1],22.53],[[552038,17.011221,49.656944,0],5.33],[[552062,17.019776,49.644661,0],6.06],[[552089,17.31912,49.640125,1],7.11],[[552119,17.288054,49.461184,2],3.28],[[552151,17.176605,49.641248,2],2.28],[[552160,17.161923,49.721386,1],7.36],[[552178,17.045152,49.681155,1],3.7],[[552186,17.083808,49.718889,2],8.99],[[552194,16.963636,49.67466,0],1.61],[[552216,17.120578,49.576275,1],6.13],[[552232,17.082765,49.601996,1],3.36],[[552259,17.001576,49.613591,0],1.22],[[552267,17.05639,49.632317,1],5.38],[[552305,17.323633,49.741758,0],2.5],[[552313,17.338,49.705886,1],4],[[552330,17.294675,49.753458,0],7.69],[[552348,17.23154,49.752475,1],4.74],[[552356,17.260966,49.737929,1],4.76],[[552364,17.157685,49.587135,1],1.95],[[552372,17.062716,49.787639,2],4.91],[[552381,17.077461,49.834478,1],2.45],[[552399,17.144047,49.754196,0],4.65],[[552402,17.343594,49.60536,1],0.77],[[552411,17.390548,49.587462,2],3.67],[[552429,17.381252,49.572579,0],1.56],[[552437,17.344253,49.520843,1],3.95],[[552445,17.447349,49.578642,1],4.12],[[554103,17.25688,49.765829,0],1.64],[[554901,17.195665,49.614533,2],3.39],[[554944,17.401657,49.602712,1],3.18],[[568392,17.411581,49.567276,2],2.67],[[568872,17.254067,49.518462,1],3.28],[[568911,17.001818,49.692571,1],4.3],[[568961,16.99541,49.635568,1],12.84],[[569003,17.225136,49.691682,1],2.76],[[569054,17.175596,49.733438,0],2.27],[[569771,17.382014,49.527138,0],1.49],[[569798,17.37728,49.771108,1],4.65],[[597414,17.298064,49.820063,1],5.71],[[597678,17.442222,49.79384,3],2.5],[[506761,17.041589,49.423541,0],3.16],[[506770,17.063403,49.441499,1],5.64],[[549967,16.937715,49.622521,0],5.56],[[549983,16.949496,49.631541,0],6.25],[[557196,17.212617,49.302054,1],2.38],[[558419,17.134108,49.491208,2],1.66],[[589250,17.106851,49.472549,5],5],[[589268,17.166534,49.448359,2],2.81],[[589276,17.043319,49.511097,1],10.92],[[589284,17.236699,49.459774,1],2.25],[[589292,16.957654,49.620952,1],5.92],[[589314,16.83297,49.548791,1],7.02],[[589322,17.090164,49.370064,2],3.16],[[589331,16.892539,49.608693,0],4.23],[[589349,16.92698,49.587129,1],5.83],[[589357,16.829233,49.509838,1],5.06],[[589365,17.175182,49.43255,1],2.38],[[589381,17.037775,49.551061,2],12.09],[[589390,17.19374,49.412429,1],3.51],[[589403,17.093902,49.516364,2],5.15],[[589420,17.082286,49.415458,1],2.02],[[589438,17.105673,49.385961,1],4.39],[[589446,17.141647,49.35854,1],1.85],[[589454,17.160101,49.350312,1],3.73],[[589462,16.897488,49.433359,1],10.34],[[589489,17.143364,49.328187,1],2.74],[[589497,16.850985,49.612993,0],5.48],[[589501,16.996747,49.541496,1],4.55],[[589519,16.790882,49.549106,1],19.16],[[589527,17.128429,49.364185,1],3.81],[[589535,17.220521,49.478575,0],3.45],[[589543,17.193197,49.450115,1],6.07],[[589560,16.910181,49.636303,1],10.68],[[589578,17.251454,49.424694,1],1.38],[[589586,16.862184,49.608512,1],9.2],[[589594,16.841358,49.650182,1],4.88],[[589608,17.211237,49.403017,1],4],[[589616,17.250871,49.446217,1],10],[[589624,16.889217,49.590395,3],9],[[589632,17.058346,49.514078,3],18.7],[[589641,17.171314,49.284523,1],9.09],[[589659,17.180583,49.463062,2],6.36],[[589667,17.001558,49.446019,1],5.52],[[589675,17.002235,49.584113,1],3.65],[[589683,17.024171,49.499779,1],3.57],[[589691,16.861891,49.526065,1],7.17],[[589705,16.87332,49.641418,1],7.95],[[589713,16.87669,49.493414,1],7.35],[[589721,17.196995,49.330574,1],4.9],[[589730,17.052223,49.472246,2],2.68],[[589748,17.027659,49.406547,1],5.17],[[589756,17.206072,49.341914,2],14.99],[[589764,17.173366,49.325526,2],6.89],[[589772,16.851911,49.445315,1],5.88],[[589802,17.02073,49.48656,1],4.12],[[589811,16.915109,49.600231,0],3.37],[[589829,17.16467,49.53655,2],3.18],[[589837,17.063785,49.363049,1],5.43],[[589845,17.071186,49.388426,2],1.96],[[589853,16.871783,49.421275,1],3.41],[[589870,17.013234,49.567294,1],3.54],[[589888,17.184933,49.384785,1],1.41],[[589896,17.015122,49.466236,2],3.08],[[589918,16.997349,49.427632,1],5.56],[[589926,16.836047,49.483614,1],7.37],[[589934,16.955914,49.556472,2],8.04],[[589942,16.961205,49.511729,2],6.06],[[589969,16.938064,49.610112,0],6.38],[[589977,16.840456,49.397795,1],4.19],[[589993,17.169915,49.403186,1],1.98],[[590002,16.82033,49.583631,1],12.12],[[590011,17.094088,49.548787,1],3.4],[[590029,17.107084,49.505793,2],6.1],[[590045,17.229132,49.30241,0],7.69],[[590053,17.053825,49.532985,1],8.48],[[590070,16.930233,49.543242,1],2.82],[[590088,16.896773,49.547269,1],10],[[590096,16.813444,49.602264,0],6.78],[[590100,17.165505,49.306988,1],6.92],[[590118,17.22203,49.374487,1],2.82],[[590126,17.073015,49.430551,2],2.7],[[590134,17.171909,49.344156,1],11.72],[[590142,16.959663,49.488573,1],2.26],[[590151,17.240961,49.311939,0],1.96],[[590177,17.111366,49.400982,1],2.65],[[590185,17.200051,49.508146,2],2.88],[[590193,17.219343,49.332781,1],8.07],[[590207,17.139043,49.401769,1],5.29],[[590215,17.13914,49.416444,1],2.81],[[590223,16.988886,49.50595,1],7.14],[[590240,17.097896,49.346065,1],3.03],[[511382,17.45033,49.456579,5],3.69],[[512231,17.806648,49.5913,2],3.09],[[512281,17.501452,49.41746,1],4.17],[[512401,17.608881,49.462827,0],2.99],[[512532,17.428459,49.421475,1],