{"reg":1446,"towns":[[[530646,15.508912,49.596462,0],10.29],[[530654,15.622295,49.562373,0],2.25],[[546216,15.7274,49.662324,0],1.16],[[548189,15.293094,49.648891,0],6.52],[[548243,15.293283,49.629757,0],2.7],[[548251,15.439055,49.830381,0],5.45],[[548260,15.618547,49.601128,0],3.08],[[548286,15.578739,49.647038,1],0.68],[[548308,15.623325,49.629564,0],5.36],[[548316,15.524426,49.577036,0],3.85],[[548341,15.452365,49.514827,0],4.17],[[548359,15.301494,49.693104,0],3.33],[[548421,15.564631,49.708551,1],1.92],[[548430,15.730501,49.732931,1],3.19],[[548448,15.715276,49.726648,0],3.57],[[548481,15.712996,49.759535,0],5],[[548529,15.540336,49.534276,0],1.85],[[548570,15.431616,49.707561,0],4.44],[[548596,15.54733,49.82401,0],16],[[548618,15.571977,49.800604,0],2.86],[[548634,15.767847,49.721628,0],3.77],[[555266,15.437793,49.648874,1],3.55],[[568414,15.579755,49.604436,4],2.3],[[568457,15.286899,49.667888,1],5.19],[[568465,15.590083,49.791915,0],5.41],[[568503,15.691066,49.643015,2],1.21],[[568520,15.33518,49.741853,1],2.08],[[568538,15.67485,49.578654,1],1.85],[[568597,15.60314,49.660734,1],1.67],[[568601,15.382401,49.627806,1],2.73],[[568619,15.410323,49.69888,0],1.19],[[568635,15.476967,49.816361,3],2.02],[[568651,15.484963,49.756128,2],1.36],[[568660,15.781671,49.635883,1],1.02],[[568678,15.457184,49.530935,2],1.02],[[568694,15.202877,49.685299,1],1.68],[[568708,15.588589,49.672094,1],1.83],[[568724,15.295565,49.707329,0],3.51],[[568759,15.671142,49.720714,3],3.18],[[568767,15.443719,49.767642,0],3.45],[[568783,15.234446,49.73822,0],3.13],[[568805,15.641764,49.792454,1],2.38],[[568821,15.519989,49.711957,1],1.77],[[568848,15.275344,49.643905,1],7.61],[[568881,15.658186,49.657213,0],2.47],[[568899,15.293073,49.734658,0],8.45],[[568902,15.253313,49.670414,1],2.98],[[568929,15.470441,49.602787,1],2.19],[[568937,15.684616,49.625837,0],1.96],[[568945,15.852171,49.688511,2],2.95],[[568953,15.50741,49.564751,0],1.09],[[568970,15.360244,49.739281,0],3.7],[[568988,15.277827,49.695269,3],2.87],[[568996,15.537109,49.762995,0],2.78],[[569011,15.39771,49.761453,1],0.58],[[569020,15.704338,49.745023,1],0.61],[[569038,15.542919,49.554584,2],1.91],[[569046,15.413664,49.613125,1],1.46],[[569071,15.465269,49.688715,0],5.95],[[569089,15.676917,49.772128,1],2],[[569160,15.648091,49.756205,1],2.59],[[569186,15.490933,49.630014,2],1.71],[[569216,15.547785,49.68167,1],2.02],[[569224,15.755752,49.659429,1],2.1],[[569241,15.332621,49.699317,0],2.44],[[569291,15.648156,49.606211,1],0.81],[[569321,15.73865,49.576939,3],1.31],[[569364,15.545004,49.661841,0],2],[[569399,15.633903,49.672641,1],3.65],[[569411,15.509141,49.76947,0],4.55],[[569461,15.487779,49.843818,0],3.33],[[569470,15.532234,49.684765,1],2.15],[[569488,15.780817,49.742924,1],4.84],[[569518,15.766977,49.701095,1],1.12],[[569534,15.691053,49.601344,0],1.59],[[569569,15.404038,49.66811,3],2.07],[[569585,15.657789,49.542525,1],0.6],[[569593,15.588733,49.502586,2],4.91],[[569615,15.493338,49.705057,1],1.16],[[569640,15.585655,49.768087,1],2.19],[[569658,15.502573,49.5143,1],1.48],[[569674,15.571018,49.744231,1],0.64],[[569682,15.526155,49.639737,1],2.56],[[569691,15.459156,49.563955,1],2.01],[[569704,15.695774,49.514522,1],1.19],[[569712,15.53594,49.815761,1],3.53],[[569721,15.321935,49.686513,1],2.02],[[569739,15.356843,49.715726,0],3.85],[[569780,15.813706,49.696057,3],1.21],[[569801,15.735236,49.610734,1],1.75],[[573566,15.240686,49.754546,0],1.28],[[573582,15.652667,49.770412,0],1.72],[[506729,15.490478,49.375465,0],5.06],[[550281,15.589163,49.409551,1],1.7],[[550299,15.537956,49.471478,1],6.52],[[586846,15.595469,49.41586,5],4.24],[[586854,15.823702,49.436298,0],1.85],[[586862,15.410734,49.290179,2],5.53],[[586889,15.560205,49.417417,1],11.81],[[586897,15.734153,49.368136,1],2.59],[[586943,15.676522,49.307047,3],3.71],[[586951,15.72724,49.526068,1],1.11],[[586978,15.472878,49.3694,1],4.05],[[586986,15.587278,49.334875,0],5.8],[[587010,15.604269,49.236176,1],0.79],[[587028,15.650023,49.478429,2],4.06],[[587044,15.456651,49.344588,2],1.32],[[587087,15.39771,49.451107,0],4.11],[[587095,15.432836,49.408817,1],4.86],[[587109,15.493972,49.174727,0],1.67],[[587117,15.575048,49.38725,1],4.24],[[587125,15.611458,49.214727,0],8.2],[[587141,15.480092,49.270172,1],2.12],[[587150,15.413786,49.389244,0],2.74],[[587168,15.317105,49.259681,1],4.49],[[587176,15.588563,49.362563,1],5.92],[[587184,15.394712,49.164698,0],7.69],[[587206,15.422663,49.165516,0],4],[[587249,15.723948,49.431232,1],2.81],[[587265,15.830768,49.421358,0],1.72],[[587273,15.484258,49.323203,0],8.33],[[587281,15.465658,49.416395,0],4.55],[[587320,15.44153,49.481127,0],9.09],[[587338,15.301432,49.241354,0],5.45],[[587346,15.780333,49.366688,2],3.01],[[587362,15.652675,49.51005,0],4.11],[[587389,15.604156,49.094109,0],2.41],[[587401,15.490771,49.3614,1],2.33],[[587419,15.42899,49.147908,0],3.57],[[587427,15.700567,49.413143,1],1.8],[[587435,15.414923,49.181877,1],2],[[587443,15.616146,49.11513,0],1.61],[[587451,15.385751,49.209194,0],13.46],[[587478,15.702039,49.374132,3],3.27],[[587486,15.637796,49.396595,1],6.45],[[587494,15.617202,49.178289,0],23.61],[[587508,15.657133,49.437406,1],16.07],[[587524,15.393119,49.395568,0],8.51],[[587541,15.376196,49.189556,1],4.13],[[587559,15.389524,49.142671,0],3.03],[[587567,15.484514,49.209518,0],1.61],[[587575,15.773162,49.422331,0],1.39],[[587583,15.534527,49.225836,0],2.99],[[587591,15.563696,49.13951,1],2.81],[[587621,15.394379,49.431128,0],1.2],[[587656,15.515001,49.252661,0],3.95],[[587672,15.265918,49.219628,0],3.23],[[587681,15.55721,49.242892,1],5.26],[[587702,15.53837,49.42009,0],9.09],[[587711,15.718914,49.487099,3],2.39],[[587745,15.700414,49.374959,1],4.02],[[587788,15.515264,49.408348,1],4.64],[[587796,15.399269,49.350316,1],0.78],[[587818,15.428507,49.270494,1],3.91],[[587826,15.736398,49.42295,0],1.85],[[587834,15.391382,49.221126,0],5.88],[[587877,15.613497,49.192397,0],7.69],[[587885,15.495752,49.22761,1],3.48],[[587923,15.594868,49.179652,1],2.12],[[587931,15.585729,49.282212,2],10.79],[[587958,15.598749,49.443643,1],4.93],[[587982,15.577541,49.301108,1],2.33],[[587991,15.635608,49.166246,0],8.33],[[588008,15.450115,49.458171,0],6.06],[[588024,15.454373,49.183338,3],1.48],[[588032,15.483401,49.290971,3],2.41],[[588041,15.453316,49.245602,0],10.81],[[588075,15.414883,49.47362,0],1.33],[[588105,15.580807,49.154876,0],5.26],[[588113,15.667107,49.405141,2],3.08],[[588121,15.478957,49.475877,1],4.43],[[588130,15.695408,49.480083,0],9.43],[[588156,15.576862,49.334609,1],2.78],[[588172,15.508243,49.419455,1],3.13],[[588181,15.73023,49.394112,1],4.82],[[588199,15.53056,49.151246,0],2.22],[[588202,15.756929,49.486751,1],1.11],[[588211,15.422783,49.443804,0],8.51],[[588229,15.480494,49.48738,0],11.54],[[588253,15.771449,49.4427,1],1.23],[[588288,15.678575,49.454999,1],2.72],[[590371,15.624317,49.237281,0],3.7],[[590681,15.680298,49.255545,0],9.38],[[590843,15.672268,49.27088,2],6.56],[[509388,15.117873,49.53161,0],2.78],[[509418,14.947722,49.310234,0],4.88],[[537608,15.16866,49.382588,0],7.22],[[537691,15.178062,49.393042,0],2.6],[[547492,15.223083,49.430721,4],2.05],[[547549,15.015943,49.307781,0],1.75],[[547603,15.001328,49.516554,0],2.17],[[547638,15.362705,49.579243,1],1.04],[[547662,14.957412,49.455335,1],2.86],[[547719,15.180392,49.307899,1],0.47],[[547735,15.379353,49.565751,1],1.33],[[547760,14.960993,49.372757,2],1.23],[[547778,15.178468,49.511334,2],0.4],[[547913,15.327794,49.320362,2],2.11],[[547930,15.307554,49.293507,1],2.44],[[547948,15.107097,49.512566,1],1.1],[[547999,15.359423,49.541624,4],1.94],[[548090,15.304162,49.5927,1],1.87],[[548103,15.015964,49.423391,1],5.15],[[548111,15.075292,49.303136,3],3.24],[[548120,15.392728,49.590575,1],1.68],[[548171,15.116371,49.558467,1],1.04],[[548201,14.917101,49.389356,0],1.75],[[548219,15.168678,49.536955,1],0.92],[[548235,15.08121,49.43,0],2.44],[[548332,14.990517,49.565511,1],0.29],[[548383,15.335272,49.491565,1],0.99],[[548391,14.965835,49.298466,1],