{"reg":1451,"towns":[[[538795,12.168117,50.234889,1],1.16],[[538868,12.279652,50.086208,1],1.9],[[538922,12.487772,50.062566,1],4.84],[[539112,12.59591,49.991631,1],3.39],[[539279,12.666767,49.966767,2],4.53],[[539431,12.744072,49.971876,1],0.83],[[539473,12.779206,49.953112,0],4.55],[[539481,12.654905,49.976907,1],2.74],[[539554,12.48425,50.103171,1],6.76],[[554481,12.369964,50.079633,5],2.29],[[554499,12.195113,50.223983,4],1.52],[[554502,12.551125,50.018055,2],1.92],[[554511,12.665618,49.93907,1],17.9],[[554529,12.349781,50.120159,3],1.4],[[554545,12.272617,50.156457,2],0.52],[[554553,12.175894,50.304702,2],0.94],[[554596,12.393172,50.194269,1],1.2],[[554600,12.624853,50.010693,2],3.67],[[554618,12.230943,50.128275,1],1.07],[[554626,12.448928,50.036398,1],1.54],[[554634,12.406065,50.252592,2],1.29],[[554642,12.701298,49.964699,4],2.25],[[554651,12.453308,50.156155,1],2.38],[[554677,12.787043,50.03698,1],0.87],[[554693,12.472085,50.115352,1],0.93],[[554707,12.445362,50.217131,1],0.64],[[554740,12.34681,50.220815,2],1.11],[[554812,12.361561,50.170411,2],2.03],[[554855,12.676134,49.91921,1],1.8],[[554880,12.616745,49.942277,1],3.27],[[555631,12.86316,49.981953,3],2.76],[[577979,12.298291,50.140272,0],3.03],[[500127,13,50.25,0],26.09],[[506486,12.924571,50.409844,0],9.09],[[506494,12.719531,50.360145,1],4.61],[[537845,12.85168,50.148702,0],11.86],[[537870,12.870986,50.197494,1],3.96],[[537918,12.895923,50.247898,2],10.03],[[537926,12.800046,50.226649,1],17.99],[[537934,12.770109,50.237288,1],5.65],[[537969,12.871721,50.25545,1],12.02],[[538001,12.962918,50.20449,1],24.81],[[538019,12.711084,50.291365,1],4.76],[[538027,12.765442,50.291579,0],3.41],[[538116,12.814015,50.294681,1],10.73],[[538159,12.919811,50.283247,1],13.5],[[551651,12.789994,50.213854,1],19.64],[[554961,12.872062,50.231952,5],12.27],[[554979,12.818377,50.368855,2],11.68],[[554995,12.838429,50.083561,1],3.06],[[555029,13.045282,50.151007,2],2.25],[[555045,12.769752,50.258843,1],8.13],[[555169,12.771048,50.390493,1],5.61],[[555185,12.871918,50.309508,2],47.3],[[555207,13.249179,50.104736,1],1.81],[[555215,12.934767,50.358573,3],8.92],[[555258,12.903449,50.187545,1],9.55],[[555304,12.921351,50.072448,1],11.24],[[555347,13.000007,50.262803,1],15.07],[[555363,12.863613,50.32819,1],20.08],[[555380,12.729474,50.322529,3],5.72],[[555398,12.784334,50.271028,3],5.5],[[555428,12.939183,50.306035,4],5.53],[[555444,12.892407,50.032393,1],2.65],[[555452,12.783825,50.365797,1],4.11],[[555525,13.170783,50.051663,1],1.92],[[555533,12.897194,50.267226,2],9.22],[[555550,12.874064,50.165217,1],11.36],[[555584,13.051067,50.337331,1],4.86],[[555592,13.005785,50.183216,1],4.37],[[555614,12.976213,50.237016,1],7.98],[[555622,13.114279,50.058313,1],3.06],[[555657,12.985171,50.060604,3],7.94],[[555681,12.954852,50.070847,1],5.71],[[555703,13.009826,50.284179,1],3.61],[[555738,13.016307,50.303424,1],2.36],[[555762,13.163084,50.092028,2],1.58],[[556947,12.925973,50.179793,1],6.79],[[566675,13.233839,50.14965,0],6.45],[[578029,12.696743,50.348275,1],4.69],[[578045,13.002857,50.344955,1],3.7],[[511587,12.579546,50.211627,1],9.52],[[538337,12.786342,50.109287,1],4.02],[[538396,12.582432,50.135748,1],4.52],[[538434,12.625358,50.192341,2],6.04],[[538591,12.645192,50.164731,2],5.99],[[538663,12.697409,50.276819,0],4.88],[[560286,12.659992,50.174629,4],7.43],[[560294,12.643488,50.145752,3],5.69],[[560308,12.505287,50.374494,1],12.5],[[560316,12.572766,50.166437,2],1.53],[[560324,12.61344,50.162671,1],0.9],[[560332,12.567344,50.146566,1],7.14],[[560341,12.637158,50.243218,1],5.36],[[560359,12.550653,50.183078,3],2.59],[[560367,12.807697,50.138742,3],3.85],[[560375,12.535762,50.149949,1],3.49],[[560383,12.747709,50.23983,4],2.18],[[560413,12.602422,50.28276,1],2.86],[[560421,12.504505,50.14885,1],3.51],[[560456,12.534192,50.216079,1],7.5],[[560464,12.67954,50.19412,1],5],[[560472,12.517588,50.323835,3],8.27],[[560499,12.530388,50.119038,3],1.48],[[560502,12.552602,50.128978,1],0.68],[[560537,12.754163,50.186112,3],4.21],[[560545,12.632789,50.211851,2],14.21],[[560561,12.775287,50.084201,0],10.53],[[560570,12.738121,50.206578,3],5.38],[[560588,12.558884,50.251243,2],31.16],[[560600,12.573526,50.29638,3],0.93],[[560618,12.668852,50.104512,1],5.36],[[560642,12.719941,50.181807,1],6.2],[[560651,12.526519,50.356766,1],5.38],[[560677,12.603439,50.318764,1],4.67],[[560685,12.717598,50.233928,2],1.17],[[579360,12.676998,50.182307,0],4.46]],"districts":[["CZ0411",2.27],["CZ0412",10],["CZ0413",5.51]],"regions":[["CZ041",6.51]]}