{"reg":1455,"towns":[[[513717,15.727458,50.18002,1],8.47],[[548057,15.757627,50.323032,0],6.45],[[548065,15.582212,50.161163,1],6.31],[[548154,15.775579,50.257478,1],8.77],[[548677,16.020182,50.24034,0],7.32],[[569810,15.825311,50.210461,5],9.47],[[569828,15.585617,50.192196,0],7.95],[[569836,15.56774,50.197698,1],2.08],[[569852,15.942805,50.198081,1],5.03],[[569861,15.736096,50.310292,0],6.38],[[569879,15.930746,50.214011,1],7.93],[[569887,15.630961,50.203911,1],2.46],[[569917,15.922644,50.262743,2],13.23],[[569925,15.874133,50.318732,2],6.61],[[569933,15.731935,50.28893,0],10.39],[[569941,15.921759,50.239875,0],10],[[569968,15.641146,50.147821,1],8.33],[[569976,15.694605,50.287371,1],6.25],[[569984,15.708601,50.239725,1],5.14],[[569992,15.826971,50.326035,1],7.59],[[570001,15.403364,50.264697,1],3.38],[[570010,15.71623,50.314969,0],11.76],[[570028,15.860186,50.308038,1],3.4],[[570044,15.767421,50.309639,1],9.02],[[570052,15.675654,50.218662,0],3.39],[[570087,15.511631,50.226124,1],12.28],[[570109,15.460363,50.154506,3],36.2],[[570125,15.550972,50.149139,1],32.98],[[570133,16.002737,50.22828,1],15.24],[[570150,15.557599,50.153056,0],8.22],[[570168,15.501358,50.125681,1],12.82],[[570176,15.534913,50.179841,1],12.28],[[570184,15.555822,50.178703,1],9.3],[[570192,15.53668,50.259542,1],4.55],[[570206,15.607018,50.169243,1],7.07],[[570214,15.636021,50.217617,1],2.26],[[570222,15.942389,50.297761,0],10.61],[[570231,15.696345,50.172522,1],7.65],[[570249,15.695007,50.191851,1],5.83],[[570257,15.996241,50.244268,0],3.13],[[570265,15.95985,50.242363,1],16.47],[[570273,15.963989,50.287938,1],17.14],[[570290,15.408168,50.181052,0],23.68],[[570303,15.610553,50.270952,1],4],[[570311,15.820017,50.272221,1],11.48],[[570320,15.38474,50.165301,1],17.53],[[570354,15.819476,50.33965,0],1.69],[[570362,15.411967,50.213644,1],8.15],[[570397,15.528273,50.215505,1],5.26],[[570401,15.501571,50.191824,0],11.27],[[570419,15.68594,50.27513,1],5.93],[[570427,15.557476,50.297719,0],1.82],[[570435,15.675954,50.296508,1],6.45],[[570443,15.78561,50.27676,1],15.79],[[570451,15.632865,50.237468,2],5.2],[[570478,15.463452,50.192306,1],8.73],[[570494,15.495214,50.147769,1],23.08],[[570508,15.490926,50.241602,3],5.18],[[570516,15.511087,50.32963,1],6.72],[[570524,15.445092,50.142363,1],22.62],[[570532,15.686098,50.142888,1],6.02],[[570541,15.676288,50.143649,0],14.58],[[570567,15.598601,50.289854,1],2.25],[[570575,15.501834,50.15553,1],29.51],[[570648,15.548695,50.238775,1],5.26],[[570656,15.742802,50.17297,2],4.74],[[570672,15.815669,50.256426,2],6.39],[[570681,15.410541,50.151634,1],20.22],[[570702,15.796171,50.315762,0],2.44],[[570711,15.693658,50.209432,0],1.41],[[570729,15.663736,50.20977,0],3.77],[[570745,15.651804,50.176262,1],4.67],[[570796,15.796074,50.289952,1],9.24],[[570800,15.872134,50.27647,1],6.5],[[570834,15.499348,50.268616,2],10.94],[[570851,15.502075,50.257418,1],3.21],[[570869,15.477355,50.291556,2],5.07],[[570877,15.865181,50.299879,3],7.69],[[570885,15.917943,50.299846,1],6.63],[[570907,15.705857,50.307552,0],5.26],[[570915,15.530668,50.150422,0],18.18],[[570931,15.748412,50.215821,2],7.03],[[570958,15.64079,50.301628,1],8.49],[[570966,15.718242,50.258368,1],8.15],[[571008,15.662838,50.154859,1],5.22],[[571016,15.542057,50.315142,0],8.7],[[571024,15.711159,50.207992,1],8.26],[[571041,15.992336,50.201066,3],9.17],[[571059,15.688982,50.265178,1],6.58],[[571083,15.428963,50.289608,1],1.42],[[571091,15.760224,50.255417,2],15.64],[[571105,15.979052,50.269739,1],7.05],[[571113,15.824842,50.153472,2],9.25],[[571130,15.483086,50.211244,0],5.13],[[573132,15.452434,50.25854,1],4.21],[[573191,15.700009,50.297512,1],9.3],[[573531,15.626417,50.185916,0],3.77],[[573621,15.711346,50.191374,0],12.5],[[573710,15.587203,50.245928,1],5.26],[[573744,15.56176,50.224827,0],4.23],[[573779,15.75893,50.297029,0],8.22],[[576352,16.012785,50.250722,1],5.36],[[576433,16.04283,50.223913,1],11.21],[[530735,15.213064,50.386111,0],6.25],[[548855,15.620923,50.316342,0],2.82],[[548863,15.63112,50.329866,1],3.19],[[548871,15.607452,50.299084,0],8],[[548880,15.582808,50.325546,0],12.9],[[548901,15.600604,50.369489,0],7.14],[[548910,15.30877,50.4497,0],2.63],[[548944,15.470916,50.39615,0],3.28],[[548961,15.219151,50.394226,0],7.89],[[548979,15.654346,50.438962,0],12.5],[[548995,15.643602,50.39943,0],3.64],[[549029,15.628263,50.438105,0],2.33],[[549037,15.516036,50.432957,0],8.97],[[549070,15.313367,50.434394,0],9.3],[[549088,15.286389,50.452243,0],13.33],[[549096,15.342338,50.40511,1],5.56],[[549100,15.337606,50.465297,0],2.41],[[549151,15.32977,50.478592,0],9.46],[[549169,15.350713,50.454929,0],2],[[549185,15.258528,50.454396,0],10.53],[[549193,15.264128,50.470898,0],7.27],[[549207,15.493052,50.347043,0],1.82],[[549223,15.29557,50.387734,0],19.44],[[549274,15.678023,50.333359,0],6.06],[[549282,15.427515,50.386551,1],2.06],[[549312,15.419326,50.409627,0],3.85],[[549355,15.280763,50.324828,0],2.44],[[572047,15.37809,50.494389,0],7.14],[[572128,15.428878,50.369139,0],2.04],[[572144,15.380794,50.286507,0],6.78],[[572187,15.349485,50.308911,0],3.33],[[572659,15.361144,50.435433,4],9.21],[[572667,15.605129,50.334576,0],9.59],[[572675,15.292617,50.31413,1],5.88],[[572705,15.708485,50.365894,0],10.42],[[572756,15.636457,50.42462,0],17.78],[[572772,15.244218,50.392983,1],7.29],[[572781,15.723633,50.333348,1],8.29],[[572811,15.360429,50.339204,0],6.76],[[572829,15.170627,50.36818,1],3.35],[[572837,15.602674,50.348096,1],14.19],[[572900,15.320807,50.451706,1],14.38],[[572918,15.577533,50.375381,1],14.29],[[572926,15.63194,50.366189,3],5.64],[[572969,15.496287,50.359371,1],4.96],[[572993,15.680876,50.344654,1],6.48],[[573001,15.337392,50.373176,1],1.95],[[573043,15.322548,50.493286,1],4.4],[[573051,15.480335,50.402345,1],8.11],[[573060,15.2704,50.330951,2],4.67],[[573086,15.554989,50.336986,0],2.7],[[573094,15.582797,50.428843,3],5.94],[[573108,15.21695,50.375516,2],1.83],[[573116,15.162912,50.490669,1],5.92],[[573124,15.298603,50.498255,1],2.82],[[573141,15.616987,50.395819,1],10.09],[[573159,15.470396,50.431154,1],4.7],[[573167,15.196175,50.430868,1],6.43],[[573175,15.682367,50.403916,1],5.97],[[573183,15.178861,50.401703,0],4.76],[[573205,15.232724,50.482181,1],6.42],[[573213,15.521712,50.411963,1],7.53],[[573221,15.699658,50.391682,1],3.2],[[573230,15.370126,50.384534,1],4.12],[[573248,15.515138,50.494593,3],4.1],[[573256,15.562386,50.407609,0],4.88],[[573264,15.159618,50.463947,0],2.86],[[573272,15.549593,50.372556,2],4.84],[[573281,15.289734,50.443397,0],6.06],[[573299,15.608329,50.480435,2],2.66],[[573302,15.543039,50.42605,0],10.71],[[573311,15.514528,50.390156,1],6.44],[[573329,15.310632,50.418572,1],5.07],[[573337,15.447215,50.45237,0],5],[[573345,15.340577,50.469069,1],5.88],[[573353,15.294637,50.412586,0],1.92],[[573370,15.428693,50.458914,1],5.44],[[573442,15.23502,50.459432,1],4.88],[[573451,15.424479,50.320225,1],6.25],[[573469,15.381502,50.366869,1],9.09],[[573477,15.514931,50.372376,1],12.15],[[573493,15.176299,50.467515,2],10.58],[[573507,15.49455,50.510424,2],6.72],[[573523,15.494647,50.336688,1],2],[[573540,15.274587,50.404458,1],7.35],[[573612,15.651767,50.339344,1],5.33],[[573639,15.469231,50.377493,1],2.08],[[573647,15.417033,50.395077,0],8.51],[[573655,15.47042,50.473031,1],4.37],[[573663,15.261676,50.374485,1],3.45],[[573671,15.687441,50.427287,0],1.85],[[573680,15.262655,50.506631,1],3.08],[[573698,15.437401,50.43413,1],4.88],[[573701,15.384989,50.455113,2],5.28],[[573728,15.317707,50.407596,0],4.11],[[573736,15.565907,50.512639,1],1.63],[[573752,15.378316,50.393404,1],2.4],[[573761,15.398381,50.335635,0],1.85],[[573795,15.323155,50.323952,0],10.26],[[573809,15.436421,50.331055,1],1.76],[[573825,15.384697,50.472837,2],4.13],[[573833,15.411844,50.353646,1],3.13],[[573841,15.32061,50.295469,0],2.5],[[573850,15.382081,50.30222,0],11.11],[[505099,16.058927,50.450166,0],15.48],[[530786,16.016933,50.384385,0],7.5],[[547531,15.910937,50.369279,0],2.78],[[547565,16.02139,50.421946,0],8.33],