{"reg":1466,"towns":[[[546950,17.475201,49.922008,0],3.13],[[551724,17.477161,49.958602,1],2.11],[[551732,17.441174,49.960503,1],3.15],[[551821,17.178202,49.895592,0],1.2],[[551864,17.633923,50.243942,1],1.45],[[551872,17.672253,50.280106,0],3.45],[[551881,17.700802,50.309757,0],2.94],[[551911,17.236572,49.958482,1],0.84],[[552003,17.548483,50.051137,1],20.73],[[569551,17.5283,50.023575,1],1.32],[[569577,17.497004,50.003161,1],2.97],[[597180,17.463794,49.988277,4],0.35],[[597210,17.629214,50.063603,2],3.05],[[597317,17.547725,49.833416,2],0.4],[[597325,17.397871,50.193392,1],1.15],[[597341,17.486079,50.156849,1],1.74],[[597392,17.599627,50.111701,1],1.2],[[597473,17.30696,50.073193,0],1.52],[[597481,17.445738,50.105736,1],1.3],[[597511,17.546206,50.091869,1],7.25],[[597520,17.703168,50.090683,4],0.67],[[597554,17.62651,50.007958,2],0.5],[[597571,17.605521,50.222367,1],2.54],[[597601,17.311666,50.021157,1],1.62],[[597635,17.574913,50.163036,3],2.54],[[597716,17.715337,50.275267,2],0.64],[[597724,17.532102,49.931401,1],1.38],[[597741,17.513637,49.896091,0],1.25],[[597783,17.271873,49.931927,3],0.27],[[597881,17.674365,49.946147,1],3.09],[[597911,17.57542,50.20503,1],0.78],[[597961,17.383262,50.121048,3],0.09],[[597988,17.593061,50.034227,2],19.22],[[507181,18.361716,49.613573,2],0.32],[[507423,18.406126,49.621505,2],0.34],[[507547,18.719541,49.585749,2],0.28],[[511633,18.738514,49.569174,1],0.96],[[512028,18.80242,49.55934,2],0.25],[[512184,18.339222,49.606756,2],0.18],[[549665,18.472974,49.619845,2],0.17],[[552488,18.468124,49.68244,1],0.88],[[552518,18.426436,49.660825,2],0.33],[[552577,18.347648,49.564927,1],0.29],[[552658,18.571876,49.660869,1],0.4],[[554014,18.759182,49.5873,3],0.26],[[568791,18.4663,49.724989,1],0.62],[[568830,18.317179,49.733473,2],0.33],[[569631,18.327726,49.689354,2],0.15],[[598003,18.367422,49.682031,5],0.28],[[598011,18.372443,49.645943,3],0.08],[[598020,18.453037,49.442171,1],1.06],[[598038,18.222205,49.700196,3],1.01],[[598046,18.409749,49.717092,1],0.75],[[598062,18.720488,49.63667,3],0.16],[[598071,18.337697,49.548829,3],0.37],[[598089,18.414037,49.673927,3],0.1],[[598101,18.481063,49.712825,2],0.26],[[598135,18.223315,49.666867,2],0.43],[[598143,18.358605,49.591902,3],0.34],[[598232,18.833235,49.520116,1],3.13],[[598321,18.256672,49.590494,3],0.91],[[598348,18.235519,49.729234,2],0.22],[[598356,18.261235,49.550798,2],0.72],[[598364,18.298465,49.597285,1],0.57],[[598399,18.449769,49.716011,2],0.91],[[598445,18.524824,49.596169,2],0.28],[[598453,18.754281,49.527472,3],0.35],[[598542,18.391751,49.535196,2],0.68],[[598551,18.315185,49.63477,3],0.23],[[598569,18.290478,49.731885,3],0.38],[[598674,18.368797,49.71846,2],0.37],[[598691,18.221998,49.623907,2],1.16],[[598810,18.67089,49.677731,5],0.16],[[552739,18.481997,49.797901,3],0.1],[[555088,18.430725,49.780492,5],0.16],[[598917,18.543319,49.856752,5],0.57],[[598925,18.524545,49.786552,3],0.21],[[598933,18.623896,49.747144,4],0.07],[[598941,18.460901,49.894214,3],0.38],[[598968,18.428262,49.898856,3],0.22],[[599051,18.357074,49.904426,4],0.15],[[599069,18.425108,49.870238,5],0.14],[[599077,18.547898,49.895965,3],1.73],[[599085,18.389513,49.831096,3],0.06],[[599140,18.525286,49.817011,2],0.71],[[599158,18.48302,49.752419,3],0.22],[[500046,18.077075,49.626557,2],1.77],[[500259,18.114362,49.539264,2],1.62],[[546984,18.001712,49.73417,1],0.63],[[554171,18.003387,49.604647,2],0.88],[[554936,18.047592,49.800422,1],1.4],[[568406,17.979978,49.790806,1],1.35],[[568422,18.044045,49.750537,2],0.64],[[568431,18.152729,49.546979,1],1.02],[[568473,18.103114,49.613357,2],2.93],[[568546,17.989756,49.63387,2],1.15],[[568554,18.076024,49.600825,2],2.72],[[568643,18.188284,49.669288,1],1.38],[[568686,18.132574,49.689142,1],0.43],[[568716,18.134051,49.657664,1],0.41],[[568732,18.107297,49.563672,2],2.16],[[568775,18.004007,49.700606,1],0.56],[[569666,17.957475,49.683,1],0.76],[[569755,18.178045,49.684846,1],2.36],[[599191,18.013636,49.594425,4],0.46],[[599212,18.054715,49.66894,2],0.76],[[599247,18.015919,49.756486,3],2.57],[[599344,18.21089,49.548445,4],0.5],[[599352,17.903301,49.712474,3],0.34],[[599409,18.023783,49.53866,2],0.52],[[599468,17.905365,49.61204,2],0.39],[[599506,18.130739,49.754094,2],6.01],[[599565,18.14491,49.59957,4],6.86],[[599603,18.170051,49.563651,2],1.6],[[599689,18.059792,49.536937,3],0.1],[[599701,17.83095,49.662648,3],0.4],[[599743,18.15153,49.707197,2],1.26],[[599808,18.145096,49.641036,3],0.89],[[599832,18.08701,49.657799,2],2.51],[[599867,17.722514,49.704203,1],0.42],[[599905,17.961801,49.576961,3],0.1],[[599921,18.078634,49.723516,3],0.51],[[599930,17.928263,49.65582,3],0.51],[[599948,18.117521,49.591905,3],3.02],[[599956,18.221589,49.570086,2],1.02],[[599964,18.014705,49.792766,1],0.66],[[505927,17.894899,49.94076,5],0.23],[[506214,18.08369,49.951819,3],0.17],[[506320,17.749685,50.015393,2],0.28],[[506451,17.865664,49.791678,2],0.92],[[506460,17.629792,49.79521,3],0.63],[[506753,18.089995,49.899842,3],1.76],[[507016,18.190649,49.896627,4],0.26],[[507261,18.054935,49.882583,2],0.25],[[507270,17.875924,49.871107,3],0.42],[[507334,18.116667,49.986735,2],0.34],[[507580,18.004827,49.93213,3],0.52],[[507971,18.24019,49.89052,3],0.45],[[508144,17.757906,49.850024,1],1.18],[[508373,18.029644,49.904714,2],0.49],[[509574,17.960845,49.991395,2],0.28],[[509612,17.869927,49.916939,2],0.2],[[509647,18.193601,49.978666,2],1.46],[[509736,17.998005,49.849271,2],0.46],[[509841,17.943349,49.89297,2],0.28],[[510131,17.910595,49.818845,2],0.37],[[510289,17.836519,49.9219,2],0.16],[[510343,17.805574,49.937181,2],0.19],[[510432,18.270274,49.926122,2],0.21],[[510483,18.037518,49.95748,3],0.13],[[510491,18.012559,49.914966,2],2.38],[[510891,17.728896,49.975025,2],0.52],[[510939,17.973904,49.936189,2],0.19],[[511021,17.749517,49.774549,3],5.98],[[512745,18.02101,49.814189,1],0.38],[[512923,17.967589,49.959517,2],0.53],[[512974,18.144995,49.972429,1],0.58],[[547131,17.667329,49.793607,1],1.79],[[553093,17.727963,49.924487,1],0.65],[[553158,17.809969,49.992379,1],0.3],[[555321,17.894899,49.94076,0],0.23],[[555355,17.894899,49.94076,2],0.57],[[555371,17.894899,49.94076,2],0.61],[[555461,17.894899,49.94076,1],1.5],[[568180,17.683296,49.831881,0],13.56],[[568210,18.23942,49.94654,3],0.17],[[568228,18.222234,49.936016,2],0.53],[[568244,18.190598,49.945634,2],0.67],[[568261,18.039719,49.861418,1],0.36],[[568376,18.071507,50.015707,1],0.78],[[569097,17.720204,49.857852,0],2.38],[[569895,18.141029,49.880434,1],0.35],[[569950,17.702213,49.782431,1],6],[[570036,17.820558,49.780606,1],0.79],[[500291,18.125802,49.824282,3],0.3],[[506711,18.092517,49.842458,2],1.01],[[510882,18.093414,49.863692,2],0.14],[[545911,18.262624,49.821023,5],0.39],[[546046,18.262624,49.821023,4],0.2],[[546135,18.262624,49.821023,6],0.26],[[546224,18.262624,49.821023,5],0.27],[[554049,18.089056,49.78965,1],0.4],[[554219,18.262624,49.821023,2],0.38],[[554227,18.262624,49.821023,3],0.09],[[554235,18.262624,49.821023,3],0.34],[[554243,18.262624,49.821023,2],0.18],[[554286,18.262624,49.821023,4],0.14],[[554308,18.262624,49.821023,3],0.43],[[554332,18.262624,49.821023,2],0.16],[[554375,18.262624,49.821023,2],0.44],[[554430,18.262624,49.821023,3],0.51],[[554537,18.262624,49.821023,3],0.27],[[554561,18.262624,49.821023,3],0.39],[[554570,18.262624,49.821023,2],0.74],[[554588,18.262624,49.821023,3],0.12],[[554669,18.262624,49.821023,3],0.08],[[554685,18.262624,49.821023,3],0.12],[[554715,18.262624,49.821023,2],0.89],[[554821,18.262624,49.821023,6],0.27],[[568449,18.075576,49.805441,1],0.44],[[569119,18.080797,49.829577,1],1.51],[[569500,18.068485,49.853142,1],0.68],[[598739,18.193435,49.727472,3],0.21],[[598798,18.376174,49.793249,3],0.3],[[598836,18.372312,49.755403,2],0.13],[[598879,18.310255,49.77005,3],0.33],[[599549,18.125961,49.788191,3],0.5]],"districts":[["CZ0801",0.98],["CZ0802",0.27],["CZ0803",0.26],["CZ0804",1.81],["CZ0805",0.43],["CZ0806",0.29]],"regions":[["CZ080",0.56]]}