{"reg":1474,"towns":[[[553425,12.931243,49.439803,4],7.59],[[553433,12.862893,49.398761,1],3.39],[[553441,12.717718,49.591261,2],1.53],[[553450,12.989366,49.500115,2],2.89],[[553506,12.995414,49.586461,0],6.25],[[553514,13.116707,49.531701,1],7.95],[[553549,12.858904,49.369488,1],3.92],[[553557,12.786498,49.446373,1],9.49],[[553581,12.872799,49.455812,1],11.33],[[553620,13.074684,49.53414,1],2.35],[[553654,13.101403,49.593721,3],1.12],[[553671,12.944527,49.530286,3],4.15],[[553689,12.771578,49.559821,2],2.8],[[553727,13.13077,49.467282,0],10.81],[[553735,12.830346,49.418088,1],2.99],[[553743,13.083271,49.358456,1],9.52],[[553751,12.956921,49.453663,1],16.67],[[553778,13.145358,49.474432,0],4.17],[[553786,13.040638,49.390348,3],4.42],[[553794,12.814835,49.434948,2],4.99],[[553816,13.108876,49.486895,1],5.8],[[553824,13.002193,49.402659,2],7.87],[[553841,13.073059,49.590322,1],3.79],[[553859,13.13447,49.366295,0],15.38],[[553867,13.112222,49.367168,0],5.77],[[553891,12.897685,49.458913,1],20.69],[[553913,12.880927,49.505676,2],1.66],[[553930,12.905124,49.624867,0],12.9],[[553948,12.980829,49.467066,1],17.16],[[553981,12.951311,49.403252,2],15.67],[[553999,12.74467,49.544857,1],2.38],[[554006,12.720642,49.436663,1],3.23],[[554022,13.064248,49.597691,0],5.08],[[554031,12.933341,49.420508,0],18.29],[[554057,12.805087,49.477383,0],3.28],[[554073,13.047035,49.513274,1],2.98],[[554081,12.893516,49.395458,0],10.45],[[554090,12.831288,49.398684,0],6.67],[[554111,12.802721,49.510406,2],6.07],[[554120,13.133597,49.343523,1],7.14],[[554138,12.806891,49.458386,2],15.19],[[554154,13.019504,49.553725,1],3.66],[[554189,12.676863,49.512872,0],2.44],[[554251,12.987415,49.414624,0],15.38],[[554260,13.118703,49.508409,1],1.48],[[554278,12.868429,49.536976,1],2.02],[[554294,13.06931,49.553835,3],3.6],[[554316,12.913028,49.414854,0],22.92],[[554341,12.929095,49.40364,1],12.94],[[554359,12.845635,49.420341,1],1.35],[[554383,12.869668,49.435642,1],14.18],[[554391,13.118705,49.462139,0],2.5],[[554456,12.983339,49.340829,1],0.92],[[554464,13.002035,49.434161,1],9.21],[[554472,12.854517,49.461029,0],11.11],[[566071,13.042559,49.603515,0],7.89],[[566098,12.99704,49.615661,0],10.42],[[566101,13.048969,49.585019,0],2.56],[[566136,13.04969,49.382698,1],1.45],[[566144,13.072809,49.475118,0],1.39],[[566179,13.051832,49.464875,0],7.84],[[566250,12.80529,49.488639,0],3.45],[[566276,12.739958,49.518986,0],14.29],[[566331,12.771387,49.505677,0],5.88],[[566365,13.131214,49.527617,1],2.35],[[566373,12.914379,49.389227,0],3.13],[[566641,13.113875,49.52085,0],5.26],[[599166,13.077609,49.425183,0],2.04],[[599182,12.83793,49.470477,0],2.78],[[530085,13.661427,49.222588,0],4.35],[[530123,13.561152,49.261401,0],2.38],[[541788,13.176854,49.425079,1],4.48],[[541796,13.6748,49.28948,0],2.5],[[541826,13.694293,49.266995,0],13.64],[[541842,13.160291,49.344879,0],4.69],[[541851,13.233291,49.333543,0],6.06],[[541869,13.247541,49.325542,0],2.78],[[541923,13.61746,49.348864,0],1.79],[[541958,13.627031,49.400933,0],1.16],[[542024,13.425893,49.34251,0],2.99],[[542172,13.294553,49.501992,0],1.25],[[553522,13.511527,49.335115,0],7.14],[[553531,13.13013,49.422778,1],4.3],[[555771,13.295194,49.395655,4],2.85],[[555797,13.312677,49.301709,1],7.79],[[555801,13.297971,49.3795,1],2.24],[[555835,13.361712,49.410002,1],8.37],[[555894,13.58477,49.283469,1],2.91],[[555941,13.302687,49.265538,1],6],[[556041,13.171052,49.27441,1],4.08],[[556068,13.16645,49.365855,1],4.96],[[556076,13.50936,49.196383,1],3.1],[[556084,13.378047,49.10524,0],1.56],[[556106,13.248222,49.443368,1],2.88],[[556181,13.454657,49.169587,2],7.98],[[556203,13.395157,49.237952,1],14.18],[[556254,13.701106,49.320794,3],4.98],[[556301,13.498603,49.261381,2],10.36],[[556319,13.596547,49.323206,1],10.14],[[556335,13.717463,49.405001,1],6.81],[[556343,13.360983,49.320001,0],4],[[556378,13.17397,49.466785,1],5.98],[[556386,13.100904,49.29315,1],1.73],[[556394,13.218239,49.345257,2],3.54],[[556432,13.556264,49.143,2],3.94],[[556467,13.439106,49.299057,2],2.41],[[556505,13.200398,49.502807,0],1.96],[[556629,13.652357,49.330621,1],9.47],[[556637,13.402993,49.480195,2],2.91],[[556718,13.357005,49.360477,2],1.46],[[556726,13.454904,49.275464,0],1.47],[[556734,13.572532,49.414314,1],5.51],[[556751,13.546557,49.331486,2],3.99],[[556815,13.612383,49.172674,1],1.2],[[556831,13.143639,49.293979,3],2.28],[[556912,13.632835,49.373007,1],1.09],[[556921,13.440898,49.218758,1],7.85],[[556955,13.471166,49.390036,2],3.42],[[557005,13.354485,49.447575,1],2.75],[[557013,13.617715,49.280848,1],10],[[557021,13.515272,49.14064,1],3.8],[[557099,13.684205,49.207905,1],20.91],[[557111,13.480548,49.087292,0],3.9],[[557129,13.640501,49.179345,1],2],[[557137,13.246341,49.30337,2],3.84],[[557153,13.520509,49.231776,4],4.31],[[557161,13.739694,49.371445,1],5.3],[[557200,13.284281,49.481466,2],3.92],[[557366,13.389852,49.265299,1],13.75],[[557374,13.668052,49.299235,1],6.25],[[557382,13.701518,49.365032,1],2.44],[[557455,13.29636,49.345613,1],0.6],[[557463,13.49054,49.337465,1],6.67],[[557528,13.235305,49.137543,2],5.63],[[557536,13.631095,49.215645,1],7.24],[[557544,13.627949,49.267334,1],5.39],[[566055,13.271216,49.525544,1],0.96],[[566683,13.607113,49.224775,0],7.41],[[578070,13.267633,49.371502,0],4.26],[[578088,13.230256,49.518156,0],2.78],[[578223,13.556463,49.410858,0],11.11],[[578240,13.160547,49.215418,0],15.15],[[578312,13.515763,49.381199,0],5.45],[[578410,13.653942,49.393065,0],5.26],[[578436,13.744269,49.38787,0],2.33],[[578461,13.254671,49.488506,0],13.79],[[578495,13.605991,49.253746,0],1.69],[[578517,13.662108,49.250731,0],4.76],[[578525,13.707375,49.249661,0],6.12],[[578533,13.675029,49.262507,0],3.7],[[539741,13.426875,49.649772,1],2.95],[[540561,13.465091,49.730543,1],3.37],[[540641,13.524657,49.715159,1],2],[[545970,13.373737,49.738531,5],4.59],[[545988,13.373737,49.738531,5],5.02],[[546003,13.373737,49.738531,5],5.26],[[546208,13.373737,49.738531,4],4.96],[[553590,13.477167,49.655024,0],2.91],[[554731,13.373737,49.738531,2],4.3],[[554758,13.373737,49.738531,2],7.08],[[554766,13.373737,49.738531,1],9.02],[[554774,13.373737,49.738531,2],5.47],[[554791,13.373737,49.738531,6],5.02],[[557846,13.476053,49.643095,1],7.25],[[557978,13.373737,49.738531,2],6.22],[[558001,13.448442,49.6693,2],2.01],[[558141,13.519727,49.640535,2],2.4],[[558371,13.47361,49.697786,3],4.49],[[558427,13.504047,49.675659,3],1.64],[[558460,13.509931,49.719174,1],3.98],[[558851,13.491611,49.777455,2],4.1],[[558966,13.49369,49.793305,2],4.3],[[559130,13.486312,49.753353,1],4.42],[[559199,13.373737,49.738531,1],4.81],[[578606,13.52891,49.70137,0],2.3],[[530131,13.244478,49.59986,0],1.16],[[530140,13.566047,49.643171,0],2.56],[[530182,13.530832,49.630078,1],6.61],[[539716,13.532756,49.519592,0],3.95],[[539783,13.274335,49.579961,1],1.57],[[539821,13.32708,49.612427,1],3.31],[[539937,13.431498,49.510567,0],1.56],[[539945,13.393513,49.552967,1],2.22],[[540056,13.134702,49.630615,0],7.89],[[540064,13.100966,49.638638,0],2.04],[[540102,13.728163,49.426677,0],9.38],[[540137,13.685301,49.466586,0],4.17],[[540269,13.292789,49.686066,1],3.7],[[540293,13.220352,49.544137,0],3.23],[[540340,13.429246,49.630199,1],1.82],[[540412,13.396669,49.624495,0],3.23],[[540421,13.368061,49.547925,0],8.51],[[540528,13.470115,49.584402,0],4],[[540633,13.154585,49.672114,1],4.48],[[540668,13.062664,49.638318,1],5],[[540676,13.603397,49.519054,0],1.56],[[542156,13.302442,49.525208,0],1.3],[[542296,13.316677,49.531654,0],6.1],[[546372,13.158861,49.537495,0],2.22],[[546399,13.725854,49.622664,0],2.27],[[557587,13.540199,49.582303,3],3.73],[[557641,13.397992,49.648043,1],2.51],[[557650,13.683496,49.540479,1],4.82],[[557668,13.264653,49.60493,1],1.35],[[557676,13.293177,49.654933,3],3.27],[[557684,13.34434,49.602031,1],9.47],[[557722,13.386298,49.531575,1],2.34],[[557731,13.121483,49.635159,1],1.16],[[557749,13.756199,49.439432,0],11.36],[[557773,13.479305,49.605305,0],1.19],[[557781,13.313337,49.632666,2],2.05],[[557803,13.520152,