{"reg":1475,"towns":[[[553425,12.931243,49.439803,4],11.53],[[553433,12.862893,49.398761,1],15.25],[[553441,12.717718,49.591261,2],30.69],[[553450,12.989366,49.500115,2],14.17],[[553514,13.116707,49.531701,1],9.09],[[553549,12.858904,49.369488,1],12.25],[[553557,12.786498,49.446373,1],10.76],[[553573,12.758259,49.52424,0],13.79],[[553581,12.872799,49.455812,1],14.67],[[553620,13.074684,49.53414,1],9.41],[[553654,13.101403,49.593721,3],14.76],[[553662,13.101163,49.569701,0],14.63],[[553671,12.944527,49.530286,3],11.38],[[553689,12.771578,49.559821,2],11.21],[[553727,13.13077,49.467282,0],13.51],[[553735,12.830346,49.418088,1],10.68],[[553743,13.083271,49.358456,1],19.05],[[553751,12.956921,49.453663,1],13.69],[[553778,13.145358,49.474432,0],20.83],[[553786,13.040638,49.390348,3],11.49],[[553794,12.814835,49.434948,2],12.02],[[553816,13.108876,49.486895,1],8.33],[[553824,13.002193,49.402659,2],14.87],[[553832,13.021618,49.53926,0],8.62],[[553841,13.073059,49.590322,1],39.39],[[553859,13.13447,49.366295,0],26.92],[[553867,13.112222,49.367168,0],15.38],[[553891,12.897685,49.458913,1],8.62],[[553913,12.880927,49.505676,2],9.54],[[553921,13.103952,49.411826,0],8],[[553930,12.905124,49.624867,0],6.45],[[553948,12.980829,49.467066,1],9.31],[[553956,12.881612,49.589255,1],6.06],[[553981,12.951311,49.403252,2],19.66],[[554006,12.720642,49.436663,1],4.84],[[554022,13.064248,49.597691,0],16.95],[[554031,12.933341,49.420508,0],13.41],[[554057,12.805087,49.477383,0],14.75],[[554073,13.047035,49.513274,1],16.67],[[554081,12.893516,49.395458,0],16.42],[[554090,12.831288,49.398684,0],5],[[554111,12.802721,49.510406,2],10.12],[[554120,13.133597,49.343523,1],13.78],[[554138,12.806891,49.458386,2],13.75],[[554154,13.019504,49.553725,1],10.98],[[554189,12.676863,49.512872,0],19.51],[[554251,12.987415,49.414624,0],14.29],[[554260,13.118703,49.508409,1],8.89],[[554278,12.868429,49.536976,1],5.05],[[554294,13.06931,49.553835,3],8.09],[[554316,12.913028,49.414854,0],5.21],[[554341,12.929095,49.40364,1],22.35],[[554359,12.845635,49.420341,1],5.41],[[554383,12.869668,49.435642,1],12.06],[[554391,13.118705,49.462139,0],5],[[554405,13.127071,49.396955,0],7.14],[[554413,12.955437,49.623677,0],46.51],[[554421,12.835622,49.613863,0],14],[[554448,13.105384,49.45098,0],15.38],[[554456,12.983339,49.340829,1],39.63],[[554464,13.002035,49.434161,1],13.82],[[554472,12.854517,49.461029,0],7.41],[[566071,13.042559,49.603515,0],7.89],[[566080,13.021847,49.585171,0],20],[[566098,12.99704,49.615661,0],31.25],[[566101,13.048969,49.585019,0],12.82],[[566136,13.04969,49.382698,1],19.57],[[566144,13.072809,49.475118,0],16.67],[[566179,13.051832,49.464875,0],15.69],[[566209,12.842602,49.486597,0],8.7],[[566276,12.739958,49.518986,0],26.19],[[566292,12.764531,49.49683,0],9.52],[[566331,12.771387,49.505677,0],5.88],[[566365,13.131214,49.527617,1],18.82],[[566373,12.914379,49.389227,0],15.63],[[566641,13.113875,49.52085,0],5.26],[[599131,13.038868,49.366549,0],58.46],[[599166,13.077609,49.425183,0],14.29],[[599174,13.073554,49.518078,0],6.67],[[599182,12.83793,49.470477,0],19.44],[[530085,13.661427,49.222588,0],26.09],[[530123,13.561152,49.261401,0],4.76],[[541745,13.387145,49.406902,0],17.95],[[541753,13.228504,49.491162,0],23.44],[[541788,13.176854,49.425079,1],8.96],[[541796,13.6748,49.28948,0],7.5],[[541826,13.694293,49.266995,0],4.55],[[541842,13.160291,49.344879,0],17.19],[[541851,13.233291,49.333543,0],24.24],[[541869,13.247541,49.325542,0],25],[[541885,13.264018,49.347334,1],7],[[541915,13.378436,49.390514,0],12.07],[[541923,13.61746,49.348864,0],26.79],[[541931,13.642076,49.413124,0],35],[[541958,13.627031,49.400933,0],40.7],[[542024,13.425893,49.34251,0],13.43],[[542059,13.469571,49.432149,0],20],[[542083,13.48178,49.361927,0],4.88],[[542091,13.558075,49.057721,0],10.81],[[542148,13.499417,49.024173,0],11.32],[[542172,13.294553,49.501992,0],13.75],[[551686,13.578261,49.230189,0],19.15],[[553522,13.511527,49.335115,0],11.9],[[553531,13.13013,49.422778,1],6.45],[[555771,13.295194,49.395655,4],8.74],[[555797,13.312677,49.301709,1],7.36],[[555801,13.297971,49.3795,1],12.18],[[555835,13.361712,49.410002,1],15.94],[[555894,13.58477,49.283469,1],12.62],[[555941,13.302687,49.265538,1],6],[[556041,13.171052,49.27441,1],9.69],[[556068,13.16645,49.365855,1],14.05],[[556076,13.50936,49.196383,1],10.47],[[556084,13.378047,49.10524,0],15.63],[[556106,13.248222,49.443368,1],7],[[556181,13.454657,49.169587,2],10.08],[[556203,13.395157,49.237952,1],9.22],[[556254,13.701106,49.320794,3],19.16],[[556301,13.498603,49.261381,2],13.95],[[556319,13.596547,49.323206,1],26.09],[[556335,13.717463,49.405001,1],34.47],[[556343,13.360983,49.320001,0],16],[[556378,13.17397,49.466785,1],11.41],[[556386,13.100904,49.29315,1],9.25],[[556394,13.218239,49.345257,2],10.63],[[556432,13.556264,49.143,2],12.81],[[556467,13.439106,49.299057,2],20.96],[[556505,13.200398,49.502807,0],9.8],[[556629,13.652357,49.330621,1],18.34],[[556637,13.402993,49.480195,2],4.21],[[556718,13.357005,49.360477,2],7.89],[[556726,13.454904,49.275464,0],22.06],[[556734,13.572532,49.414314,1],26.77],[[556751,13.546557,49.331486,2],18.48],[[556815,13.612383,49.172674,1],12.05],[[556831,13.143639,49.293979,3],14.65],[[556912,13.632835,49.373007,1],64.23],[[556921,13.440898,49.218758,1],12.57],[[556955,13.471166,49.390036,2],15.38],[[557005,13.354485,49.447575,1],9.8],[[557013,13.617715,49.280848,1],13.85],[[557021,13.515272,49.14064,1],13.92],[[557099,13.684205,49.207905,1],2.73],[[557111,13.480548,49.087292,0],11.69],[[557129,13.640501,49.179345,1],15],[[557137,13.246341,49.30337,2],8.7],[[557153,13.520509,49.231776,4],8.64],[[557161,13.739694,49.371445,1],26.52],[[557200,13.284281,49.481466,2],13.7],[[557366,13.389852,49.265299,1],12.27],[[557374,13.668052,49.299235,1],9.38],[[557382,13.701518,49.365032,1],29.27],[[557455,13.29636,49.345613,1],12.8],[[557463,13.49054,49.337465,1],16.67],[[557528,13.235305,49.137543,2],11.65],[[557536,13.631095,49.215645,1],9.95],[[557544,13.627949,49.267334,1],19.76],[[566055,13.271216,49.525544,1],12.5],[[566683,13.607113,49.224775,0],9.26],[[578061,13.347004,49.422439,0],15.79],[[578070,13.267633,49.371502,0],19.15],[[578088,13.230256,49.518156,0],13.89],[[578177,13.606717,49.415936,0],15.79],[[578223,13.556463,49.410858,0],16.67],[[578240,13.160547,49.215418,0],3.03],[[578312,13.515763,49.381199,0],25.45],[[578321,13.457818,49.417621,0],10.64],[[578410,13.653942,49.393065,0],52.63],[[578436,13.744269,49.38787,0],23.26],[[578461,13.254671,49.488506,0],24.14],[[578495,13.605991,49.253746,0],6.78],[[578517,13.662108,49.250731,0],23.81],[[578525,13.707375,49.249661,0],2.04],[[578533,13.675029,49.262507,0],1.23],[[539741,13.426875,49.649772,1],35.44],[[540561,13.465091,49.730543,1],17.98],[[540641,13.524657,49.715159,1],11],[[545970,13.373737,49.738531,5],16.74],[[545988,13.373737,49.738531,5],16.27],[[546003,13.373737,49.738531,5],15.91],[[546208,13.373737,49.738531,4],14.78],[[553590,13.477167,49.655024,0],9.71],[[554731,13.373737,49.738531,2],17.05],[[554758,13.373737,49.738531,2],15.33],[[554766,13.373737,49.738531,1],12.37],[[554774,13.373737,49.738531,2],21.23],[[554791,13.373737,49.738531,6],16.15],[[557846,13.476053,49.643095,1],19.93],[[557978,13.373737,49.738531,2],15.89],[[558001,13.448442,49.6693,2],15.66],[[558141,13.519727,49.640535,2],18.95],[[558371,13.47361,49.697786,3],20.71],[[558427,13.504047,49.675659,3],23.3],[[558460,13.509931,49.719174,1],16.48],[[558851,13.491611,49.777455,2],18.77],[[558966,13.49369,49.793305,2],12.29],[[559130,13.486312,49.753353,1],14.42],[[559199,13.373737,49.738531,1],17.95],[[578606,13.52891,49.70137,0],13.79],[[530131,13.244478,49.59986,0],13.95],[[530140,13.566047,49.643171,0],38.46],[[530182,13.530832,49.630078,1],17.36],[[539716,13.532756,49.519592,0],21.05],[[539783,13.274335,49.579961,1],14.96],[[539821,13.32708,49.612427,1],11.26],[[539929,13.417703,49.521194,0],7.14],[[539937,13.431498,49.510567,0],12.5],[[539945,13.393513,49.552967,1],8.89],[[540056,13.134702,