{"reg":1476,"towns":[[[546950,17.475201,49.922008,0],6.25],[[551694,17.35708,49.9298,1],4.6],[[551724,17.477161,49.958602,1],6.32],[[551732,17.441174,49.960503,1],1.57],[[551767,17.432173,50.003657,1],1.65],[[551783,17.43824,49.933456,0],10.81],[[551805,17.6409,49.968984,1],2.17],[[551813,17.625765,49.933251,0],1.72],[[551821,17.178202,49.895592,0],7.23],[[551881,17.700802,50.309757,0],2.94],[[551911,17.236572,49.958482,1],2.52],[[551929,17.389192,50.060911,1],4.44],[[551945,17.377529,50.020519,1],2.22],[[551996,17.342351,50.107531,1],1.92],[[552003,17.548483,50.051137,1],3.66],[[569526,17.542152,49.995792,1],3.9],[[569551,17.5283,50.023575,1],7.89],[[569577,17.497004,50.003161,1],5.94],[[569607,17.687486,50.052449,0],8.89],[[597180,17.463794,49.988277,4],4.04],[[597210,17.629214,50.063603,2],3.35],[[597228,17.371179,49.911767,3],2.02],[[597252,17.401831,49.834288,1],2.27],[[597287,17.32237,49.978038,1],5],[[597317,17.547725,49.833416,2],0.8],[[597325,17.397871,50.193392,1],6.9],[[597341,17.486079,50.156849,1],5.81],[[597350,17.60273,49.966918,2],2.64],[[597368,17.211221,49.908546,1],1.27],[[597392,17.599627,50.111701,1],2.4],[[597431,17.481294,50.244949,1],1.27],[[597449,17.519131,50.251932,2],1.98],[[597457,17.277651,49.854028,1],5.56],[[597473,17.30696,50.073193,0],3.03],[[597481,17.445738,50.105736,1],3.91],[[597511,17.546206,50.091869,1],5.8],[[597520,17.703168,50.090683,4],3.07],[[597538,17.51114,49.850911,1],1.41],[[597546,17.574652,49.905954,1],2],[[597554,17.62651,50.007958,2],1],[[597571,17.605521,50.222367,1],3.39],[[597589,17.415174,49.871099,1],0.8],[[597601,17.311666,50.021157,1],5.41],[[597635,17.574913,50.163036,3],2.17],[[597716,17.715337,50.275267,2],2.55],[[597741,17.513637,49.896091,0],5],[[597775,17.734323,50.209884,0],2.33],[[597783,17.271873,49.931927,3],5.82],[[597791,17.358331,49.875695,1],1.52],[[597872,17.399982,50.046192,2],3.98],[[597881,17.674365,49.946147,1],1.03],[[597899,17.480203,50.063922,1],6.43],[[597911,17.57542,50.20503,1],0.78],[[597937,17.744838,50.047254,1],1.85],[[597945,17.371834,49.979799,1],3.19],[[597961,17.383262,50.121048,3],2.06],[[597970,17.590344,50.26149,1],6.1],[[597988,17.593061,50.034227,2],3.91],[[507091,18.756984,49.656185,2],5.08],[[507181,18.361716,49.613573,2],13.02],[[507237,18.527882,49.658204,2],2.97],[[507423,18.406126,49.621505,2],12.39],[[507547,18.719541,49.585749,2],4.84],[[511633,18.738514,49.569174,1],3.85],[[511935,18.821553,49.556686,2],18.82],[[511951,18.706198,49.547928,1],1.72],[[511986,18.637844,49.527977,1],6.17],[[512028,18.80242,49.55934,2],3.19],[[512176,18.737315,49.616708,2],16.84],[[512184,18.339222,49.606756,2],6.03],[[512192,18.461438,49.694745,1],6.62],[[549665,18.472974,49.619845,2],2.57],[[549673,18.481485,49.582088,1],8.47],[[552488,18.468124,49.68244,1],2.21],[[552500,18.434339,49.704374,1],2.9],[[552518,18.426436,49.660825,2],1.63],[[552526,18.433859,49.648584,1],6.19],[[552542,18.492374,49.660491,2],4.29],[[552551,18.363604,49.670019,2],2.55],[[552569,18.272916,49.686041,2],2.83],[[552577,18.347648,49.564927,1],9.88],[[552593,18.398071,49.579287,1],5.23],[[552607,18.488568,49.684257,1],3.88],[[552615,18.571008,49.700533,1],5.43],[[552623,18.529296,49.712553,2],7.9],[[552631,18.505428,49.692472,1],16.67],[[552640,18.571511,49.641202,1],1.09],[[552658,18.571876,49.660869,1],2.39],[[552674,18.569214,49.67941,2],3.68],[[552682,18.457023,49.635907,1],2.73],[[552691,18.304316,49.708875,1],5.21],[[554014,18.759182,49.5873,3],3.97],[[554928,18.713186,49.666714,3],2.5],[[556971,18.61356,49.705458,2],3.31],[[557226,18.787469,49.57477,2],5.11],[[568163,18.442932,49.738583,1],7.14],[[568791,18.4663,49.724989,1],8.62],[[568813,18.48628,49.608863,1],2.09],[[568830,18.317179,49.733473,2],4.55],[[569631,18.327726,49.689354,2],3.53],[[598003,18.367422,49.682031,5],3.47],[[598011,18.372443,49.645943,3],3.37],[[598020,18.453037,49.442171,1],2.13],[[598038,18.222205,49.700196,3],3.45],[[598046,18.409749,49.717092,1],9.02],[[598062,18.720488,49.63667,3],4.35],[[598071,18.337697,49.548829,3],4.76],[[598089,18.414037,49.673927,3],3.65],[[598101,18.481063,49.712825,2],10],[[598135,18.223315,49.666867,2],1.58],[[598143,18.358605,49.591902,3],10.74],[[598160,18.541393,49.682383,2],3.32],[[598232,18.833235,49.520116,1],1.56],[[598259,18.764694,49.576815,3],1.96],[[598275,18.39622,49.744405,1],5.04],[[598321,18.256672,49.590494,3],4.64],[[598348,18.235519,49.729234,2],3.61],[[598356,18.261235,49.550798,2],17.27],[[598364,18.298465,49.597285,1],2.84],[[598399,18.449769,49.716011,2],3.64],[[598445,18.524824,49.596169,2],5.32],[[598453,18.754281,49.527472,3],3.35],[[598542,18.391751,49.535196,2],6.64],[[598551,18.315185,49.63477,3],4.03],[[598569,18.290478,49.731885,3],3.75],[[598674,18.368797,49.71846,2],3.85],[[598691,18.221998,49.623907,2],4.48],[[598747,18.44589,49.472486,1],1.91],[[598810,18.67089,49.677731,5],2.91],[[552739,18.481997,49.797901,3],22.26],[[555088,18.430725,49.780492,5],4.43],[[555291,18.569232,49.768592,2],2.71],[[568864,18.480287,49.858829,2],12.02],[[598178,18.436881,49.749749,2],13.75],[[598917,18.543319,49.856752,5],2.44],[[598925,18.524545,49.786552,3],9.69],[[598933,18.623896,49.747144,4],3.23],[[598941,18.460901,49.894214,3],4.25],[[598968,18.428262,49.898856,3],5.87],[[599051,18.357074,49.904426,4],1.96],[[599069,18.425108,49.870238,5],5.86],[[599077,18.547898,49.895965,3],2.67],[[599085,18.389513,49.831096,3],2.25],[[599107,18.376369,49.86635,3],2.91],[[599140,18.525286,49.817011,2],4.25],[[599158,18.48302,49.752419,3],14.59],[[500046,18.077075,49.626557,2],3.73],[[500259,18.114362,49.539264,2],4.32],[[546984,18.001712,49.73417,1],3.8],[[547000,18.047353,49.557223,1],2.58],[[554065,17.787781,49.695138,1],3.16],[[554171,18.003387,49.604647,2],9.35],[[554910,17.866773,49.628789,1],5.85],[[554936,18.047592,49.800422,1],1.4],[[555312,17.972636,49.703412,1],0.93],[[556858,18.082863,49.757218,1],2.97],[[568406,17.979978,49.790806,1],5.83],[[568422,18.044045,49.750537,2],4.81],[[568431,18.152729,49.546979,1],3.06],[[568473,18.103114,49.613357,2],3.73],[[568481,17.947885,49.610207,1],8.15],[[568511,17.997408,49.534363,1],4.02],[[568546,17.989756,49.63387,2],7.57],[[568554,18.076024,49.600825,2],6.58],[[568562,17.805443,49.713775,1],1.87],[[568571,17.768413,49.707069,0],2.56],[[568589,17.880249,49.637559,1],3.65],[[568643,18.188284,49.669288,1],2.29],[[568686,18.132574,49.689142,1],1.73],[[568716,18.134051,49.657664,1],7.44],[[568732,18.107297,49.563672,2],2.52],[[568741,18.095627,49.70179,1],2.33],[[568775,18.004007,49.700606,1],2.81],[[569666,17.957475,49.683,1],3.82],[[569747,17.871191,49.75108,0],1.28],[[569755,18.178045,49.684846,1],5.91],[[599191,18.013636,49.594425,4],10.33],[[599212,18.054715,49.66894,2],4.8],[[599247,18.015919,49.756486,3],2.81],[[599344,18.21089,49.548445,4],4.28],[[599352,17.903301,49.712474,3],3.36],[[599409,18.023783,49.53866,2],10.49],[[599468,17.905365,49.61204,2],6.03],[[599506,18.130739,49.754094,2],0.33],[[599565,18.14491,49.59957,4],3.82],[[599603,18.170051,49.563651,2],1.4],[[599646,17.706584,49.688754,1],3.88],[[599689,18.059792,49.536937,3],1.23],[[599701,17.83095,49.662648,3],3.41],[[599743,18.15153,49.707197,2],5.03],[[599808,18.145096,49.641036,3],3.89],[[599832,18.08701,49.657799,2],4.27],[[599867,17.722514,49.704203,1],4.66],[[599905,17.961801,49.576961,3],6.6],[[599921,18.078634,49.723516,3],3.47],[[599930,17.928263,49.65582,3],4.62],[[599948,18.117521,49.591905,3],9.58],[[599956,18.221589,49.570086,2],5.26],[[599964,18.014705,49.792766,1],3.96],[[599999,18.238113,49.520494,3],5.18],[[505927,17.894899,49.94076,5],4.07],[[506192,18.128764,49.942415,2],3.49],[[506214,18.08369,49.951819,3],2.55],[[506320,17.749685,50.015393,2],2.27],[[506451,17.865664,49.791678,2],3.66],[[506460,17.629792,49.79521,3],0.79],[[506702,18.101406,49.923215,3],1.91],[[506753,18.089995,49.899842,3],3.27],[[507016,18.190649,49.896627,4],7.7],[[507105,18.008393,50.00309,2],4.92],[[507113,17.808573,49.998525,2],1.21],[[507261,18.054935,49.882583,2],