{"reg":55,"towns":[[[553425,12.931243,49.439803,4],0.16],[[553433,12.862893,49.398761,1],0.85],[[553441,12.717718,49.591261,2],0.51],[[553514,13.116707,49.531701,1],3.41],[[553549,12.858904,49.369488,1],0.49],[[553573,12.758259,49.52424,0],3.45],[[553654,13.101403,49.593721,3],0.24],[[553671,12.944527,49.530286,3],0.25],[[553689,12.771578,49.559821,2],0.47],[[553735,12.830346,49.418088,1],0.43],[[553743,13.083271,49.358456,1],0.68],[[553751,12.956921,49.453663,1],0.6],[[553778,13.145358,49.474432,0],4.17],[[553786,13.040638,49.390348,3],0.19],[[553824,13.002193,49.402659,2],0.58],[[553891,12.897685,49.458913,1],0.57],[[553999,12.74467,49.544857,1],2.38],[[554138,12.806891,49.458386,2],0.29],[[554391,13.118705,49.462139,0],2.5],[[554405,13.127071,49.396955,0],7.14],[[554456,12.983339,49.340829,1],1.38],[[599166,13.077609,49.425183,0],2.04],[[541745,13.387145,49.406902,0],2.56],[[541885,13.264018,49.347334,1],1],[[541958,13.627031,49.400933,0],1.16],[[542148,13.499417,49.024173,0],1.89],[[542172,13.294553,49.501992,0],3.75],[[551686,13.578261,49.230189,0],6.38],[[553522,13.511527,49.335115,0],2.38],[[555771,13.295194,49.395655,4],0.24],[[555941,13.302687,49.265538,1],0.67],[[556041,13.171052,49.27441,1],0.51],[[556068,13.16645,49.365855,1],0.83],[[556076,13.50936,49.196383,1],0.78],[[556106,13.248222,49.443368,1],0.82],[[556181,13.454657,49.169587,2],0.42],[[556254,13.701106,49.320794,3],0.39],[[556301,13.498603,49.261381,2],0.63],[[556319,13.596547,49.323206,1],1.45],[[556378,13.17397,49.466785,1],1.09],[[556394,13.218239,49.345257,2],0.56],[[556505,13.200398,49.502807,0],1.96],[[556637,13.402993,49.480195,2],0.32],[[556831,13.143639,49.293979,3],0.28],[[556912,13.632835,49.373007,1],0.73],[[556955,13.471166,49.390036,2],0.21],[[557013,13.617715,49.280848,1],0.77],[[557021,13.515272,49.14064,1],1.27],[[557111,13.480548,49.087292,0],1.3],[[557129,13.640501,49.179345,1],1],[[557137,13.246341,49.30337,2],0.26],[[557153,13.520509,49.231776,4],0.23],[[557200,13.284281,49.481466,2],0.49],[[557366,13.389852,49.265299,1],0.37],[[557544,13.627949,49.267334,1],0.6],[[578088,13.230256,49.518156,0],2.78],[[578525,13.707375,49.249661,0],2.04],[[539741,13.426875,49.649772,1],0.42],[[540641,13.524657,49.715159,1],1],[[545970,13.373737,49.738531,5],0.29],[[545988,13.373737,49.738531,5],0.46],[[546003,13.373737,49.738531,5],0.4],[[546208,13.373737,49.738531,4],0.3],[[554731,13.373737,49.738531,2],1.23],[[554758,13.373737,49.738531,2],0.52],[[554766,13.373737,49.738531,1],0.26],[[554774,13.373737,49.738531,2],0.57],[[554791,13.373737,49.738531,6],0.38],[[557978,13.373737,49.738531,2],0.17],[[558001,13.448442,49.6693,2],0.45],[[558371,13.47361,49.697786,3],0.63],[[558427,13.504047,49.675659,3],0.33],[[558851,13.491611,49.777455,2],1.19],[[558966,13.49369,49.793305,2],0.31],[[559130,13.486312,49.753353,1],0.47],[[530131,13.244478,49.59986,0],1.16],[[530140,13.566047,49.643171,0],1.28],[[530182,13.530832,49.630078,1],1.65],[[539783,13.274335,49.579961,1],0.79],[[540463,13.223973,49.533675,0],9.09],[[540668,13.062664,49.638318,1],3.33],[[540676,13.603397,49.519054,0],1.56],[[542156,13.302442,49.525208,0],2.6],[[542296,13.316677,49.531654,0],2.44],[[546372,13.158861,49.537495,0],1.11],[[557587,13.540199,49.582303,3],0.47],[[557641,13.397992,49.648043,1],0.84],[[557650,13.683496,49.540479,1],0.44],[[557676,13.293177,49.654933,3],0.46],[[557684,13.34434,49.602031,1],0.3],[[557862,13.740706,49.462805,2],0.23],[[557871,13.365703,49.493815,1],1.08],[[557951,13.455391,49.540003,1],0.47],[[558044,13.198008,49.560538,2],0.32],[[558052,13.605014,49.469232,1],2.05],[[558061,13.735393,49.506411,1],0.46],[[558109,13.582361,49.48627,3],0.1],[[558125,13.515683,49.441098,1],0.83],[[558249,13.333607,49.573091,3],0.48],[[558257,13.33946,49.562138,2],0.27],[[558290,13.249019,49.538655,1],7.96],[[558362,13.605669,49.613815,3],0.12],[[558389,13.164846,49.639199,3],0.11],[[558435,13.399739,49.670623,2],0.14],[[558591,13.186446,49.578482,1],0.96],[[558605,13.572958,49.551092,1],1.26],[[558630,13.489551,49.483512,1],1.3],[[578541,13.507696,49.521192,0],2.47],[[558711,13.253217,49.80007,1],0.91],[[558834,13.448829,49.797516,1],0.34],[[558885,13.355689,49.84023,3],0.51],[[558915,13.44157,49.849175,2],0.23],[[558940,13.317774,49.793052,2],0.24],[[559008,13.383058,49.893239,3],0.11],[[559041,13.542516,49.931343,1],0.44],[[559059,13.252214,49.763902,2],0.55],[[559067,13.541176,49.993998,2],0.25],[[559075,13.487584,49.982024,3],0.25],[[559164,13.257039,49.694828,3],0.26],[[559172,13.181206,49.831183,1],0.53],[[559202,13.233304,49.991884,2],0.28],[[559211,13.251189,49.77598,2],0.16],[[559245,13.312306,49.895538,1],0.78],[[559300,13.204705,49.712816,3],0.18],[[559318,13.413718,49.889575,1],0.55],[[559334,13.102822,49.840507,1],0.61],[[559491,13.235453,49.724362,3],0.63],[[559504,13.323963,49.861152,1],1.17],[[559521,13.395104,49.815946,3],0.42],[[559555,13.148283,49.760902,1],0.62],[[559580,13.276386,49.729991,3],0.37],[[559601,13.278711,49.757083,1],0.5],[[559679,13.419093,49.8031,3],0.31],[[559695,13.37513,50.04502,2],0.45],[[566471,13.575531,49.937892,0],1.49],[[567086,13.304241,49.811806,1],4.4],[[578665,13.287978,49.926953,0],1.92],[[540927,13.742166,49.961766,0],6.25],[[541192,13.605743,49.685555,0],4.08],[[559717,13.592993,49.738197,4],0.37],[[559725,13.578439,49.837107,2],0.63],[[559792,13.514367,49.74619,1],0.39],[[559849,13.683207,49.745983,0],1.14],[[559857,13.785491,49.779032,1],2.94],[[559954,13.544351,49.916919,1],3.13],[[559997,13.658174,49.68793,2],0.35],[[560014,13.734722,49.789152,2],0.21],[[560057,13.59104,49.778115,2],0.48],[[560120,13.605812,49.856879,2],0.55],[[560162,13.757656,49.735624,3],0.14],[[560189,13.796268,49.7513,1],2.82],[[560227,13.652523,49.868769,0],2.35],[[560251,13.623155,49.776171,2],0.26],[[579009,13.719185,49.773949,0],1.06],[[579033,13.592325,49.659042,0],1.1],[[541290,12.941751,49.837622,1],1.64],[[541401,12.606805,49.889478,0],2.63],[[560715,12.636292,49.79888,4],0.69],[[560758,12.775276,49.711706,3],0.15],[[560863,12.579508,49.831133,1],0.47],[[560898,12.597568,49.696306,1],1.39],[[560901,12.730254,49.893323,2],0.45],[[560910,12.650047,49.864425,1],0.52],[[560928,12.980021,49.715408,2],0.71],[[561134,12.743897,49.868267,3],0.23],[[561215,13.004203,49.753048,3],0.14],[[523917,17.196677,50.164036,2],0.38],[[525227,16.916515,50.442133,1],1.85],[[536148,17.002821,50.390868,3],0.43],[[536385,17.198147,50.224725,4],0.16],[[540030,17.14055,50.227866,2],0.17],[[540382,17.321655,50.298634,3],0.3],[[541036,17.201256,50.329431,1],1.64],[[541117,17.255253,50.297785,1],0.69],[[541249,17.097722,50.283473,2],0.71],[[541575,17.098814,50.30943,2],0.61],[[553484,17.080738,50.308643,1],1.23],[[597996,17.396122,50.263894,3],0.24],[[500160,17.520135,49.721619,1],0.98],[[500496,17.250979,49.593878,6],0.26],[[500526,17.317289,49.668757,2],0.17],[[500623,16.97518,49.709629,2],0.29],[[500852,17.287037,49.663112,3],0.12],[[500861,16.892988,49.704361,2],0.37],[[500879,17.193626,49.536347,1],0.39],[[501646,17.322508,49.649973,3],0.21],[[501751,17.077119,49.578656,2],0.92],[[501794,17.27734,49.482585,2],0.42],[[501841,17.310944,49.537953,2],0.61],[[502146,17.402638,49.627673,3],0.27],[[502235,17.179642,49.572151,2],1.03],[[502545,17.210806,49.640186,2],0.35],[[503304,17.253626,49.537792,1],0.66],[[503444,17.076255,49.701309,3],0.14],[[503622,16.947383,49.649243,1],0.38],[[503657,17.135827,49.558552,3],0.12],[[503738,17.333246,49.498174,2],0.5],[[504246,17.01963,49.705924,1],1.05],[[504441,17.129794,49.654721,2],0.18],[[505013,17.148305,49.642471,2],0.22],[[505161,17.220518,49.684136,3],0.1],[[505188,17.298995,49.730542,4],0.27],[[505366,17.42708,49.541173,2],0.38],[[505587,17.121542,49.771013,4],0.09],[[505609,17.364082,49.594326,3],0.45],[[505650,17.33766,49.552072,3],0.52],[[547026,17.323754,49.597116,2],0.27],[[547123,17.241052,49.764167,0],1.69],[[552020,17.277495,49.638193,1],0.27],[[552089,17.31912,49.640125,1],0.4],[[552160,17.161923,49.721386,1],0.33],[[552186,17.083808,