{"reg":704,"towns":[[[530395,14.363559,50.80461,0],8.51],[[544647,14.264287,50.820934,1],1.15],[[544701,14.231709,50.848754,0],3.23],[[545538,14.360479,50.715168,0],2.17],[[545678,14.355383,50.775633,1],0.59],[[545708,14.314344,51.019574,1],1.3],[[545791,14.339205,50.684307,0],4.55],[[545856,14.333391,50.747281,1],5.56],[[545899,14.327018,50.725809,1],1.8],[[545929,14.340721,50.762175,1],1.77],[[546330,14.41998,50.818924,1],2.2],[[546348,14.352834,50.820458,1],2.11],[[546453,14.268547,50.810319,0],1.45],[[546496,14.256524,50.794169,1],0.87],[[555193,14.205036,50.696428,1],2.96],[[562335,14.212861,50.772656,5],1.23],[[562343,14.264055,50.837124,1],2.33],[[562351,14.3125,50.741692,3],1.37],[[562394,14.417784,50.797908,3],2.13],[[562408,14.193259,50.714949,1],0.55],[[562432,14.595146,50.879988,2],1.28],[[562441,14.286956,50.982619,2],1.35],[[562483,14.291315,50.726587,1],6.31],[[562505,14.545731,50.881485,1],4.05],[[562521,14.303537,50.789539,1],2.12],[[562530,14.483083,50.863346,2],2.22],[[562556,14.394022,50.852494,1],1.35],[[562564,14.103948,50.760925,3],1.55],[[562572,14.57519,50.874552,1],2.56],[[562581,14.568449,50.993471,3],2.6],[[562611,14.510101,50.913136,3],1.75],[[562645,14.53547,50.812746,1],0.61],[[562700,14.270704,50.741627,1],4],[[562718,14.169817,50.735259,1],2.55],[[562751,14.363794,50.965179,2],1.28],[[562777,14.555255,50.953525,4],5.63],[[562793,14.515148,50.880068,1],3.38],[[562823,14.496283,50.950546,2],13.04],[[562858,14.452699,51.003793,3],1.26],[[562882,14.618348,50.911648,4],1.31],[[562912,14.374393,50.990885,2],1.34],[[562921,14.301255,50.661245,2],2.3],[[562939,14.37384,50.784784,1],4],[[562947,14.335423,50.990647,1],0.67],[[566900,14.293898,50.842265,1],0.66],[[546071,13.364964,50.30526,1],0.91],[[546160,13.478643,50.424293,0],1.23],[[562971,13.410837,50.463598,5],0.91],[[562998,13.358172,50.511799,1],1],[[563013,13.420942,50.40228,2],0.97],[[563021,13.359354,50.447783,1],0.55],[[563056,13.429205,50.430887,1],1.69],[[563072,13.498471,50.387359,1],3.42],[[563099,13.448885,50.500627,4],1.2],[[563102,13.271422,50.376092,4],0.49],[[563111,13.322071,50.577837,0],3.28],[[563129,13.171393,50.384561,4],0.49],[[563137,13.053997,50.438324,2],0.45],[[563188,13.385678,50.315996,0],2.74],[[563200,13.333493,50.446278,1],1.35],[[563218,13.280572,50.262382,1],0.72],[[563242,13.26742,50.447156,1],1.33],[[563269,13.106679,50.362327,1],1.96],[[563277,13.45081,50.480923,1],0.97],[[563285,13.110315,50.381769,2],0.27],[[563323,13.284757,50.298139,2],1.85],[[563331,13.29881,50.35328,1],1.27],[[563340,13.391931,50.44104,2],1.96],[[563358,13.530649,50.471126,1],1.37],[[563382,13.457492,50.440706,2],1.13],[[563404,13.032237,50.492426,3],0.35],[[563463,13.495732,50.488266,1],3.41],[[563498,13.237511,50.466591,1],2.27],[[563501,13.470366,50.520381,2],1.48],[[505528,14.004486,50.483044,1],2.22],[[530506,14.109038,50.553345,0],1.37],[[542407,14.17905,50.543317,1],5.96],[[542423,14.307446,50.360924,1],1.92],[[542491,14.082115,50.543636,0],8.96],[[546721,14.016401,50.450166,0],4.23],[[546771,14.07749,50.558481,0],18.03],[[546780,14.213625,50.559879,1],4.82],[[546810,14.187346,50.583028,0],1.89],[[564567,14.130646,50.53852,4],5.37],[[564575,14.341026,50.416252,2],2.1],[[564591,14.150595,50.493264,3],3.19],[[564613,14.141967,50.481073,1],3.96],[[564621,14.145512,50.453763,2],1.42],[[564648,14.216366,50.360615,1],2.06],[[564656,14.126018,50.404377,2],1.69],[[564672,14.307223,50.374801,1],0.97],[[564699,14.059049,50.445046,0],3.23],[[564711,14.028506,50.484284,2],2.66],[[564729,13.908578,50.438699,1],1.41],[[564737,13.96506,50.465654,0],2.27],[[564745,14.29389,50.437691,1],3.02],[[564753,14.16124,50.454991,1],5.66],[[564770,14.320808,50.525222,1],2.78],[[564818,14.190273,50.424637,1],1.5],[[564842,14.10679,50.572465,1],6.9],[[564851,14.346588,50.358792,1],1.3],[[564877,14.33511,50.488694,2],2.16],[[564893,14.230906,50.462572,1],9.5],[[564923,14.250171,50.47327,1],1.99],[[564940,14.085254,50.439891,1],1.69],[[564966,14.279353,50.552187,0],2.6],[[565016,14.101914,50.480149,1],1.04],[[565024,14.006583,50.43154,1],0.81],[[565032,14.248831,50.392685,1],0.65],[[565067,14.301425,50.405474,1],2.14],[[565075,13.980842,50.394622,1],4.95],[[565083,14.21461,50.522692,2],3.55],[[565091,14.285987,50.448307,1],3.23],[[565105,14.284017,50.613935,0],1.64],[[565113,14.047429,50.525685,1],3.92],[[565121,14.289175,50.568962,2],3.61],[[565148,14.342424,50.392532,1],1.47],[[565156,14.039146,50.566669,1],7.07],[[565164,14.044498,50.406368,3],2.85],[[565211,14.263257,50.621676,1],1.94],[[565229,14.051142,50.515143,3],1.09],[[565245,14.05484,50.534078,1],0.36],[[565296,14.11933,50.526999,0],3.33],[[565300,14.281839,50.36565,1],2.37],[[565318,14.127166,50.362321,2],1.55],[[565342,14.179516,50.447702,1],4],[[565393,14.198588,50.56034,1],3.88],[[565415,13.948396,50.472089,1],3.15],[[565431,14.264579,50.50573,2],1.27],[[565458,14.032075,50.569522,1],4.74],[[565482,14.351181,50.461398,1],1.6],[[565491,14.218727,50.373201,1],2.82],[[565521,14.068389,50.41107,1],0.91],[[565555,14.260565,50.425305,4],1.44],[[565601,14.038155,50.430683,1],2.5],[[565679,14.249643,50.363689,2],1.19],[[565695,14.037519,50.498891,1],2.54],[[565709,14.374322,50.453087,3],1.5],[[565717,14.150658,50.511102,3],2.88],[[565741,14.189878,50.503389,1],1.81],[[565768,13.990159,50.476429,2],1.94],[[565776,13.899372,50.45817,1],2.75],[[565792,14.20553,50.599744,1],2.78],[[565806,14.035645,50.463202,1],1.19],[[565814,14.34769,50.585804,3],2.23],[[565831,14.254008,50.43399,1],0.9],[[565849,13.976864,50.53909,2],1.84],[[565857,14.063884,50.539512,1],6.01],[[565873,13.955542,50.497071,0],1.59],[[565881,14.268153,50.373533,1],0.8],[[565890,14.286605,50.4833,1],1.69],[[565903,14.084782,50.462705,1],5.36],[[565911,14.289857,50.502216,1],1.32],[[565946,14.091474,50.523199,1],3.01],[[565954,14.233166,50.446388,1],3.48],[[565962,14.156757,50.555387,2],2.9],[[530557,13.784625,50.45686,0],5],[[530581,13.494015,50.308851,1],1.47],[[530590,13.513599,50.33349,1],0.73],[[530603,13.604272,50.321307,0],5],[[542571,13.812247,50.332834,2],0.28],[[542580,13.863081,50.373356,1],1.73],[[542628,13.845324,50.361485,2],1.03],[[543012,13.912212,50.286331,0],1.2],[[543128,13.571151,50.349927,1],1.64],[[546011,13.747256,50.320403,1],0.4],[[546429,13.829608,50.408357,0],5.41],[[546861,13.794844,50.370197,2],1.52],[[546879,13.800031,50.312594,1],3.97],[[565971,13.803455,50.354081,4],1.13],[[565997,13.640793,50.37326,1],0.94],[[566004,13.389809,50.097026,1],2.16],[[566021,13.471313,50.217441,1],0.42],[[566063,13.721648,50.401253,1],3.45],[[566152,13.729627,50.234257,1],3.38],[[566187,13.563098,50.277534,1],0.59],[[566195,13.864363,50.291438,1],1.72],[[566217,13.730349,50.288215,1],2.86],[[566233,13.843328,50.335042,1],3.75],[[566241,13.859103,50.39887,1],2.52],[[566284,13.944037,50.403319,1],3.09],[[566306,13.367878,50.254271,1],1.22],[[566314,13.426708,50.174477,2],0.67],[[566322,13.766007,50.375267,2],0.85],[[566349,13.838289,50.452574,1],1.33],[[566403,13.680972,50.300702,1],1.1],[[566438,13.313301,50.132182,2],2.14],[[566454,13.537482,50.26677,2],0.44],[[566527,13.460534,50.19866,1],1.32],[[566535,13.917056,50.295028,1],0.64],[[566551,13.959969,50.342609,2],1.53],[[566560,13.446526,50.127625,1],0.57],[[566578,13.703895,50.250358,1],3.13],[[566586,13.887909,50.371926,1],1.69],[[566616,13.41203,50.229475,3],2.2],[[566624,13.70302,50.359895,3],0.51],[[566713,13.907818,50.350713,1],3.14],[[566721,13.848572,50.308774,1],2.01],[[566829,13.886229,50.315391,1],1.35],[[566853,13.662622,50.28475,1],1.02],[[566934,13.37997,50.180096,2],1.18],[[566951,13.670442,50.394975,1],1.4],[[566977,13.766026,50.299412,1],1.48],[[566985,13.545886,50.327276,4],1.32],[[567019,13.540101,50.367513,1],5.95],[[567027,13.633012,50.501655,5],2.67],[[567043,13.717955,50.449824,2],1.75],[[567060,13.700283,50.543055,2],1.52],[[567108,13.547489,50.70759,0],2.17],[[567141,13.598881,50.450149,1],2],[[567175,13.547284,50.5732,2],0.97],[[567221,13.723088,50.478686,0],2.7],[[567248,13.63312,