{"reg":716,"towns":[[[553425,12.931243,49.439803,4],0.19],[[553441,12.717718,49.591261,2],0.77],[[553450,12.989366,49.500115,2],0.26],[[553549,12.858904,49.369488,1],0.49],[[553654,13.101403,49.593721,3],0.24],[[553671,12.944527,49.530286,3],0.33],[[553689,12.771578,49.559821,2],0.47],[[553727,13.13077,49.467282,0],2.7],[[553743,13.083271,49.358456,1],0.68],[[553786,13.040638,49.390348,3],0.13],[[553794,12.814835,49.434948,2],0.45],[[553816,13.108876,49.486895,1],0.36],[[553824,13.002193,49.402659,2],0.29],[[553891,12.897685,49.458913,1],4.02],[[553913,12.880927,49.505676,2],1.24],[[553930,12.905124,49.624867,0],9.68],[[553999,12.74467,49.544857,1],2.38],[[554073,13.047035,49.513274,1],0.6],[[554111,12.802721,49.510406,2],1.16],[[554120,13.133597,49.343523,1],0.51],[[554260,13.118703,49.508409,1],0.74],[[554278,12.868429,49.536976,1],1.01],[[554294,13.06931,49.553835,3],0.4],[[554456,12.983339,49.340829,1],0.46],[[554464,13.002035,49.434161,1],0.27],[[566136,13.04969,49.382698,1],0.72],[[566161,13.086983,49.443698,0],1.82],[[566373,12.914379,49.389227,0],3.13],[[530085,13.661427,49.222588,0],8.7],[[541745,13.387145,49.406902,0],2.56],[[541915,13.378436,49.390514,0],1.72],[[542172,13.294553,49.501992,0],1.25],[[553531,13.13013,49.422778,1],3.23],[[555771,13.295194,49.395655,4],0.33],[[555801,13.297971,49.3795,1],0.32],[[555835,13.361712,49.410002,1],1.59],[[555894,13.58477,49.283469,1],0.97],[[556076,13.50936,49.196383,1],0.78],[[556084,13.378047,49.10524,0],1.56],[[556106,13.248222,49.443368,1],0.41],[[556254,13.701106,49.320794,3],0.39],[[556301,13.498603,49.261381,2],0.21],[[556378,13.17397,49.466785,1],0.54],[[556386,13.100904,49.29315,1],0.58],[[556394,13.218239,49.345257,2],0.37],[[556432,13.556264,49.143,2],0.25],[[556467,13.439106,49.299057,2],0.72],[[556637,13.402993,49.480195,2],0.32],[[556718,13.357005,49.360477,2],0.58],[[556815,13.612383,49.172674,1],2.41],[[556831,13.143639,49.293979,3],0.57],[[556912,13.632835,49.373007,1],0.36],[[556921,13.440898,49.218758,1],0.52],[[556955,13.471166,49.390036,2],4.49],[[557005,13.354485,49.447575,1],0.39],[[557137,13.246341,49.30337,2],1.02],[[557153,13.520509,49.231776,4],0.23],[[557161,13.739694,49.371445,1],0.76],[[557200,13.284281,49.481466,2],0.49],[[557366,13.389852,49.265299,1],0.37],[[557544,13.627949,49.267334,1],0.6],[[566055,13.271216,49.525544,1],4.81],[[566683,13.607113,49.224775,0],1.85],[[578070,13.267633,49.371502,0],2.13],[[578321,13.457818,49.417621,0],2.13],[[578436,13.744269,49.38787,0],4.65],[[578461,13.254671,49.488506,0],3.45],[[539741,13.426875,49.649772,1],0.84],[[540561,13.465091,49.730543,1],1.12],[[545970,13.373737,49.738531,5],0.87],[[545988,13.373737,49.738531,5],0.7],[[546003,13.373737,49.738531,5],0.73],[[546208,13.373737,49.738531,4],1.03],[[553590,13.477167,49.655024,0],1.94],[[554731,13.373737,49.738531,2],0.46],[[554758,13.373737,49.738531,2],0.13],[[554766,13.373737,49.738531,1],1.03],[[554774,13.373737,49.738531,2],0.66],[[554791,13.373737,49.738531,6],0.8],[[557846,13.476053,49.643095,1],1.09],[[557978,13.373737,49.738531,2],0.52],[[558001,13.448442,49.6693,2],0.22],[[558141,13.519727,49.640535,2],0.22],[[558371,13.47361,49.697786,3],0.74],[[558427,13.504047,49.675659,3],0.98],[[558460,13.509931,49.719174,1],1.7],[[558851,13.491611,49.777455,2],1.02],[[558966,13.49369,49.793305,2],2.61],[[559130,13.486312,49.753353,1],1.63],[[559199,13.373737,49.738531,1],1.28],[[578606,13.52891,49.70137,0],1.15],[[539783,13.274335,49.579961,1],0.79],[[539937,13.431498,49.510567,0],4.69],[[539945,13.393513,49.552967,1],1.11],[[540056,13.134702,49.630615,0],2.63],[[540269,13.292789,49.686066,1],0.93],[[540340,13.429246,49.630199,1],0.91],[[540412,13.396669,49.624495,0],2.15],[[540617,13.164824,49.603604,0],2.78],[[540633,13.154585,49.672114,1],1.49],[[542296,13.316677,49.531654,0],2.44],[[546372,13.158861,49.537495,0],1.11],[[557587,13.540199,49.582303,3],0.23],[[557641,13.397992,49.648043,1],0.42],[[557650,13.683496,49.540479,1],1.32],[[557668,13.264653,49.60493,1],1.8],[[557676,13.293177,49.654933,3],0.57],[[557684,13.34434,49.602031,1],0.3],[[557722,13.386298,49.531575,1],0.78],[[557781,13.313337,49.632666,2],0.17],[[557803,13.520152,49.547648,1],2.27],[[557838,13.202822,49.65419,3],0.69],[[557862,13.740706,49.462805,2],0.69],[[557951,13.455391,49.540003,1],0.93],[[558010,13.608016,49.562286,0],2.63],[[558028,13.315847,49.546752,1],0.45],[[558044,13.198008,49.560538,2],0.32],[[558052,13.605014,49.469232,1],0.68],[[558061,13.735393,49.506411,1],0.46],[[558095,13.62585,49.434661,0],1.41],[[558109,13.582361,49.48627,3],0.4],[[558117,13.430689,49.616473,0],1.43],[[558176,13.683735,49.579685,1],1.57],[[558249,13.333607,49.573091,3],0.29],[[558257,13.33946,49.562138,2],0.55],[[558303,13.4146,49.579972,1],0.65],[[558346,13.239149,49.576294,1],0.91],[[558362,13.605669,49.613815,3],0.36],[[558389,13.164846,49.639199,3],0.22],[[558401,13.458498,49.611889,1],1.68],[[558435,13.399739,49.670623,2],0.68],[[558486,13.382148,49.677894,1],0.8],[[558494,13.119336,49.661704,1],1.75],[[558559,13.618988,49.508064,1],0.9],[[558567,13.249051,49.645645,1],0.57],[[558591,13.186446,49.578482,1],0.96],[[558630,13.489551,49.483512,1],1.73],[[566705,13.690481,49.622087,0],2.22],[[578541,13.507696,49.521192,0],1.23],[[578568,13.654594,49.488923,0],2.13],[[578614,13.62662,49.492585,0],5.41],[[530328,13.103784,49.813006,0],1.89],[[530336,13.389711,49.9338,1],1.09],[[538183,13.126409,49.732444,0],2.33],[[546411,13.213823,49.701479,1],0.83],[[558656,13.059113,49.995118,1],1.57],[[558672,13.156096,49.719824,1],1.16],[[558699,13.302879,49.885275,0],1.52],[[558770,13.468475,49.88466,1],0.82],[[558834,13.448829,49.797516,1],0.68],[[558877,13.264218,49.889081,1],0.43],[[558885,13.355689,49.84023,3],0.51],[[558915,13.44157,49.849175,2],0.7],[[558940,13.317774,49.793052,2],0.71],[[558982,13.474387,49.872569,0],6.35],[[558991,13.512774,49.870714,0],1.82],[[559008,13.383058,49.893239,3],0.88],[[559032,13.474862,49.900611,0],1.64],[[559041,13.542516,49.931343,1],1.76],[[559059,13.252214,49.763902,2],0.82],[[559067,13.541176,49.993998,2],0.25],[[559075,13.487584,49.982024,3],0.68],[[559121,13.237025,49.862066,0],2.86],[[559148,13.328535,49.821738,1],1.16],[[559164,13.257039,49.694828,3],0.52],[[559172,13.181206,49.831183,1],2.63],[[559211,13.251189,49.77598,2],0.64],[[559245,13.312306,49.895538,1],1.55],[[559261,13.164739,49.974944,1],1.7],[[559270,13.263246,49.858193,1],3.45],[[559288,13.274982,49.822935,1],1.02],[[559300,13.204705,49.712816,3],0.42],[[559318,13.413718,49.889575,1],2.75],[[559326,13.042079,49.900238,0],2.22],[[559351,13.390465,49.934598,3],0.33],[[559369,13.17685,49.774084,1],1.16],[[559377,13.121864,49.778992,1],0.68],[[559491,13.235453,49.724362,3],1.16],[[559521,13.395104,49.815946,3],0.48],[[559555,13.148283,49.760902,1],0.62],[[559571,13.00429,49.940181,1],0.88],[[559580,13.276386,49.729991,3],0.37],[[559601,13.278711,49.757083,1],2.25],[[559628,13.229541,49.841781,2],0.7],[[559661,13.225754,49.678509,2],0.92],[[559679,13.419093,49.8031,3],1.4],[[559695,13.37513,50.04502,2],0.23],[[566446,13.290472,49.893909,1],1.37],[[566543,13.219142,49.748125,0],2.99],[[566756,13.235291,49.76964,1],1.32],[[567086,13.304241,49.811806,1],5.49],[[578665,13.287978,49.926953,0],1.92],[[578797,13.302933,49.977911,0],5.17],[[578827,13.211746,49.880856,0],3.77],[[540722,13.512935,49.799216,1],0.87],[[541150,13.618864,49.723772,1],0.36],[[546526,13.698135,49.802297,1],3.74],[[546534,13.794421,49.869348,0],2.53],[[546551,13.56961,49.859837,0],1.3],[[553611,13.56469,49.766543,1],0.56],[[559717,13.592993,49.738197,4],0.34],[[559725,13.578439,49.837107,2],0.31],[[559733,13.596901,49.807642,1],0.92],[[559750,13.534766,49.795629,1],1.34],[[559776,13.686921,49.715763,2],0.6],[[559792,13.514367,49.74619,1],0.39],[[559806,13.643448,49.889578,1],3.57],[[559822,13.65421,49.710027,3],0.31],[[559857,13.785491,49.779032,1],0.59],[[559911,13.539382,49.753546,1],2.35],[[559920,13.631799,49.912977,0],2.5],[[559946,13.581715,49.89004,0],