{"reg":747,"towns":[[[544701,14.231709,50.848754,0],3.23],[[545678,14.355383,50.775633,1],0.59],[[546496,14.256524,50.794169,1],0.43],[[562335,14.212861,50.772656,5],0.22],[[562343,14.264055,50.837124,1],0.78],[[562351,14.3125,50.741692,3],0.11],[[562394,14.417784,50.797908,3],0.16],[[562505,14.545731,50.881485,1],1.8],[[562564,14.103948,50.760925,3],0.44],[[562572,14.57519,50.874552,1],1.03],[[562611,14.510101,50.913136,3],0.11],[[562645,14.53547,50.812746,1],1.22],[[562718,14.169817,50.735259,1],0.43],[[562751,14.363794,50.965179,2],0.64],[[562777,14.555255,50.953525,4],0.21],[[562823,14.496283,50.950546,2],0.72],[[562858,14.452699,51.003793,3],0.18],[[562882,14.618348,50.911648,4],0.6],[[546071,13.364964,50.30526,1],10.91],[[562971,13.410837,50.463598,5],0.37],[[562998,13.358172,50.511799,1],1.5],[[563013,13.420942,50.40228,2],0.65],[[563056,13.429205,50.430887,1],0.42],[[563064,13.251454,50.510328,1],1.61],[[563099,13.448885,50.500627,4],0.37],[[563102,13.271422,50.376092,4],0.28],[[563129,13.171393,50.384561,4],0.23],[[563188,13.385678,50.315996,0],1.37],[[563200,13.333493,50.446278,1],0.67],[[563277,13.45081,50.480923,1],1.45],[[563285,13.110315,50.381769,2],0.27],[[563315,13.136207,50.499571,0],2.13],[[563323,13.284757,50.298139,2],0.37],[[563404,13.032237,50.492426,3],0.17],[[563412,13.37473,50.269771,1],3.49],[[563439,13.312156,50.301078,1],0.67],[[563501,13.470366,50.520381,2],0.74],[[505528,14.004486,50.483044,1],1.48],[[530506,14.109038,50.553345,0],1.37],[[542407,14.17905,50.543317,1],1.32],[[542423,14.307446,50.360924,1],4.81],[[542482,14.32257,50.460172,0],21.15],[[546691,13.969778,50.443126,0],4.88],[[546721,14.016401,50.450166,0],1.41],[[546763,14.253325,50.556722,0],2.86],[[546771,14.07749,50.558481,0],3.28],[[546780,14.213625,50.559879,1],1.2],[[546852,14.243217,50.454495,0],12.22],[[553646,14.162716,50.472956,1],34.57],[[564567,14.130646,50.53852,4],1.3],[[564575,14.341026,50.416252,2],7.51],[[564591,14.150595,50.493264,3],2.49],[[564621,14.145512,50.453763,2],4.26],[[564648,14.216366,50.360615,1],12.37],[[564656,14.126018,50.404377,2],3.04],[[564672,14.307223,50.374801,1],6.8],[[564711,14.028506,50.484284,2],1.78],[[564737,13.96506,50.465654,0],4.55],[[564745,14.29389,50.437691,1],16.58],[[564753,14.16124,50.454991,1],1.89],[[564818,14.190273,50.424637,1],36.84],[[564834,14.028989,50.384155,1],2.67],[[564842,14.10679,50.572465,1],1.72],[[564851,14.346588,50.358792,1],0.43],[[564877,14.33511,50.488694,2],2.38],[[564893,14.230906,50.462572,1],7.82],[[564923,14.250171,50.47327,1],11.94],[[564931,13.993372,50.463209,0],7.32],[[564940,14.085254,50.439891,1],1.69],[[564966,14.279353,50.552187,0],3.9],[[565024,14.006583,50.43154,1],1.63],[[565032,14.248831,50.392685,1],13.64],[[565059,14.333177,50.383135,1],6.58],[[565067,14.301425,50.405474,1],12.82],[[565075,13.980842,50.394622,1],0.99],[[565083,14.21461,50.522692,2],2.54],[[565091,14.285987,50.448307,1],20.43],[[565105,14.284017,50.613935,0],3.28],[[565113,14.047429,50.525685,1],2.94],[[565121,14.289175,50.568962,2],0.3],[[565148,14.342424,50.392532,1],15.44],[[565156,14.039146,50.566669,1],0.51],[[565164,14.044498,50.406368,3],2.43],[[565172,14.229354,50.477022,1],1.27],[[565211,14.263257,50.621676,1],0.49],[[565229,14.051142,50.515143,3],0.76],[[565253,14.152928,50.372805,1],3.92],[[565296,14.11933,50.526999,0],1.67],[[565300,14.281839,50.36565,1],11.24],[[565318,14.127166,50.362321,2],4.26],[[565342,14.179516,50.447702,1],20.8],[[565393,14.198588,50.56034,1],0.78],[[565431,14.264579,50.50573,2],2.23],[[565458,14.032075,50.569522,1],0.95],[[565474,14.193965,50.403615,1],14.29],[[565482,14.351181,50.461398,1],8],[[565491,14.218727,50.373201,1],7.75],[[565521,14.068389,50.41107,1],8.18],[[565547,14.117546,50.45949,0],6.06],[[565555,14.260565,50.425305,4],22.06],[[565598,14.071012,50.478454,1],2.3],[[565610,14.387857,50.503633,1],0.57],[[565679,14.249643,50.363689,2],6.85],[[565695,14.037519,50.498891,1],0.51],[[565709,14.374322,50.453087,3],0.25],[[565717,14.150658,50.511102,3],2.13],[[565741,14.189878,50.503389,1],3.17],[[565768,13.990159,50.476429,2],11.82],[[565776,13.899372,50.45817,1],1.57],[[565792,14.20553,50.599744,1],1.39],[[565806,14.035645,50.463202,1],1.19],[[565814,14.34769,50.585804,3],0.59],[[565831,14.254008,50.43399,1],31.33],[[565849,13.976864,50.53909,2],3.31],[[565857,14.063884,50.539512,1],0.55],[[565865,14.020198,50.510608,1],2.33],[[565873,13.955542,50.497071,0],6.35],[[565881,14.268153,50.373533,1],25.6],[[565890,14.286605,50.4833,1],3.39],[[565903,14.084782,50.462705,1],3.57],[[565938,14.091136,50.413264,1],7.14],[[565946,14.091474,50.523199,1],1.81],[[565954,14.233166,50.446388,1],10.43],[[565962,14.156757,50.555387,2],1.66],[[530581,13.494015,50.308851,1],1.47],[[530590,13.513599,50.33349,1],0.73],[[542571,13.812247,50.332834,2],0.28],[[542628,13.845324,50.361485,2],1.03],[[543012,13.912212,50.286331,0],28.92],[[543128,13.571151,50.349927,1],2.87],[[546011,13.747256,50.320403,1],0.4],[[546178,13.949094,50.298161,0],3.57],[[546861,13.794844,50.370197,2],0.43],[[565971,13.803455,50.354081,4],0.42],[[566012,13.628683,50.40695,0],1.15],[[566021,13.471313,50.217441,1],0.42],[[566187,13.563098,50.277534,1],0.59],[[566195,13.864363,50.291438,1],3.45],[[566233,13.843328,50.335042,1],0.63],[[566241,13.859103,50.39887,1],0.84],[[566284,13.944037,50.403319,1],2.58],[[566306,13.367878,50.254271,1],0.61],[[566322,13.766007,50.375267,2],1.7],[[566349,13.838289,50.452574,1],0.88],[[566357,13.621573,50.293667,1],0.4],[[566403,13.680972,50.300702,1],0.55],[[566438,13.313301,50.132182,2],0.31],[[566454,13.537482,50.26677,2],0.88],[[566501,13.313325,50.218181,1],1.02],[[566527,13.460534,50.19866,1],5.26],[[566535,13.917056,50.295028,1],49.36],[[566551,13.959969,50.342609,2],0.42],[[566560,13.446526,50.127625,1],1.72],[[566578,13.703895,50.250358,1],1.04],[[566586,13.887909,50.371926,1],0.85],[[566616,13.41203,50.229475,3],0.31],[[566624,13.70302,50.359895,3],0.41],[[566667,13.774466,50.253498,1],0.52],[[566721,13.848572,50.308774,1],0.67],[[566829,13.886229,50.315391,1],2.7],[[566853,13.662622,50.28475,1],2.03],[[566896,13.875325,50.353316,1],1.2],[[566918,13.822865,50.265764,0],1.25],[[566951,13.670442,50.394975,1],6.29],[[566977,13.766026,50.299412,1],0.74],[[566985,13.545886,50.327276,4],0.71],[[567019,13.540101,50.367513,1],1.19],[[567027,13.633012,50.501655,5],0.35],[[567051,13.762928,50.449262,0],1.32],[[567175,13.547284,50.5732,2],0.19],[[567256,13.610342,50.598526,4],0.24],[[567302,13.665101,50.574142,1],2.48],[[567311,13.598813,50.62126,3],0.32],[[567337,13.695511,50.505083,2],0.8],[[567345,13.705297,50.499915,1],0.59],[[546909,13.885519,50.528228,0],10.87],[[567442,13.835384,50.644558,5],0.53],[[567451,13.775459,50.548647,4],3.26],[[567469,13.929313,50.579462,1],0.88],[[567477,13.8643,50.628776,2],0.59],[[567485,13.879624,50.589151,1],5.38],[[567507,13.788947,50.681139,3],0.33],[[567515,13.746322,50.603871,3],0.38],[[567523,13.712691,50.630921,2],2.11],[[567531,13.808142,50.587806,2],2.39],[[567558,13.726873,50.659299,2],0.57],[[567566,13.785716,50.517448,2],1.15],[[567582,13.749019,50.628702,1],0.46],[[567612,13.873166,50.560217,1],2.83],[[567621,13.755656,50.655181,3],0.92],[[567639,13.858264,50.684596,4],0.35],[[567647,13.765404,50.618346,1],0.68],[[567655,13.772139,50.585119,1],1.19],[[567698,13.818088,50.480523,1],55.22],[[567710,13.895449,50.650606,2],1.35],[[567728,13.657342,50.720738,0],9.43],[[567752,13.823154,50.656439,2],0.77],[[567761,13.844786,50.587135,1],1.56],[[567779,13.691488,50.622637,3],0.48],[[567787,13.836123,50.667833,3],0.24],[[567809,13.908818,50.603629,1],1.73],[[567833,13.869399,50.660759,1],1.54],[[567841,13.811707,50.576236,2],12.28],[[567868,13.787596,50.605057,2],2.76],[[501298,14.053246,50.661216,4],0.27],[[502081,14.053246,50.661216,4],0.41],[[502316,14.053246,50.661216,4],0.37],[[554804,14.053246,50.661216,5],0.3],[[555223,14.036815,50.731698,1],1.86],[[567892,14.053246,50.661216,5],0.26],[[567931,14.04319,50.597423,1],6.31],