{"reg":769,"towns":[[[538795,12.168117,50.234889,1],0.58],[[539279,12.666767,49.966767,2],0.28],[[539376,12.739122,49.948927,0],47.37],[[539431,12.744072,49.971876,1],3.31],[[554481,12.369964,50.079633,5],0.32],[[554499,12.195113,50.223983,4],0.49],[[554529,12.349781,50.120159,3],0.18],[[554600,12.624853,50.010693,2],0.31],[[554626,12.448928,50.036398,1],0.51],[[554634,12.406065,50.252592,2],0.21],[[554642,12.701298,49.964699,4],0.4],[[554693,12.472085,50.115352,1],0.93],[[554740,12.34681,50.220815,2],0.22],[[554880,12.616745,49.942277,1],0.73],[[506621,13.17119,50.12436,0],3.92],[[537870,12.870986,50.197494,1],0.99],[[537926,12.800046,50.226649,1],0.26],[[538027,12.765442,50.291579,0],1.14],[[538159,12.919811,50.283247,1],0.31],[[554961,12.872062,50.231952,5],0.46],[[555029,13.045282,50.151007,2],0.52],[[555207,13.249179,50.104736,1],0.45],[[555215,12.934767,50.358573,3],0.74],[[555363,12.863613,50.32819,1],1.54],[[555380,12.729474,50.322529,3],0.61],[[555398,12.784334,50.271028,3],0.07],[[555428,12.939183,50.306035,4],0.34],[[555444,12.892407,50.032393,1],0.88],[[555452,12.783825,50.365797,1],0.91],[[555479,12.736597,50.428273,1],1],[[555533,12.897194,50.267226,2],0.2],[[555550,12.874064,50.165217,1],0.57],[[555584,13.051067,50.337331,1],0.69],[[555614,12.976213,50.237016,1],0.47],[[555657,12.985171,50.060604,3],1.95],[[555681,12.954852,50.070847,1],0.57],[[555703,13.009826,50.284179,1],0.52],[[555762,13.163084,50.092028,2],1.58],[[511587,12.579546,50.211627,1],3.17],[[538337,12.786342,50.109287,1],0.45],[[538434,12.625358,50.192341,2],5],[[538591,12.645192,50.164731,2],3.23],[[538663,12.697409,50.276819,0],2.44],[[560286,12.659992,50.174629,4],2.8],[[560294,12.643488,50.145752,3],2.3],[[560308,12.505287,50.374494,1],2.08],[[560316,12.572766,50.166437,2],2.15],[[560324,12.61344,50.162671,1],2.24],[[560359,12.550653,50.183078,3],7.37],[[560367,12.807697,50.138742,3],0.48],[[560375,12.535762,50.149949,1],6.98],[[560383,12.747709,50.23983,4],0.32],[[560413,12.602422,50.28276,1],2.29],[[560421,12.504505,50.14885,1],1.75],[[560456,12.534192,50.216079,1],4.58],[[560464,12.67954,50.19412,1],1.54],[[560472,12.517588,50.323835,3],1.69],[[560499,12.530388,50.119038,3],1.65],[[560502,12.552602,50.128978,1],1.36],[[560537,12.754163,50.186112,3],1.26],[[560545,12.632789,50.211851,2],5.33],[[560570,12.738121,50.206578,3],1.56],[[560588,12.558884,50.251243,2],3.02],[[560600,12.573526,50.29638,3],3.47],[[560642,12.719941,50.181807,1],1.09],[[560685,12.717598,50.233928,2],0.39],[[560707,12.696593,50.259197,1],2.33],[[579360,12.676998,50.182307,0],3.57]],"districts":[["CZ0411",0.4],["CZ0412",0.44],["CZ0413",2.19]],"regions":[["CZ041",0.92]]}