{"reg":770,"towns":[[[504301,15.745503,49.982634,1],2.8],[[504921,15.739289,49.965357,1],3.13],[[504955,15.894469,49.979022,0],1.92],[[505030,15.883877,49.960537,0],2.44],[[530697,15.677746,49.919564,0],5],[[547816,15.957449,49.74259,1],2.2],[[547824,15.761796,49.859518,0],2.22],[[547832,15.760021,49.877003,1],3.88],[[547841,15.621171,49.923275,0],2.38],[[547859,15.926941,49.931755,0],8.82],[[547867,16.127052,49.822412,0],1.85],[[547891,15.745214,49.9279,1],0.82],[[554847,15.95683,49.814666,1],4.44],[[556882,15.768153,49.915662,1],1.63],[[571164,15.795158,49.949824,4],1.92],[[571181,15.595868,49.837134,1],1.33],[[571202,15.704985,49.841414,1],1.08],[[571245,15.733261,49.957375,1],2.82],[[571253,15.839524,49.830355,1],1.25],[[571270,15.937395,49.963804,1],1.28],[[571296,15.777938,49.847036,0],2.04],[[571385,15.665028,49.94717,3],3.12],[[571393,15.907661,49.762231,3],0.22],[[571440,15.923513,49.794858,1],0.77],[[571466,15.916873,49.887322,1],9.55],[[571474,15.744393,49.802435,1],4.61],[[571491,15.910648,49.959563,2],4.19],[[571504,15.990827,49.882632,1],8.57],[[571539,15.934067,49.902149,3],15.59],[[571547,15.991536,49.955625,2],1.47],[[571563,16.03112,49.929644,1],1.36],[[571571,15.975128,49.736024,1],0.63],[[571610,15.855614,49.947276,1],2.07],[[571661,16.026846,49.772498,2],1.44],[[571709,15.958993,49.845309,0],2.5],[[571733,15.741396,49.87195,0],5.36],[[571750,16.023891,49.916576,0],3.7],[[571768,15.839045,49.888935,1],2.44],[[571776,16.028604,49.893513,3],1.78],[[571822,15.605872,49.905062,1],2.44],[[571831,15.884829,49.841358,2],2.81],[[571857,15.724015,49.887468,1],0.88],[[571873,15.709072,49.934791,1],1.6],[[571890,15.886976,49.94387,0],3.23],[[571903,15.628949,49.941391,1],4.64],[[571911,15.804712,49.844597,2],3.55],[[571962,15.839135,49.919409,1],2.64],[[572004,16.079952,49.826885,0],1.11],[[572039,15.536819,49.936237,1],1.22],[[572071,15.628821,49.893895,2],1.47],[[572080,16.11631,49.805994,2],1.21],[[572098,15.957751,49.833121,1],6],[[572101,16.038455,49.831724,1],4.07],[[572110,15.92634,49.938074,0],26.15],[[572152,15.96422,49.796504,1],2.05],[[572161,15.531541,49.888353,2],1.39],[[572179,15.951376,49.922359,2],5.84],[[572217,15.916661,49.922503,1],8.77],[[572225,15.65653,49.847037,2],1.58],[[572241,15.996654,49.843567,3],4.29],[[572268,15.813873,49.921196,3],3.18],[[572276,15.764066,49.933341,1],1.12],[[572314,16.072158,49.89166,0],5.56],[[572322,15.90302,49.738058,1],0.7],[[572331,15.813804,49.890007,1],1.16],[[572349,16.034289,49.72454,1],2.2],[[572381,15.914659,49.824479,1],7.53],[[572390,15.816049,49.786894,1],0.65],[[572403,15.919674,49.932925,0],17.54],[[572411,15.580129,49.869219,3],1.26],[[572420,15.84134,49.978962,1],2.84],[[572446,15.867345,49.979251,1],2.76],[[572454,15.66685,49.889133,0],5.48],[[572462,15.884462,49.817781,1],0.48],[[572471,15.880178,49.971029,1],7.27],[[572497,15.88183,49.749189,1],0.88],[[572501,15.973606,49.788649,1],1.95],[[572527,15.93634,49.713143,0],2.5],[[572535,15.941145,49.856443,1],9.86],[[572543,15.837299,49.747799,0],1.43],[[572578,15.884208,49.910081,2],3.08],[[572641,15.858205,49.873077,1],3.25],[[573787,15.681376,49.963712,1],5.38],[[573817,15.893381,49.868517,0],2.17],[[573876,16.100192,49.828645,1],5.74],[[574104,16.030432,49.972703,0],3.08],[[530794,15.461124,50.032844,0],1.47],[[553719,15.702721,50.039211,1],5.09],[[555096,15.781299,50.034409,3],6],[[555100,15.781299,50.034409,3],4],[[555118,15.781299,50.034409,3],5.65],[[555126,15.781299,50.034409,4],3.81],[[555134,15.781299,50.034409,5],4.92],[[557064,15.781299,50.034409,4],6.77],[[557072,15.781299,50.034409,4],4.79],[[572799,15.898214,50.069473,0],2.35],[[572802,15.538618,50.119436,0],1.89],[[572845,15.889187,50.043622,0],1.85],[[572861,15.65169,50.109618,1],1.2],[[572870,15.805868,50.093029,1],7.59],[[572896,15.671936,50.05613,1],5.1],[[572934,15.746276,50.092124,0],2.94],[[572951,15.738311,50.128935,0],2.99],[[572977,15.725091,49.993164,1],1.45],[[572985,15.734932,49.997348,0],2.47],[[573019,15.580349,49.945993,0],6.67],[[573027,15.5373,49.969347,0],2.5],[[573078,15.647275,50.079868,0],4.26],[[573515,15.827021,50.070734,1],4.38],[[574198,15.822517,50.042269,1],2.7],[[574716,15.781299,50.034409,4],4.24],[[574724,15.68091,49.999411,0],2.15],[[574741,15.644768,50.008869,1],5.83],[[574767,15.67989,50.075702,3],2.85],[[574805,15.577582,50.051994,2],3.55],[[574813,15.823385,50.12496,0],1.35],[[574830,15.625408,50.101131,1],3.03],[[574848,15.911265,50.132532,2],0.99],[[574856,15.773339,50.13312,2],1.96],[[574864,15.717675,49.985238,1],3.05],[[574899,15.912545,50.028543,2],2.36],[[574902,15.691707,50.113474,1],2],[[574911,15.967844,50.029373,2],2.42],[[574929,15.924033,50.077906,1],2.99],[[574953,15.808857,50.105191,1],5.81],[[574961,15.426616,50.075555,1],4.44],[[574988,15.986005,50.06611,3],2.12],[[574996,16.084069,50.049109,2],19.13],[[575011,15.958886,50.076611,2],2.35],[[575020,15.781299,50.034409,1],3.37],[[575046,15.78888,50.103527,0],1.08],[[575054,15.619515,49.987822,2],1.61],[[575062,15.880341,50.083128,1],0.89],[[575071,15.418562,50.034532,3],1.47],[[575089,15.937327,50.109676,1],0.44],[[575097,15.541389,50.128259,0],1.15],[[575101,15.529259,50.007735,1],0.96],[[575119,16.077983,50.012339,0],8.99],[[575135,15.660618,49.981594,0],4.55],[[575143,15.694777,49.980674,1],3.79],[[575178,15.487192,50.057816,1],0.49],[[575232,15.903791,50.009667,1],3.24],[[575305,15.756738,50.153387,1],0.75],[[575313,15.568989,49.98787,1],2.94],[[575372,15.775487,49.989526,2],2.56],[[575399,15.940811,50.00105,2],4.19],[[575429,15.790553,50.145512,3],2.44],[[575437,15.805408,49.993525,2],4.71],[[575445,16.030478,50.044716,1],1.24],[[575461,16.000768,50.097655,1],3.85],[[575500,15.560413,50.039948,3],2.07],[[575518,15.614899,50.072887,0],1.27],[[575534,15.802625,50.07288,1],2.9],[[575551,15.606265,50.106311,1],1.61],[[575569,15.664377,50.127321,1],2.35],[[575577,15.889408,50.104773,1],1.74],[[575593,15.704827,50.060247,2],1.57],[[575607,15.477455,50.03599,2],2.34],[[575615,15.440919,50.050233,0],2.08],[[575640,15.852803,50.066605,3],1.68],[[575658,15.96145,49.992168,1],2.9],[[575666,15.556821,50.093704,1],2.94],[[575682,15.763532,50.084994,2],5.37],[[575704,15.778951,50.065498,2],5.2],[[575712,15.754182,50.000581,1],3.03],[[575721,15.720737,50.124004,1],1.99],[[575739,15.71522,50.001737,1],3.85],[[575755,15.614128,49.956461,0],1.41],[[575763,15.522806,50.087564,1],2.07],[[575771,15.639615,49.976687,1],3.01],[[575780,15.601078,49.965437,1],4.12],[[575828,16.044093,50.000215,0],1.12],[[575844,15.548856,49.952551,1],8.22],[[575879,16.017879,49.992474,1],2.5],[[575887,15.872852,49.988669,1],0.98],[[575909,15.494626,50.102031,0],1.43],[[575917,15.567111,49.974044,0],3.23],[[575925,15.61687,50.029694,1],2.33],[[575933,15.533003,50.10432,0],5.88],[[575941,16.053816,50.071154,1],2.35],[[575968,15.618926,50.011243,1],6.34],[[575984,15.596053,50.085931,1],1.15],[[575992,15.572804,50.117449,1],2.92],[[576000,15.973593,50.109088,1],4.46],[[576018,15.583741,50.102402,1],2.53],[[576026,15.46958,50.013006,1],5.03],[[576042,15.557217,50.105854,0],2.33],[[576051,15.644886,50.062251,1],4.88],[[572233,16.243209,49.894209,0],6.45],[[572250,16.78703,49.662787,0],1.75],[[572357,16.224152,49.807641,1],1.31],[[572365,16.233042,49.803578,1],1.34],[[572691,16.480687,49.71153,2],0.24],[[572713,16.427483,49.782812,1],10.97],[[572721,16.480232,49.805398,1],0.88],[[572730,16.332883,49.773488,0],1.69],[[574325,16.742872,49.762991,0],1.61],[[577731,16.469286,49.755263,4],0.39],[[577774,16.326847,49.854287,1],1.56],[[577839,16.162337,49.741782,2],0.3],[[577863,16.522125,49.627449,2],0.29],[[577910,16.174739,49.801511,1],2.4],[[577928,16.346893,49.628557,2],0.16],[[577936,16.215295,49.898991,1],2.9],[[577944,16.328783,49.827322,1],0.37],[[577987,16.641393,49.700947,1],1.52],[[577995,16.25471,49.82572,2],1.1],[[578053,16.243471,49.920822,0],2.94],[[578134,16.385333,49.840871,1],1.41],[[578142,16.592171,49.671651,0],4.55],[[578185,16.306186,49.661104,2],0.36],[[578193,16.71136,49.632295,3],