{"reg":79,"towns":[[[544701,14.231709,50.848754,0],1.61],[[545538,14.360479,50.715168,0],2.17],[[546330,14.41998,50.818924,1],1.1],[[562335,14.212861,50.772656,5],0.3],[[562343,14.264055,50.837124,1],2.33],[[562351,14.3125,50.741692,3],0.23],[[562394,14.417784,50.797908,3],0.08],[[562408,14.193259,50.714949,1],1.1],[[562564,14.103948,50.760925,3],0.07],[[562581,14.568449,50.993471,3],0.14],[[562645,14.53547,50.812746,1],0.61],[[562777,14.555255,50.953525,4],0.07],[[562858,14.452699,51.003793,3],0.09],[[562882,14.618348,50.911648,4],0.11],[[562912,14.374393,50.990885,2],0.27],[[562971,13.410837,50.463598,5],0.22],[[563056,13.429205,50.430887,1],0.42],[[563064,13.251454,50.510328,1],1.61],[[563099,13.448885,50.500627,4],0.37],[[563102,13.271422,50.376092,4],0.31],[[563129,13.171393,50.384561,4],0.16],[[563188,13.385678,50.315996,0],2.74],[[563200,13.333493,50.446278,1],0.34],[[563218,13.280572,50.262382,1],0.72],[[563269,13.106679,50.362327,1],2.94],[[563277,13.45081,50.480923,1],0.48],[[563323,13.284757,50.298139,2],0.37],[[563358,13.530649,50.471126,1],0.34],[[563404,13.032237,50.492426,3],0.17],[[563501,13.470366,50.520381,2],0.49],[[542521,14.082042,50.536682,0],1.85],[[564567,14.130646,50.53852,4],0.07],[[564656,14.126018,50.404377,2],0.17],[[564851,14.346588,50.358792,1],1.3],[[564940,14.085254,50.439891,1],0.85],[[565024,14.006583,50.43154,1],0.81],[[565164,14.044498,50.406368,3],0.11],[[565229,14.051142,50.515143,3],0.09],[[565342,14.179516,50.447702,1],0.8],[[565431,14.264579,50.50573,2],0.32],[[565555,14.260565,50.425305,4],0.11],[[565717,14.150658,50.511102,3],0.25],[[565814,14.34769,50.585804,3],0.15],[[565849,13.976864,50.53909,2],0.18],[[542628,13.845324,50.361485,2],0.26],[[565971,13.803455,50.354081,4],0.04],[[566021,13.471313,50.217441,1],0.42],[[566128,13.609915,50.230738,0],1.96],[[566233,13.843328,50.335042,1],0.63],[[566284,13.944037,50.403319,1],0.52],[[566314,13.426708,50.174477,2],0.17],[[566349,13.838289,50.452574,1],0.88],[[566381,13.515189,50.254811,1],1.23],[[566454,13.537482,50.26677,2],0.44],[[566527,13.460534,50.19866,1],1.32],[[566551,13.959969,50.342609,2],0.14],[[566624,13.70302,50.359895,3],0.1],[[566667,13.774466,50.253498,1],1.03],[[566870,13.563783,50.402684,1],1.56],[[566985,13.545886,50.327276,4],0.09],[[567027,13.633012,50.501655,5],0.11],[[567221,13.723088,50.478686,0],0.9],[[567264,13.657403,50.593384,3],0.09],[[567272,13.636592,50.587967,1],0.56],[[567361,13.754506,50.465729,0],1.22],[[567442,13.835384,50.644558,5],0.12],[[567451,13.775459,50.548647,4],0.22],[[567469,13.929313,50.579462,1],0.88],[[567477,13.8643,50.628776,2],0.2],[[567507,13.788947,50.681139,3],0.11],[[567558,13.726873,50.659299,2],0.19],[[567639,13.858264,50.684596,4],0.03],[[567710,13.895449,50.650606,2],0.68],[[567752,13.823154,50.656439,2],0.19],[[567787,13.836123,50.667833,3],0.12],[[567809,13.908818,50.603629,1],0.58],[[567841,13.811707,50.576236,2],0.88],[[501298,14.053246,50.661216,4],0.1],[[502081,14.053246,50.661216,4],0.07],[[502316,14.053246,50.661216,4],0.21],[[553697,13.994605,50.642967,3],0.35],[[554804,14.053246,50.661216,5],0.1],[[567892,14.053246,50.661216,5],0.07],[[568015,13.939752,50.699825,3],0.09],[[568058,14.040826,50.75865,2],0.39]],"districts":[["CZ0421",0.19],["CZ0422",0.25],["CZ0423",0.08],["CZ0424",0.1],["CZ0425",0.08],["CZ0426",0.12],["CZ0427",0.1]],"regions":[["CZ042",0.12]]}